Model_A,Model_B,N,Mean_A,Mean_B,t_statistic,p_value,Cohens_d,Significant_p<0.05
CF_ColdStart,CBF,386,0.0445,0.1245,-8.2673,2.24778119902434e-15,-0.4208,✓
CF_ColdStart,NonLocal_Hybrid,386,0.0445,0.1316,-10.1308,1.5366253116169519e-21,-0.5156,✓
CF_ColdStart,Localized_Hybrid,386,0.0445,0.1991,-14.6178,8.353563860126977e-39,-0.744,✓
CBF,NonLocal_Hybrid,386,0.1245,0.1316,-0.9501,0.34267273554410066,-0.0484,✗
CBF,Localized_Hybrid,386,0.1245,0.1991,-7.6785,1.3424099706091408e-13,-0.3908,✓
NonLocal_Hybrid,Localized_Hybrid,386,0.1316,0.1991,-11.1683,2.81301179498317e-25,-0.5685,✓
