Track,Lambda,UserId,Archetype,Precision@10,Precision@10_Ceiling,Recall@10,HR@10,MRR@10,NDCG@10,Language_Diversity,Genre_Diversity,Filter_Bubble_Score,Preference_Escape@10
real,0.0,821,korean,0.1,0.4,0.25,1.0,0.1667,0.1391,4,12,0.7,0.3
real,0.05,821,korean,0.1,0.4,0.25,1.0,0.25,0.1681,3,12,0.8,0.2
real,0.1,821,korean,0.1,0.4,0.25,1.0,0.5,0.2463,2,12,0.9,0.1
real,0.15,821,korean,0.1,0.4,0.25,1.0,0.5,0.2463,2,10,1.0,0.0
real,0.2,821,korean,0.1,0.4,0.25,1.0,0.5,0.2463,3,10,1.0,0.0
real,0.3,821,korean,0.1,0.4,0.25,1.0,1.0,0.3904,3,10,1.0,0.0
real,0.4,821,korean,0.1,0.4,0.25,1.0,1.0,0.3904,3,9,1.0,0.0
real,0.5,821,korean,0.1,0.4,0.25,1.0,1.0,0.3904,2,10,1.0,0.0
real,0.0,1309,hollywood,0.3,1.0,0.25,1.0,1.0,0.3689,1,8,1.0,0.0
real,0.05,1309,hollywood,0.3,1.0,0.25,1.0,1.0,0.3689,1,8,1.0,0.0
real,0.1,1309,hollywood,0.3,1.0,0.25,1.0,1.0,0.3689,1,8,1.0,0.0
real,0.15,1309,hollywood,0.3,1.0,0.25,1.0,1.0,0.3689,1,8,1.0,0.0
real,0.2,1309,hollywood,0.3,1.0,0.25,1.0,1.0,0.3689,1,8,1.0,0.0
real,0.3,1309,hollywood,0.3,1.0,0.25,1.0,1.0,0.3689,1,8,1.0,0.0
real,0.4,1309,hollywood,0.3,1.0,0.25,1.0,1.0,0.3689,1,8,1.0,0.0
real,0.5,1309,hollywood,0.3,1.0,0.25,1.0,1.0,0.3621,1,8,1.0,0.0
real,0.0,1416,hollywood,0.2,1.0,0.1333,1.0,0.3333,0.1884,4,8,0.7,0.3
real,0.05,1416,hollywood,0.2,1.0,0.1333,1.0,0.3333,0.1884,3,8,0.8,0.2
real,0.1,1416,hollywood,0.3,1.0,0.2,1.0,0.3333,0.2547,1,10,1.0,0.0
real,0.15,1416,hollywood,0.3,1.0,0.2,1.0,0.3333,0.2547,1,10,1.0,0.0
real,0.2,1416,hollywood,0.3,1.0,0.2,1.0,0.3333,0.2547,1,10,1.0,0.0
real,0.3,1416,hollywood,0.3,1.0,0.2,1.0,0.3333,0.2547,1,10,1.0,0.0
real,0.4,1416,hollywood,0.3,1.0,0.2,1.0,0.3333,0.2579,1,10,1.0,0.0
real,0.5,1416,hollywood,0.3,1.0,0.2,1.0,0.3333,0.2579,1,10,1.0,0.0
real,0.0,2428,korean,0.4,1.0,0.08,1.0,1.0,0.5271,1,8,1.0,0.0
real,0.05,2428,korean,0.4,1.0,0.08,1.0,1.0,0.5271,1,8,1.0,0.0
real,0.1,2428,korean,0.4,1.0,0.08,1.0,1.0,0.5271,1,8,1.0,0.0
real,0.15,2428,korean,0.4,1.0,0.08,1.0,1.0,0.5271,1,8,1.0,0.0
real,0.2,2428,korean,0.4,1.0,0.08,1.0,1.0,0.5271,2,9,1.0,0.0
real,0.3,2428,korean,0.4,1.0,0.08,1.0,1.0,0.4937,2,8,1.0,0.0
real,0.4,2428,korean,0.4,1.0,0.08,1.0,1.0,0.4729,2,11,1.0,0.0
real,0.5,2428,korean,0.4,1.0,0.08,1.0,0.5,0.3636,2,11,1.0,0.0
real,0.0,3606,hollywood,0.7,1.0,0.0476,1.0,1.0,0.7606,2,10,0.9,0.1
real,0.05,3606,hollywood,0.7,1.0,0.0476,1.0,1.0,0.7695,2,10,0.9,0.1
real,0.1,3606,hollywood,0.8,1.0,0.0544,1.0,1.0,0.8205,1,10,1.0,0.0
real,0.15,3606,hollywood,0.8,1.0,0.0544,1.0,1.0,0.8205,1,10,1.0,0.0
real,0.2,3606,hollywood,0.8,1.0,0.0544,1.0,1.0,0.8205,1,10,1.0,0.0
real,0.3,3606,hollywood,0.8,1.0,0.0544,1.0,1.0,0.8205,1,10,1.0,0.0
real,0.4,3606,hollywood,0.8,1.0,0.0544,1.0,1.0,0.7917,1,10,1.0,0.0
real,0.5,3606,hollywood,0.7,1.0,0.0476,1.0,0.5,0.65,1,11,1.0,0.0
real,0.0,4263,hollywood,0.2,0.5,0.4,1.0,1.0,0.4372,1,7,1.0,0.0
real,0.05,4263,hollywood,0.2,0.5,0.4,1.0,1.0,0.4372,1,7,1.0,0.0
real,0.1,4263,hollywood,0.1,0.5,0.2,1.0,1.0,0.3392,1,7,1.0,0.0
real,0.15,4263,hollywood,0.1,0.5,0.2,1.0,1.0,0.3392,1,7,1.0,0.0
real,0.2,4263,hollywood,0.1,0.5,0.2,1.0,1.0,0.3392,1,8,1.0,0.0
real,0.3,4263,hollywood,0.1,0.5,0.2,1.0,0.25,0.1461,1,8,1.0,0.0
real,0.4,4263,hollywood,0.1,0.5,0.2,1.0,0.1429,0.1131,1,8,1.0,0.0
real,0.5,4263,hollywood,0.0,0.5,0.0,0.0,0.0,0.0,1,8,1.0,0.0
real,0.0,4708,korean,0.0,0.5,0.0,0.0,0.0,0.0,6,6,0.1,0.9
real,0.05,4708,korean,0.0,0.5,0.0,0.0,0.0,0.0,6,6,0.1,0.9
real,0.1,4708,korean,0.1,0.5,0.2,1.0,0.1429,0.1131,5,7,0.2,0.8
real,0.15,4708,korean,0.1,0.5,0.2,1.0,0.25,0.1461,4,7,0.3,0.7
real,0.2,4708,korean,0.2,0.5,0.4,1.0,0.3333,0.2717,4,8,0.5,0.5
real,0.3,4708,korean,0.3,0.5,0.6,1.0,0.5,0.4473,3,10,0.8,0.2
real,0.4,4708,korean,0.3,0.5,0.6,1.0,0.5,0.467,1,10,1.0,0.0
real,0.5,4708,korean,0.3,0.5,0.6,1.0,0.5,0.4731,1,10,1.0,0.0
real,0.0,4946,hollywood,0.0,0.6,0.0,0.0,0.0,0.0,1,10,0.9,0.1
real,0.05,4946,hollywood,0.0,0.6,0.0,0.0,0.0,0.0,2,10,1.0,0.0
real,0.1,4946,hollywood,0.0,0.6,0.0,0.0,0.0,0.0,2,10,1.0,0.0
real,0.15,4946,hollywood,0.0,0.6,0.0,0.0,0.0,0.0,2,10,1.0,0.0
real,0.2,4946,hollywood,0.1,0.6,0.1667,1.0,0.1111,0.0911,2,10,1.0,0.0
real,0.3,4946,hollywood,0.1,0.6,0.1667,1.0,0.2,0.1171,2,9,1.0,0.0
real,0.4,4946,hollywood,0.1,0.6,0.1667,1.0,0.25,0.1303,2,9,1.0,0.0
real,0.5,4946,hollywood,0.1,0.6,0.1667,1.0,0.5,0.1909,2,9,1.0,0.0
real,0.0,7531,anime,0.0,0.7,0.0,0.0,0.0,0.0,3,9,0.8,0.2
real,0.05,7531,anime,0.0,0.7,0.0,0.0,0.0,0.0,3,9,0.8,0.2
real,0.1,7531,anime,0.0,0.7,0.0,0.0,0.0,0.0,3,9,0.8,0.2
real,0.15,7531,anime,0.0,0.7,0.0,0.0,0.0,0.0,3,7,0.9,0.1
real,0.2,7531,anime,0.0,0.7,0.0,0.0,0.0,0.0,2,10,1.0,0.0
real,0.3,7531,anime,0.0,0.7,0.0,0.0,0.0,0.0,2,10,1.0,0.0
real,0.4,7531,anime,0.0,0.7,0.0,0.0,0.0,0.0,2,10,1.0,0.0
real,0.5,7531,anime,0.0,0.7,0.0,0.0,0.0,0.0,2,9,1.0,0.0
real,0.0,7837,korean,0.0,0.5,0.0,0.0,0.0,0.0,8,14,0.2,0.8
real,0.05,7837,korean,0.0,0.5,0.0,0.0,0.0,0.0,7,14,0.3,0.7
real,0.1,7837,korean,0.0,0.5,0.0,0.0,0.0,0.0,7,14,0.4,0.6
real,0.15,7837,korean,0.0,0.5,0.0,0.0,0.0,0.0,6,14,0.5,0.5
real,0.2,7837,korean,0.0,0.5,0.0,0.0,0.0,0.0,4,12,0.7,0.3
real,0.3,7837,korean,0.0,0.5,0.0,0.0,0.0,0.0,3,11,0.9,0.1
real,0.4,7837,korean,0.0,0.5,0.0,0.0,0.0,0.0,2,9,1.0,0.0
real,0.5,7837,korean,0.0,0.5,0.0,0.0,0.0,0.0,2,11,1.0,0.0
real,0.0,7981,bollywood,0.1,0.6,0.1667,1.0,0.1111,0.0911,1,9,1.0,0.0
real,0.05,7981,bollywood,0.1,0.6,0.1667,1.0,0.1111,0.0911,1,9,1.0,0.0
real,0.1,7981,bollywood,0.1,0.6,0.1667,1.0,0.1111,0.0911,1,9,1.0,0.0
real,0.15,7981,bollywood,0.1,0.6,0.1667,1.0,0.1111,0.0911,1,9,1.0,0.0
real,0.2,7981,bollywood,0.1,0.6,0.1667,1.0,0.1111,0.0911,1,9,1.0,0.0
real,0.3,7981,bollywood,0.1,0.6,0.1667,1.0,0.1111,0.0911,1,9,1.0,0.0
real,0.4,7981,bollywood,0.1,0.6,0.1667,1.0,0.1111,0.0911,1,9,1.0,0.0
real,0.5,7981,bollywood,0.1,0.6,0.1667,1.0,0.1,0.0875,2,10,1.0,0.0
real,0.0,8669,hollywood,0.2,1.0,0.0222,1.0,0.125,0.1331,3,7,0.7,0.3
real,0.05,8669,hollywood,0.2,1.0,0.0222,1.0,0.125,0.1357,3,7,0.7,0.3
real,0.1,8669,hollywood,0.3,1.0,0.0333,1.0,0.1667,0.2154,2,8,0.9,0.1
real,0.15,8669,hollywood,0.3,1.0,0.0333,1.0,0.1667,0.2154,2,8,0.9,0.1
real,0.2,8669,hollywood,0.3,1.0,0.0333,1.0,0.1667,0.2154,2,8,0.9,0.1
real,0.3,8669,hollywood,0.3,1.0,0.0333,1.0,0.2,0.2248,1,8,1.0,0.0
real,0.4,8669,hollywood,0.3,1.0,0.0333,1.0,0.2,0.2208,1,8,1.0,0.0
real,0.5,8669,hollywood,0.3,1.0,0.0333,1.0,0.25,0.2305,1,8,1.0,0.0
real,0.0,8805,bollywood,0.1,1.0,0.0526,1.0,0.1111,0.0663,2,10,0.8,0.2
real,0.05,8805,bollywood,0.2,1.0,0.1053,1.0,0.125,0.1331,3,11,0.8,0.2
real,0.1,8805,bollywood,0.2,1.0,0.1053,1.0,0.1667,0.1478,2,11,1.0,0.0
real,0.15,8805,bollywood,0.2,1.0,0.1053,1.0,0.1667,0.1478,2,11,1.0,0.0
real,0.2,8805,bollywood,0.2,1.0,0.1053,1.0,0.25,0.1642,2,11,1.0,0.0
real,0.3,8805,bollywood,0.3,1.0,0.1579,1.0,0.3333,0.2457,2,12,1.0,0.0
real,0.4,8805,bollywood,0.4,1.0,0.2105,1.0,0.5,0.3764,2,11,1.0,0.0
real,0.5,8805,bollywood,0.7,1.0,0.3684,1.0,1.0,0.6875,2,11,1.0,0.0
real,0.0,9861,hollywood,0.0,1.0,0.0,0.0,0.0,0.0,4,6,0.5,0.5
real,0.05,9861,hollywood,0.0,1.0,0.0,0.0,0.0,0.0,4,6,0.6,0.4
real,0.1,9861,hollywood,0.0,1.0,0.0,0.0,0.0,0.0,3,6,0.8,0.2
real,0.15,9861,hollywood,0.0,1.0,0.0,0.0,0.0,0.0,3,6,0.8,0.2
real,0.2,9861,hollywood,0.0,1.0,0.0,0.0,0.0,0.0,2,7,0.9,0.1
real,0.3,9861,hollywood,0.0,1.0,0.0,0.0,0.0,0.0,1,8,1.0,0.0
real,0.4,9861,hollywood,0.0,1.0,0.0,0.0,0.0,0.0,1,8,1.0,0.0
real,0.5,9861,hollywood,0.0,1.0,0.0,0.0,0.0,0.0,1,8,1.0,0.0
real,0.0,10721,hollywood,0.2,0.8,0.25,1.0,0.3333,0.2026,2,7,0.9,0.1
real,0.05,10721,hollywood,0.2,0.8,0.25,1.0,0.3333,0.2026,2,7,0.9,0.1
real,0.1,10721,hollywood,0.3,0.8,0.375,1.0,0.3333,0.2794,1,7,1.0,0.0
real,0.15,10721,hollywood,0.3,0.8,0.375,1.0,0.3333,0.2794,1,7,1.0,0.0
real,0.2,10721,hollywood,0.3,0.8,0.375,1.0,0.3333,0.2794,1,7,1.0,0.0
real,0.3,10721,hollywood,0.3,0.8,0.375,1.0,0.3333,0.2794,1,7,1.0,0.0
real,0.4,10721,hollywood,0.3,0.8,0.375,1.0,0.3333,0.2794,1,7,1.0,0.0
real,0.5,10721,hollywood,0.3,0.8,0.375,1.0,0.3333,0.2824,1,7,1.0,0.0
real,0.0,11118,hollywood,0.2,1.0,0.0667,1.0,0.5,0.2489,4,7,0.7,0.3
real,0.05,11118,hollywood,0.3,1.0,0.1,1.0,0.5,0.3125,2,9,0.9,0.1
real,0.1,11118,hollywood,0.4,1.0,0.1333,1.0,0.5,0.3788,1,8,1.0,0.0
real,0.15,11118,hollywood,0.4,1.0,0.1333,1.0,1.0,0.46,1,8,1.0,0.0
real,0.2,11118,hollywood,0.4,1.0,0.1333,1.0,1.0,0.46,1,8,1.0,0.0
real,0.3,11118,hollywood,0.4,1.0,0.1333,1.0,1.0,0.46,1,8,1.0,0.0
real,0.4,11118,hollywood,0.3,1.0,0.1,1.0,1.0,0.3964,1,7,1.0,0.0
real,0.5,11118,hollywood,0.3,1.0,0.1,1.0,1.0,0.3964,1,7,1.0,0.0
real,0.0,12423,anime,0.1,1.0,0.1,1.0,0.125,0.0694,5,9,0.7,0.3
real,0.05,12423,anime,0.1,1.0,0.1,1.0,0.2,0.0851,5,9,0.7,0.3
real,0.1,12423,anime,0.1,1.0,0.1,1.0,0.3333,0.11,4,10,0.8,0.2
real,0.15,12423,anime,0.1,1.0,0.1,1.0,0.3333,0.11,2,11,1.0,0.0
real,0.2,12423,anime,0.1,1.0,0.1,1.0,0.3333,0.11,1,11,1.0,0.0
real,0.3,12423,anime,0.1,1.0,0.1,1.0,0.3333,0.11,1,11,1.0,0.0
real,0.4,12423,anime,0.1,1.0,0.1,1.0,0.3333,0.11,1,10,1.0,0.0
real,0.5,12423,anime,0.1,1.0,0.1,1.0,0.2,0.0851,1,10,1.0,0.0
real,0.0,13389,hollywood,0.0,1.0,0.0,0.0,0.0,0.0,6,13,0.0,1.0
real,0.05,13389,hollywood,0.0,1.0,0.0,0.0,0.0,0.0,6,12,0.2,0.8
real,0.1,13389,hollywood,0.0,1.0,0.0,0.0,0.0,0.0,4,10,0.5,0.5
real,0.15,13389,hollywood,0.1,1.0,0.0556,1.0,0.1111,0.0663,1,8,1.0,0.0
real,0.2,13389,hollywood,0.1,1.0,0.0556,1.0,0.1111,0.0663,1,8,1.0,0.0
real,0.3,13389,hollywood,0.1,1.0,0.0556,1.0,0.1111,0.0663,1,8,1.0,0.0
real,0.4,13389,hollywood,0.1,1.0,0.0556,1.0,0.1111,0.0663,1,8,1.0,0.0
real,0.5,13389,hollywood,0.1,1.0,0.0556,1.0,0.1111,0.0663,1,7,1.0,0.0
real,0.0,13973,korean,0.0,0.6,0.0,0.0,0.0,0.0,3,12,0.6,0.4
real,0.05,13973,korean,0.0,0.6,0.0,0.0,0.0,0.0,3,10,0.6,0.4
real,0.1,13973,korean,0.0,0.6,0.0,0.0,0.0,0.0,2,10,0.7,0.3
real,0.15,13973,korean,0.0,0.6,0.0,0.0,0.0,0.0,2,10,0.8,0.2
real,0.2,13973,korean,0.0,0.6,0.0,0.0,0.0,0.0,3,10,0.8,0.2
real,0.3,13973,korean,0.0,0.6,0.0,0.0,0.0,0.0,3,9,0.9,0.1
real,0.4,13973,korean,0.0,0.6,0.0,0.0,0.0,0.0,2,9,1.0,0.0
real,0.5,13973,korean,0.0,0.6,0.0,0.0,0.0,0.0,2,9,1.0,0.0
real,0.0,14136,korean,0.2,0.8,0.25,1.0,1.0,0.4125,5,6,0.7,0.3
real,0.05,14136,korean,0.2,0.8,0.25,1.0,1.0,0.4125,5,6,0.7,0.3
real,0.1,14136,korean,0.2,0.8,0.25,1.0,1.0,0.4125,4,6,0.8,0.2
real,0.15,14136,korean,0.2,0.8,0.25,1.0,1.0,0.4125,4,6,0.8,0.2
real,0.2,14136,korean,0.2,0.8,0.25,1.0,0.5,0.2861,4,6,0.8,0.2
real,0.3,14136,korean,0.2,0.8,0.25,1.0,0.5,0.2439,3,7,0.9,0.1
real,0.4,14136,korean,0.2,0.8,0.25,1.0,0.5,0.2327,2,10,1.0,0.0
real,0.5,14136,korean,0.1,0.8,0.125,1.0,0.3333,0.1265,2,9,1.0,0.0
real,0.0,14368,anime,0.0,0.4,0.0,0.0,0.0,0.0,3,11,0.8,0.2
real,0.05,14368,anime,0.0,0.4,0.0,0.0,0.0,0.0,3,11,0.9,0.1
real,0.1,14368,anime,0.0,0.4,0.0,0.0,0.0,0.0,3,11,0.9,0.1
real,0.15,14368,anime,0.0,0.4,0.0,0.0,0.0,0.0,3,10,0.9,0.1
real,0.2,14368,anime,0.0,0.4,0.0,0.0,0.0,0.0,3,10,0.9,0.1
real,0.3,14368,anime,0.0,0.4,0.0,0.0,0.0,0.0,2,10,1.0,0.0
real,0.4,14368,anime,0.0,0.4,0.0,0.0,0.0,0.0,1,9,1.0,0.0
real,0.5,14368,anime,0.0,0.4,0.0,0.0,0.0,0.0,1,9,1.0,0.0
real,0.0,14705,bollywood,0.0,0.1,0.0,0.0,0.0,0.0,2,12,1.0,0.0
real,0.05,14705,bollywood,0.0,0.1,0.0,0.0,0.0,0.0,2,12,1.0,0.0
real,0.1,14705,bollywood,0.0,0.1,0.0,0.0,0.0,0.0,2,12,1.0,0.0
real,0.15,14705,bollywood,0.0,0.1,0.0,0.0,0.0,0.0,2,11,1.0,0.0
real,0.2,14705,bollywood,0.0,0.1,0.0,0.0,0.0,0.0,2,11,1.0,0.0
real,0.3,14705,bollywood,0.0,0.1,0.0,0.0,0.0,0.0,2,11,1.0,0.0
real,0.4,14705,bollywood,0.0,0.1,0.0,0.0,0.0,0.0,2,11,1.0,0.0
real,0.5,14705,bollywood,0.0,0.1,0.0,0.0,0.0,0.0,1,12,1.0,0.0
real,0.0,15077,bollywood,0.1,1.0,0.0435,1.0,0.125,0.0694,5,13,0.3,0.7
real,0.05,15077,bollywood,0.1,1.0,0.0435,1.0,0.1429,0.0734,5,12,0.4,0.6
real,0.1,15077,bollywood,0.2,1.0,0.087,1.0,0.25,0.1584,6,12,0.6,0.4
real,0.15,15077,bollywood,0.2,1.0,0.087,1.0,0.3333,0.1952,3,9,0.9,0.1
real,0.2,15077,bollywood,0.3,1.0,0.1304,1.0,0.25,0.2533,2,9,1.0,0.0
real,0.3,15077,bollywood,0.3,1.0,0.1304,1.0,0.5,0.3024,2,6,1.0,0.0
real,0.4,15077,bollywood,0.4,1.0,0.1739,1.0,0.5,0.3859,2,7,1.0,0.0
real,0.5,15077,bollywood,0.5,1.0,0.2174,1.0,0.5,0.458,2,8,1.0,0.0
real,0.0,15138,anime,0.1,1.0,0.1,1.0,0.1429,0.0734,3,10,0.9,0.1
real,0.05,15138,anime,0.1,1.0,0.1,1.0,0.125,0.0694,2,10,1.0,0.0
real,0.1,15138,anime,0.1,1.0,0.1,1.0,0.125,0.0694,2,10,1.0,0.0
real,0.15,15138,anime,0.1,1.0,0.1,1.0,0.1667,0.0784,2,10,1.0,0.0
real,0.2,15138,anime,0.1,1.0,0.1,1.0,0.1667,0.0784,2,10,1.0,0.0
real,0.3,15138,anime,0.1,1.0,0.1,1.0,0.2,0.0851,2,9,1.0,0.0
real,0.4,15138,anime,0.0,1.0,0.0,0.0,0.0,0.0,1,10,1.0,0.0
real,0.5,15138,anime,0.0,1.0,0.0,0.0,0.0,0.0,1,8,1.0,0.0
real,0.0,15952,korean,0.3,0.8,0.375,1.0,1.0,0.4192,2,9,0.9,0.1
real,0.05,15952,korean,0.3,0.8,0.375,1.0,1.0,0.4269,2,9,0.9,0.1
real,0.1,15952,korean,0.3,0.8,0.375,1.0,1.0,0.4269,2,9,1.0,0.0
real,0.15,15952,korean,0.2,0.8,0.25,1.0,1.0,0.3373,2,9,1.0,0.0
real,0.2,15952,korean,0.1,0.8,0.125,1.0,1.0,0.2529,2,10,1.0,0.0
real,0.3,15952,korean,0.1,0.8,0.125,1.0,1.0,0.2529,2,9,1.0,0.0
real,0.4,15952,korean,0.1,0.8,0.125,1.0,0.1667,0.0901,2,9,1.0,0.0
real,0.5,15952,korean,0.0,0.8,0.0,0.0,0.0,0.0,1,8,1.0,0.0
real,0.0,16205,hollywood,0.4,1.0,0.1143,1.0,1.0,0.4663,2,7,0.8,0.2
real,0.05,16205,hollywood,0.4,1.0,0.1143,1.0,0.3333,0.3594,2,7,0.8,0.2
real,0.1,16205,hollywood,0.4,1.0,0.1143,1.0,0.3333,0.3594,2,7,0.9,0.1
real,0.15,16205,hollywood,0.4,1.0,0.1143,1.0,0.3333,0.3476,2,7,0.9,0.1
real,0.2,16205,hollywood,0.4,1.0,0.1143,1.0,0.3333,0.3418,1,7,1.0,0.0
real,0.3,16205,hollywood,0.4,1.0,0.1143,1.0,0.3333,0.3418,1,7,1.0,0.0
real,0.4,16205,hollywood,0.4,1.0,0.1143,1.0,0.3333,0.3418,1,7,1.0,0.0
real,0.5,16205,hollywood,0.4,1.0,0.1143,1.0,0.3333,0.3418,1,7,1.0,0.0
real,0.0,17355,anime,0.0,0.9,0.0,0.0,0.0,0.0,3,10,0.8,0.2
real,0.05,17355,anime,0.0,0.9,0.0,0.0,0.0,0.0,3,10,0.9,0.1
real,0.1,17355,anime,0.0,0.9,0.0,0.0,0.0,0.0,3,10,0.9,0.1
real,0.15,17355,anime,0.0,0.9,0.0,0.0,0.0,0.0,2,10,1.0,0.0
real,0.2,17355,anime,0.0,0.9,0.0,0.0,0.0,0.0,2,11,1.0,0.0
real,0.3,17355,anime,0.0,0.9,0.0,0.0,0.0,0.0,2,11,1.0,0.0
real,0.4,17355,anime,0.0,0.9,0.0,0.0,0.0,0.0,1,11,1.0,0.0
real,0.5,17355,anime,0.0,0.9,0.0,0.0,0.0,0.0,1,11,1.0,0.0
real,0.0,17455,mixed,0.0,1.0,0.0,0.0,0.0,0.0,5,5,0.3,0.7
real,0.05,17455,mixed,0.0,1.0,0.0,0.0,0.0,0.0,4,5,0.4,0.6
real,0.1,17455,mixed,0.0,1.0,0.0,0.0,0.0,0.0,3,5,0.7,0.3
real,0.15,17455,mixed,0.0,1.0,0.0,0.0,0.0,0.0,3,5,0.7,0.3
real,0.2,17455,mixed,0.0,1.0,0.0,0.0,0.0,0.0,3,5,0.8,0.2
real,0.3,17455,mixed,0.0,1.0,0.0,0.0,0.0,0.0,1,8,1.0,0.0
real,0.4,17455,mixed,0.0,1.0,0.0,0.0,0.0,0.0,1,9,1.0,0.0
real,0.5,17455,mixed,0.0,1.0,0.0,0.0,0.0,0.0,1,9,1.0,0.0
real,0.0,17697,bollywood,0.3,1.0,0.0484,1.0,1.0,0.4323,5,8,0.3,0.7
real,0.05,17697,bollywood,0.3,1.0,0.0484,1.0,0.5,0.3223,4,9,0.6,0.4
real,0.1,17697,bollywood,0.3,1.0,0.0484,1.0,0.5,0.3273,3,9,0.7,0.3
real,0.15,17697,bollywood,0.3,1.0,0.0484,1.0,0.25,0.2533,3,11,0.8,0.2
real,0.2,17697,bollywood,0.1,1.0,0.0161,1.0,0.25,0.0948,1,11,1.0,0.0
real,0.3,17697,bollywood,0.1,1.0,0.0161,1.0,0.25,0.0948,1,11,1.0,0.0
real,0.4,17697,bollywood,0.1,1.0,0.0161,1.0,0.2,0.0851,2,9,1.0,0.0
real,0.5,17697,bollywood,0.1,1.0,0.0161,1.0,0.1429,0.0734,2,8,1.0,0.0
real,0.0,17711,mixed,0.0,1.0,0.0,0.0,0.0,0.0,8,4,0.1,0.9
real,0.05,17711,mixed,0.0,1.0,0.0,0.0,0.0,0.0,7,4,0.2,0.8
real,0.1,17711,mixed,0.0,1.0,0.0,0.0,0.0,0.0,6,4,0.4,0.6
real,0.15,17711,mixed,0.0,1.0,0.0,0.0,0.0,0.0,5,9,0.6,0.4
real,0.2,17711,mixed,0.0,1.0,0.0,0.0,0.0,0.0,1,9,1.0,0.0
real,0.3,17711,mixed,0.0,1.0,0.0,0.0,0.0,0.0,1,10,1.0,0.0
real,0.4,17711,mixed,0.0,1.0,0.0,0.0,0.0,0.0,1,10,1.0,0.0
real,0.5,17711,mixed,0.0,1.0,0.0,0.0,0.0,0.0,1,10,1.0,0.0
real,0.0,18375,bollywood,0.4,1.0,0.0494,1.0,1.0,0.4291,5,9,0.5,0.5
real,0.05,18375,bollywood,0.4,1.0,0.0494,1.0,1.0,0.4413,5,10,0.6,0.4
real,0.1,18375,bollywood,0.4,1.0,0.0494,1.0,1.0,0.448,4,9,0.7,0.3
real,0.15,18375,bollywood,0.4,1.0,0.0494,1.0,1.0,0.5101,4,9,0.7,0.3
real,0.2,18375,bollywood,0.4,1.0,0.0494,1.0,1.0,0.5101,2,9,1.0,0.0
real,0.3,18375,bollywood,0.4,1.0,0.0494,1.0,1.0,0.4734,2,10,1.0,0.0
real,0.4,18375,bollywood,0.4,1.0,0.0494,1.0,1.0,0.4413,2,11,1.0,0.0
real,0.5,18375,bollywood,0.2,1.0,0.0247,1.0,0.1667,0.1518,2,13,1.0,0.0
real,0.0,18384,anime,0.2,1.0,0.1538,1.0,0.1667,0.1447,3,11,0.9,0.1
real,0.05,18384,anime,0.2,1.0,0.1538,1.0,0.1667,0.1447,3,11,0.9,0.1
real,0.1,18384,anime,0.2,1.0,0.1538,1.0,0.2,0.1514,3,10,0.9,0.1
real,0.15,18384,anime,0.3,1.0,0.2308,1.0,0.2,0.2182,3,10,0.9,0.1
real,0.2,18384,anime,0.3,1.0,0.2308,1.0,0.2,0.2208,2,10,1.0,0.0
real,0.3,18384,anime,0.3,1.0,0.2308,1.0,0.25,0.2247,2,10,1.0,0.0
real,0.4,18384,anime,0.2,1.0,0.1538,1.0,0.25,0.1584,2,11,1.0,0.0
real,0.5,18384,anime,0.1,1.0,0.0769,1.0,0.1667,0.0784,2,11,1.0,0.0
real,0.0,18492,anime,0.1,0.5,0.2,1.0,0.3333,0.1696,3,12,0.9,0.1
real,0.05,18492,anime,0.1,0.5,0.2,1.0,0.3333,0.1696,2,12,1.0,0.0
real,0.1,18492,anime,0.1,0.5,0.2,1.0,0.3333,0.1696,2,12,1.0,0.0
real,0.15,18492,anime,0.1,0.5,0.2,1.0,0.5,0.214,2,13,1.0,0.0
real,0.2,18492,anime,0.1,0.5,0.2,1.0,0.5,0.214,2,13,1.0,0.0
real,0.3,18492,anime,0.1,0.5,0.2,1.0,0.5,0.214,2,13,1.0,0.0
real,0.4,18492,anime,0.1,0.5,0.2,1.0,0.5,0.214,1,12,1.0,0.0
real,0.5,18492,anime,0.1,0.5,0.2,1.0,0.3333,0.1696,1,13,1.0,0.0
real,0.0,19627,bollywood,0.1,1.0,0.0769,1.0,0.1429,0.0734,2,12,0.9,0.1
real,0.05,19627,bollywood,0.1,1.0,0.0769,1.0,0.1429,0.0734,1,11,1.0,0.0
real,0.1,19627,bollywood,0.1,1.0,0.0769,1.0,0.1667,0.0784,1,11,1.0,0.0
real,0.15,19627,bollywood,0.1,1.0,0.0769,1.0,0.1667,0.0784,1,11,1.0,0.0
real,0.2,19627,bollywood,0.1,1.0,0.0769,1.0,0.1667,0.0784,1,11,1.0,0.0
real,0.3,19627,bollywood,0.1,1.0,0.0769,1.0,0.1429,0.0734,2,11,1.0,0.0
real,0.4,19627,bollywood,0.1,1.0,0.0769,1.0,0.1429,0.0734,2,13,1.0,0.0
real,0.5,19627,bollywood,0.2,1.0,0.1538,1.0,0.25,0.1584,2,13,1.0,0.0
real,0.0,20464,bollywood,0.2,1.0,0.1,1.0,0.25,0.1732,2,9,0.7,0.3
real,0.05,20464,bollywood,0.2,1.0,0.1,1.0,0.3333,0.1884,2,9,0.8,0.2
real,0.1,20464,bollywood,0.2,1.0,0.1,1.0,0.3333,0.1795,2,9,0.8,0.2
real,0.15,20464,bollywood,0.1,1.0,0.05,1.0,0.5,0.1389,2,9,0.9,0.1
real,0.2,20464,bollywood,0.1,1.0,0.05,1.0,0.5,0.1389,2,9,0.9,0.1
real,0.3,20464,bollywood,0.1,1.0,0.05,1.0,0.5,0.1389,1,9,1.0,0.0
real,0.4,20464,bollywood,0.1,1.0,0.05,1.0,1.0,0.2201,2,8,1.0,0.0
real,0.5,20464,bollywood,0.1,1.0,0.05,1.0,1.0,0.2201,2,8,1.0,0.0
real,0.0,20970,bollywood,0.5,1.0,0.1316,1.0,0.5,0.4553,3,10,0.9,0.1
real,0.05,20970,bollywood,0.5,1.0,0.1316,1.0,0.5,0.4737,3,10,0.9,0.1
real,0.1,20970,bollywood,0.6,1.0,0.1579,1.0,0.5,0.5373,2,10,1.0,0.0
real,0.15,20970,bollywood,0.6,1.0,0.1579,1.0,0.5,0.5373,2,10,1.0,0.0
real,0.2,20970,bollywood,0.6,1.0,0.1579,1.0,0.5,0.5373,2,10,1.0,0.0
real,0.3,20970,bollywood,0.5,1.0,0.1316,1.0,0.5,0.4833,2,10,1.0,0.0
real,0.4,20970,bollywood,0.6,1.0,0.1579,1.0,1.0,0.6267,2,11,1.0,0.0
real,0.5,20970,bollywood,0.5,1.0,0.1316,1.0,1.0,0.5696,2,12,1.0,0.0
real,0.0,21076,hollywood,0.3,0.7,0.4286,1.0,0.3333,0.327,1,6,1.0,0.0
real,0.05,21076,hollywood,0.3,0.7,0.4286,1.0,0.3333,0.327,1,6,1.0,0.0
real,0.1,21076,hollywood,0.3,0.7,0.4286,1.0,0.3333,0.327,1,6,1.0,0.0
real,0.15,21076,hollywood,0.3,0.7,0.4286,1.0,0.3333,0.3221,1,6,1.0,0.0
real,0.2,21076,hollywood,0.3,0.7,0.4286,1.0,0.3333,0.3221,1,6,1.0,0.0
real,0.3,21076,hollywood,0.3,0.7,0.4286,1.0,0.25,0.3114,1,6,1.0,0.0
real,0.4,21076,hollywood,0.3,0.7,0.4286,1.0,0.25,0.3114,1,6,1.0,0.0
real,0.5,21076,hollywood,0.3,0.7,0.4286,1.0,0.3333,0.3221,1,6,1.0,0.0
real,0.0,21128,korean,0.0,0.8,0.0,0.0,0.0,0.0,2,9,0.9,0.1
real,0.05,21128,korean,0.0,0.8,0.0,0.0,0.0,0.0,2,9,0.9,0.1
real,0.1,21128,korean,0.0,0.8,0.0,0.0,0.0,0.0,1,9,1.0,0.0
real,0.15,21128,korean,0.0,0.8,0.0,0.0,0.0,0.0,1,9,1.0,0.0
real,0.2,21128,korean,0.0,0.8,0.0,0.0,0.0,0.0,1,9,1.0,0.0
real,0.3,21128,korean,0.0,0.8,0.0,0.0,0.0,0.0,1,9,1.0,0.0
real,0.4,21128,korean,0.0,0.8,0.0,0.0,0.0,0.0,1,7,1.0,0.0
real,0.5,21128,korean,0.0,0.8,0.0,0.0,0.0,0.0,1,7,1.0,0.0
real,0.0,21198,hollywood,0.4,1.0,0.1212,1.0,1.0,0.46,1,10,1.0,0.0
real,0.05,21198,hollywood,0.4,1.0,0.1212,1.0,1.0,0.46,1,10,1.0,0.0
real,0.1,21198,hollywood,0.4,1.0,0.1212,1.0,1.0,0.46,1,10,1.0,0.0
real,0.15,21198,hollywood,0.4,1.0,0.1212,1.0,1.0,0.46,1,10,1.0,0.0
real,0.2,21198,hollywood,0.4,1.0,0.1212,1.0,1.0,0.46,1,10,1.0,0.0
real,0.3,21198,hollywood,0.4,1.0,0.1212,1.0,1.0,0.4519,1,10,1.0,0.0
real,0.4,21198,hollywood,0.4,1.0,0.1212,1.0,1.0,0.4519,1,10,1.0,0.0
real,0.5,21198,hollywood,0.4,1.0,0.1212,1.0,0.5,0.3687,1,10,1.0,0.0
real,0.0,21401,bollywood,0.0,0.7,0.0,0.0,0.0,0.0,1,7,1.0,0.0
real,0.05,21401,bollywood,0.0,0.7,0.0,0.0,0.0,0.0,1,7,1.0,0.0
real,0.1,21401,bollywood,0.0,0.7,0.0,0.0,0.0,0.0,1,7,1.0,0.0
real,0.15,21401,bollywood,0.0,0.7,0.0,0.0,0.0,0.0,1,7,1.0,0.0
real,0.2,21401,bollywood,0.0,0.7,0.0,0.0,0.0,0.0,1,7,1.0,0.0
real,0.3,21401,bollywood,0.0,0.7,0.0,0.0,0.0,0.0,1,7,1.0,0.0
real,0.4,21401,bollywood,0.0,0.7,0.0,0.0,0.0,0.0,1,7,1.0,0.0
real,0.5,21401,bollywood,0.1,0.7,0.1429,1.0,0.1667,0.0979,2,6,1.0,0.0
real,0.0,21863,hollywood,0.2,1.0,0.1333,1.0,0.5,0.2489,4,11,0.6,0.4
real,0.05,21863,hollywood,0.3,1.0,0.2,1.0,0.5,0.3152,3,9,0.8,0.2
real,0.1,21863,hollywood,0.4,1.0,0.2667,1.0,0.5,0.3909,2,8,0.9,0.1
real,0.15,21863,hollywood,0.5,1.0,0.3333,1.0,0.5,0.4604,1,8,1.0,0.0
real,0.2,21863,hollywood,0.5,1.0,0.3333,1.0,0.5,0.4697,1,8,1.0,0.0
real,0.3,21863,hollywood,0.5,1.0,0.3333,1.0,0.5,0.4915,1,7,1.0,0.0
real,0.4,21863,hollywood,0.5,1.0,0.3333,1.0,0.5,0.5072,1,7,1.0,0.0
real,0.5,21863,hollywood,0.5,1.0,0.3333,1.0,0.5,0.5072,1,7,1.0,0.0
real,0.0,21977,anime,0.1,0.2,0.5,1.0,0.1429,0.2044,3,8,0.8,0.2
real,0.05,21977,anime,0.1,0.2,0.5,1.0,0.1667,0.2184,3,8,0.9,0.1
real,0.1,21977,anime,0.1,0.2,0.5,1.0,0.2,0.2372,3,8,0.9,0.1
real,0.15,21977,anime,0.1,0.2,0.5,1.0,0.2,0.2372,3,8,0.9,0.1
real,0.2,21977,anime,0.1,0.2,0.5,1.0,0.2,0.2372,2,8,1.0,0.0
real,0.3,21977,anime,0.1,0.2,0.5,1.0,0.2,0.2372,2,8,1.0,0.0
real,0.4,21977,anime,0.1,0.2,0.5,1.0,0.1667,0.2184,2,8,1.0,0.0
real,0.5,21977,anime,0.1,0.2,0.5,1.0,0.1429,0.2044,2,9,1.0,0.0
real,0.0,22389,korean,0.2,0.9,0.2222,1.0,0.5,0.2392,3,5,0.8,0.2
real,0.05,22389,korean,0.2,0.9,0.2222,1.0,0.5,0.2495,3,5,0.8,0.2
real,0.1,22389,korean,0.2,0.9,0.2222,1.0,0.5,0.2495,3,5,0.8,0.2
real,0.15,22389,korean,0.2,0.9,0.2222,1.0,1.0,0.3363,2,5,0.9,0.1
real,0.2,22389,korean,0.2,0.9,0.2222,1.0,1.0,0.3526,2,5,0.9,0.1
real,0.3,22389,korean,0.2,0.9,0.2222,1.0,1.0,0.3526,2,5,1.0,0.0
real,0.4,22389,korean,0.2,0.9,0.2222,1.0,0.5,0.2495,2,5,1.0,0.0
real,0.5,22389,korean,0.2,0.9,0.2222,1.0,0.2,0.1693,2,6,1.0,0.0
real,0.0,22781,hollywood,0.9,1.0,0.2571,1.0,1.0,0.9364,2,7,0.9,0.1
real,0.05,22781,hollywood,0.9,1.0,0.2571,1.0,1.0,0.9364,2,7,0.9,0.1
real,0.1,22781,hollywood,1.0,1.0,0.2857,1.0,1.0,1.0,1,6,1.0,0.0
real,0.15,22781,hollywood,1.0,1.0,0.2857,1.0,1.0,1.0,1,6,1.0,0.0
real,0.2,22781,hollywood,1.0,1.0,0.2857,1.0,1.0,1.0,1,6,1.0,0.0
real,0.3,22781,hollywood,1.0,1.0,0.2857,1.0,1.0,1.0,1,6,1.0,0.0
real,0.4,22781,hollywood,1.0,1.0,0.2857,1.0,1.0,1.0,1,6,1.0,0.0
real,0.5,22781,hollywood,1.0,1.0,0.2857,1.0,1.0,1.0,1,6,1.0,0.0
real,0.0,23125,hollywood,0.0,1.0,0.0,0.0,0.0,0.0,3,11,0.7,0.3
real,0.05,23125,hollywood,0.0,1.0,0.0,0.0,0.0,0.0,2,9,0.9,0.1
real,0.1,23125,hollywood,0.0,1.0,0.0,0.0,0.0,0.0,1,8,1.0,0.0
real,0.15,23125,hollywood,0.0,1.0,0.0,0.0,0.0,0.0,1,8,1.0,0.0
real,0.2,23125,hollywood,0.0,1.0,0.0,0.0,0.0,0.0,1,8,1.0,0.0
real,0.3,23125,hollywood,0.0,1.0,0.0,0.0,0.0,0.0,1,8,1.0,0.0
real,0.4,23125,hollywood,0.0,1.0,0.0,0.0,0.0,0.0,1,9,1.0,0.0
real,0.5,23125,hollywood,0.0,1.0,0.0,0.0,0.0,0.0,1,7,1.0,0.0
real,0.0,23792,hollywood,0.2,1.0,0.1538,1.0,0.1667,0.1518,3,13,0.7,0.3
real,0.05,23792,hollywood,0.2,1.0,0.1538,1.0,0.2,0.1546,3,13,0.7,0.3
real,0.1,23792,hollywood,0.1,1.0,0.0769,1.0,0.2,0.0851,2,11,0.9,0.1
real,0.15,23792,hollywood,0.1,1.0,0.0769,1.0,0.2,0.0851,1,10,1.0,0.0
real,0.2,23792,hollywood,0.1,1.0,0.0769,1.0,0.2,0.0851,1,10,1.0,0.0
real,0.3,23792,hollywood,0.1,1.0,0.0769,1.0,0.2,0.0851,1,10,1.0,0.0
real,0.4,23792,hollywood,0.1,1.0,0.0769,1.0,0.1667,0.0784,1,10,1.0,0.0
real,0.5,23792,hollywood,0.1,1.0,0.0769,1.0,0.1429,0.0734,1,10,1.0,0.0
real,0.0,23974,mixed,0.0,1.0,0.0,0.0,0.0,0.0,5,6,0.4,0.6
real,0.05,23974,mixed,0.0,1.0,0.0,0.0,0.0,0.0,4,6,0.6,0.4
real,0.1,23974,mixed,0.0,1.0,0.0,0.0,0.0,0.0,4,6,0.6,0.4
real,0.15,23974,mixed,0.0,1.0,0.0,0.0,0.0,0.0,3,7,0.7,0.3
real,0.2,23974,mixed,0.0,1.0,0.0,0.0,0.0,0.0,2,8,0.8,0.2
real,0.3,23974,mixed,0.0,1.0,0.0,0.0,0.0,0.0,1,9,1.0,0.0
real,0.4,23974,mixed,0.0,1.0,0.0,0.0,0.0,0.0,1,9,1.0,0.0
real,0.5,23974,mixed,0.0,1.0,0.0,0.0,0.0,0.0,1,9,1.0,0.0
real,0.0,24416,mixed,0.0,1.0,0.0,0.0,0.0,0.0,3,11,0.7,0.3
real,0.05,24416,mixed,0.0,1.0,0.0,0.0,0.0,0.0,2,11,0.8,0.2
real,0.1,24416,mixed,0.0,1.0,0.0,0.0,0.0,0.0,2,11,0.8,0.2
real,0.15,24416,mixed,0.0,1.0,0.0,0.0,0.0,0.0,2,11,0.8,0.2
real,0.2,24416,mixed,0.0,1.0,0.0,0.0,0.0,0.0,2,10,0.9,0.1
real,0.3,24416,mixed,0.0,1.0,0.0,0.0,0.0,0.0,1,12,1.0,0.0
real,0.4,24416,mixed,0.0,1.0,0.0,0.0,0.0,0.0,1,12,1.0,0.0
real,0.5,24416,mixed,0.0,1.0,0.0,0.0,0.0,0.0,1,11,1.0,0.0
real,0.0,26484,anime,0.1,0.9,0.1111,1.0,0.1111,0.0708,2,8,1.0,0.0
real,0.05,26484,anime,0.1,0.9,0.1111,1.0,0.1111,0.0708,2,8,1.0,0.0
real,0.1,26484,anime,0.1,0.9,0.1111,1.0,0.1111,0.0708,2,9,1.0,0.0
real,0.15,26484,anime,0.0,0.9,0.0,0.0,0.0,0.0,2,9,1.0,0.0
real,0.2,26484,anime,0.0,0.9,0.0,0.0,0.0,0.0,2,9,1.0,0.0
real,0.3,26484,anime,0.0,0.9,0.0,0.0,0.0,0.0,2,10,1.0,0.0
real,0.4,26484,anime,0.0,0.9,0.0,0.0,0.0,0.0,1,10,1.0,0.0
real,0.5,26484,anime,0.0,0.9,0.0,0.0,0.0,0.0,1,10,1.0,0.0
real,0.0,26518,hollywood,0.1,1.0,0.0769,1.0,1.0,0.2201,1,11,1.0,0.0
real,0.05,26518,hollywood,0.1,1.0,0.0769,1.0,1.0,0.2201,1,10,1.0,0.0
real,0.1,26518,hollywood,0.1,1.0,0.0769,1.0,1.0,0.2201,1,10,1.0,0.0
real,0.15,26518,hollywood,0.1,1.0,0.0769,1.0,1.0,0.2201,1,10,1.0,0.0
real,0.2,26518,hollywood,0.1,1.0,0.0769,1.0,1.0,0.2201,1,10,1.0,0.0
real,0.3,26518,hollywood,0.1,1.0,0.0769,1.0,1.0,0.2201,1,10,1.0,0.0
real,0.4,26518,hollywood,0.1,1.0,0.0769,1.0,1.0,0.2201,1,10,1.0,0.0
real,0.5,26518,hollywood,0.1,1.0,0.0769,1.0,1.0,0.2201,1,10,1.0,0.0
real,0.0,26678,anime,0.1,0.8,0.125,1.0,0.1111,0.0761,3,13,0.9,0.1
real,0.05,26678,anime,0.1,0.8,0.125,1.0,0.1111,0.0761,3,13,0.9,0.1
real,0.1,26678,anime,0.1,0.8,0.125,1.0,0.1429,0.0843,3,13,0.9,0.1
real,0.15,26678,anime,0.2,0.8,0.25,1.0,0.2,0.171,3,13,0.9,0.1
real,0.2,26678,anime,0.2,0.8,0.25,1.0,0.2,0.1776,2,12,1.0,0.0
real,0.3,26678,anime,0.2,0.8,0.25,1.0,0.2,0.1822,1,12,1.0,0.0
real,0.4,26678,anime,0.2,0.8,0.25,1.0,0.25,0.1933,1,11,1.0,0.0
real,0.5,26678,anime,0.2,0.8,0.25,1.0,0.3333,0.2243,1,11,1.0,0.0
real,0.0,27420,anime,0.0,1.0,0.0,0.0,0.0,0.0,2,12,1.0,0.0
real,0.05,27420,anime,0.0,1.0,0.0,0.0,0.0,0.0,2,12,1.0,0.0
real,0.1,27420,anime,0.0,1.0,0.0,0.0,0.0,0.0,2,12,1.0,0.0
real,0.15,27420,anime,0.1,1.0,0.0556,1.0,0.1,0.0636,2,12,1.0,0.0
real,0.2,27420,anime,0.1,1.0,0.0556,1.0,0.1111,0.0663,2,12,1.0,0.0
real,0.3,27420,anime,0.2,1.0,0.1111,1.0,0.1111,0.1299,2,12,1.0,0.0
real,0.4,27420,anime,0.2,1.0,0.1111,1.0,0.1429,0.137,2,13,1.0,0.0
real,0.5,27420,anime,0.2,1.0,0.1111,1.0,0.2,0.1585,2,12,1.0,0.0
real,0.0,28115,hollywood,0.2,0.8,0.25,1.0,0.125,0.1559,3,12,0.6,0.4
real,0.05,28115,hollywood,0.2,0.8,0.25,1.0,0.1429,0.1605,3,12,0.7,0.3
real,0.1,28115,hollywood,0.1,0.8,0.125,1.0,0.1429,0.0843,2,10,0.8,0.2
real,0.15,28115,hollywood,0.1,0.8,0.125,1.0,0.1667,0.0901,2,10,0.9,0.1
real,0.2,28115,hollywood,0.1,0.8,0.125,1.0,0.1667,0.0901,2,10,0.9,0.1
real,0.3,28115,hollywood,0.1,0.8,0.125,1.0,0.1667,0.0901,1,9,1.0,0.0
real,0.4,28115,hollywood,0.1,0.8,0.125,1.0,0.1429,0.0843,1,9,1.0,0.0
real,0.5,28115,hollywood,0.1,0.8,0.125,1.0,0.1111,0.0761,1,8,1.0,0.0
real,0.0,28327,mixed,0.0,0.2,0.0,0.0,0.0,0.0,4,11,0.5,0.5
real,0.05,28327,mixed,0.0,0.2,0.0,0.0,0.0,0.0,4,11,0.6,0.4
real,0.1,28327,mixed,0.0,0.2,0.0,0.0,0.0,0.0,4,11,0.6,0.4
real,0.15,28327,mixed,0.0,0.2,0.0,0.0,0.0,0.0,3,11,0.7,0.3
real,0.2,28327,mixed,0.0,0.2,0.0,0.0,0.0,0.0,1,13,1.0,0.0
real,0.3,28327,mixed,0.0,0.2,0.0,0.0,0.0,0.0,1,13,1.0,0.0
real,0.4,28327,mixed,0.0,0.2,0.0,0.0,0.0,0.0,1,13,1.0,0.0
real,0.5,28327,mixed,0.0,0.2,0.0,0.0,0.0,0.0,1,13,1.0,0.0
real,0.0,28775,korean,0.0,1.0,0.0,0.0,0.0,0.0,3,7,0.7,0.3
real,0.05,28775,korean,0.0,1.0,0.0,0.0,0.0,0.0,2,6,0.9,0.1
real,0.1,28775,korean,0.0,1.0,0.0,0.0,0.0,0.0,1,6,1.0,0.0
real,0.15,28775,korean,0.0,1.0,0.0,0.0,0.0,0.0,1,6,1.0,0.0
real,0.2,28775,korean,0.0,1.0,0.0,0.0,0.0,0.0,1,6,1.0,0.0
real,0.3,28775,korean,0.1,1.0,0.0323,1.0,0.1667,0.0784,2,6,1.0,0.0
real,0.4,28775,korean,0.1,1.0,0.0323,1.0,1.0,0.2201,2,9,1.0,0.0
real,0.5,28775,korean,0.1,1.0,0.0323,1.0,1.0,0.2201,2,10,1.0,0.0
real,0.0,28849,hollywood,0.3,1.0,0.2727,1.0,1.0,0.3629,3,6,0.7,0.3
real,0.05,28849,hollywood,0.3,1.0,0.2727,1.0,1.0,0.3719,3,6,0.7,0.3
real,0.1,28849,hollywood,0.3,1.0,0.2727,1.0,1.0,0.3836,3,6,0.8,0.2
real,0.15,28849,hollywood,0.3,1.0,0.2727,1.0,1.0,0.3836,1,8,1.0,0.0
real,0.2,28849,hollywood,0.3,1.0,0.2727,1.0,1.0,0.3836,1,8,1.0,0.0
real,0.3,28849,hollywood,0.3,1.0,0.2727,1.0,1.0,0.3836,1,10,1.0,0.0
real,0.4,28849,hollywood,0.3,1.0,0.2727,1.0,1.0,0.3836,1,10,1.0,0.0
real,0.5,28849,hollywood,0.3,1.0,0.2727,1.0,1.0,0.3836,1,9,1.0,0.0
real,0.0,29318,hollywood,0.2,0.5,0.4,1.0,1.0,0.5531,1,5,1.0,0.0
real,0.05,29318,hollywood,0.2,0.5,0.4,1.0,1.0,0.5531,1,5,1.0,0.0
real,0.1,29318,hollywood,0.2,0.5,0.4,1.0,1.0,0.5531,1,5,1.0,0.0
real,0.15,29318,hollywood,0.2,0.5,0.4,1.0,1.0,0.5531,1,5,1.0,0.0
real,0.2,29318,hollywood,0.2,0.5,0.4,1.0,1.0,0.5531,1,5,1.0,0.0
real,0.3,29318,hollywood,0.2,0.5,0.4,1.0,1.0,0.5531,1,5,1.0,0.0
real,0.4,29318,hollywood,0.2,0.5,0.4,1.0,1.0,0.5531,1,5,1.0,0.0
real,0.5,29318,hollywood,0.2,0.5,0.4,1.0,1.0,0.5531,1,5,1.0,0.0
real,0.0,29422,anime,0.0,0.5,0.0,0.0,0.0,0.0,2,9,1.0,0.0
real,0.05,29422,anime,0.0,0.5,0.0,0.0,0.0,0.0,2,9,1.0,0.0
real,0.1,29422,anime,0.0,0.5,0.0,0.0,0.0,0.0,2,9,1.0,0.0
real,0.15,29422,anime,0.0,0.5,0.0,0.0,0.0,0.0,2,8,1.0,0.0
real,0.2,29422,anime,0.1,0.5,0.2,1.0,0.1,0.098,2,8,1.0,0.0
real,0.3,29422,anime,0.1,0.5,0.2,1.0,0.125,0.107,2,8,1.0,0.0
real,0.4,29422,anime,0.1,0.5,0.2,1.0,0.1111,0.1021,2,8,1.0,0.0
real,0.5,29422,anime,0.0,0.5,0.0,0.0,0.0,0.0,1,9,1.0,0.0
real,0.0,29734,hollywood,0.0,0.6,0.0,0.0,0.0,0.0,2,10,0.9,0.1
real,0.05,29734,hollywood,0.0,0.6,0.0,0.0,0.0,0.0,2,10,0.9,0.1
real,0.1,29734,hollywood,0.0,0.6,0.0,0.0,0.0,0.0,2,10,0.9,0.1
real,0.15,29734,hollywood,0.0,0.6,0.0,0.0,0.0,0.0,1,9,1.0,0.0
real,0.2,29734,hollywood,0.0,0.6,0.0,0.0,0.0,0.0,1,9,1.0,0.0
real,0.3,29734,hollywood,0.1,0.6,0.1667,1.0,0.1,0.0875,1,9,1.0,0.0
real,0.4,29734,hollywood,0.0,0.6,0.0,0.0,0.0,0.0,1,10,1.0,0.0
real,0.5,29734,hollywood,0.1,0.6,0.1667,1.0,0.1,0.0875,1,10,1.0,0.0
real,0.0,30003,mixed,0.1,1.0,0.1,1.0,0.2,0.0851,2,10,0.8,0.2
real,0.05,30003,mixed,0.1,1.0,0.1,1.0,0.1111,0.0663,2,10,0.8,0.2
real,0.1,30003,mixed,0.1,1.0,0.1,1.0,0.1111,0.0663,1,10,1.0,0.0
real,0.15,30003,mixed,0.1,1.0,0.1,1.0,0.1111,0.0663,1,10,1.0,0.0
real,0.2,30003,mixed,0.1,1.0,0.1,1.0,0.1111,0.0663,1,10,1.0,0.0
real,0.3,30003,mixed,0.1,1.0,0.1,1.0,0.1111,0.0663,1,10,1.0,0.0
real,0.4,30003,mixed,0.1,1.0,0.1,1.0,0.1111,0.0663,1,10,1.0,0.0
real,0.5,30003,mixed,0.1,1.0,0.1,1.0,0.125,0.0694,1,10,1.0,0.0
real,0.0,30827,hollywood,0.4,1.0,0.0465,1.0,0.25,0.322,2,8,0.8,0.2
real,0.05,30827,hollywood,0.4,1.0,0.0465,1.0,0.3333,0.3398,2,8,0.9,0.1
real,0.1,30827,hollywood,0.4,1.0,0.0465,1.0,0.5,0.4003,2,8,0.9,0.1
real,0.15,30827,hollywood,0.5,1.0,0.0581,1.0,0.5,0.4671,1,8,1.0,0.0
real,0.2,30827,hollywood,0.5,1.0,0.0581,1.0,0.5,0.4671,1,8,1.0,0.0
real,0.3,30827,hollywood,0.5,1.0,0.0581,1.0,0.5,0.4671,1,8,1.0,0.0
real,0.4,30827,hollywood,0.5,1.0,0.0581,1.0,0.5,0.4671,1,8,1.0,0.0
real,0.5,30827,hollywood,0.5,1.0,0.0581,1.0,0.5,0.4553,1,8,1.0,0.0
real,0.0,30880,anime,0.0,0.8,0.0,0.0,0.0,0.0,3,10,0.9,0.1
real,0.05,30880,anime,0.0,0.8,0.0,0.0,0.0,0.0,3,10,0.9,0.1
real,0.1,30880,anime,0.0,0.8,0.0,0.0,0.0,0.0,3,10,0.9,0.1
real,0.15,30880,anime,0.0,0.8,0.0,0.0,0.0,0.0,2,11,1.0,0.0
real,0.2,30880,anime,0.0,0.8,0.0,0.0,0.0,0.0,2,10,1.0,0.0
real,0.3,30880,anime,0.0,0.8,0.0,0.0,0.0,0.0,1,11,1.0,0.0
real,0.4,30880,anime,0.0,0.8,0.0,0.0,0.0,0.0,1,11,1.0,0.0
real,0.5,30880,anime,0.0,0.8,0.0,0.0,0.0,0.0,1,11,1.0,0.0
real,0.0,31260,hollywood,0.0,0.8,0.0,0.0,0.0,0.0,2,5,0.9,0.1
real,0.05,31260,hollywood,0.0,0.8,0.0,0.0,0.0,0.0,2,5,0.9,0.1
real,0.1,31260,hollywood,0.0,0.8,0.0,0.0,0.0,0.0,2,5,0.9,0.1
real,0.15,31260,hollywood,0.0,0.8,0.0,0.0,0.0,0.0,2,5,0.9,0.1
real,0.2,31260,hollywood,0.0,0.8,0.0,0.0,0.0,0.0,1,5,1.0,0.0
real,0.3,31260,hollywood,0.0,0.8,0.0,0.0,0.0,0.0,1,5,1.0,0.0
real,0.4,31260,hollywood,0.0,0.8,0.0,0.0,0.0,0.0,1,6,1.0,0.0
real,0.5,31260,hollywood,0.0,0.8,0.0,0.0,0.0,0.0,1,6,1.0,0.0
real,0.0,31650,anime,0.2,1.0,0.2,1.0,0.3333,0.1737,3,11,0.9,0.1
real,0.05,31650,anime,0.2,1.0,0.2,1.0,0.5,0.2051,3,11,0.9,0.1
real,0.1,31650,anime,0.3,1.0,0.3,1.0,0.5,0.2785,3,12,0.9,0.1
real,0.15,31650,anime,0.4,1.0,0.4,1.0,0.5,0.3382,2,12,1.0,0.0
real,0.2,31650,anime,0.4,1.0,0.4,1.0,0.5,0.3421,2,12,1.0,0.0
real,0.3,31650,anime,0.3,1.0,0.3,1.0,0.5,0.2817,2,12,1.0,0.0
real,0.4,31650,anime,0.4,1.0,0.4,1.0,0.5,0.3569,1,11,1.0,0.0
real,0.5,31650,anime,0.6,1.0,0.6,1.0,0.3333,0.4611,1,11,1.0,0.0
real,0.0,31856,mixed,0.1,0.7,0.1429,1.0,0.3333,0.1374,7,9,0.3,0.7
real,0.05,31856,mixed,0.1,0.7,0.1429,1.0,0.25,0.1184,6,10,0.5,0.5
real,0.1,31856,mixed,0.1,0.7,0.1429,1.0,0.25,0.1184,5,10,0.6,0.4
real,0.15,31856,mixed,0.1,0.7,0.1429,1.0,0.25,0.1184,3,10,0.8,0.2
real,0.2,31856,mixed,0.1,0.7,0.1429,1.0,0.1429,0.0916,2,10,0.9,0.1
real,0.3,31856,mixed,0.0,0.7,0.0,0.0,0.0,0.0,1,10,1.0,0.0
real,0.4,31856,mixed,0.0,0.7,0.0,0.0,0.0,0.0,1,10,1.0,0.0
real,0.5,31856,mixed,0.0,0.7,0.0,0.0,0.0,0.0,1,11,1.0,0.0
real,0.0,32379,korean,0.5,1.0,0.1351,1.0,1.0,0.6122,2,13,0.8,0.2
real,0.05,32379,korean,0.7,1.0,0.1892,1.0,1.0,0.7183,1,8,1.0,0.0
real,0.1,32379,korean,0.7,1.0,0.1892,1.0,1.0,0.7183,1,8,1.0,0.0
real,0.15,32379,korean,0.7,1.0,0.1892,1.0,1.0,0.7183,1,8,1.0,0.0
real,0.2,32379,korean,0.7,1.0,0.1892,1.0,1.0,0.7183,1,8,1.0,0.0
real,0.3,32379,korean,0.7,1.0,0.1892,1.0,1.0,0.7183,1,8,1.0,0.0
real,0.4,32379,korean,0.5,1.0,0.1351,1.0,1.0,0.5767,2,9,1.0,0.0
real,0.5,32379,korean,0.2,1.0,0.0541,1.0,1.0,0.2895,2,12,1.0,0.0
real,0.0,32392,korean,0.1,0.8,0.125,1.0,1.0,0.2529,4,6,0.6,0.4
real,0.05,32392,korean,0.1,0.8,0.125,1.0,1.0,0.2529,3,6,0.7,0.3
real,0.1,32392,korean,0.1,0.8,0.125,1.0,1.0,0.2529,3,6,0.8,0.2
real,0.15,32392,korean,0.1,0.8,0.125,1.0,1.0,0.2529,3,5,0.9,0.1
real,0.2,32392,korean,0.1,0.8,0.125,1.0,1.0,0.2529,3,5,0.9,0.1
real,0.3,32392,korean,0.1,0.8,0.125,1.0,1.0,0.2529,2,6,1.0,0.0
real,0.4,32392,korean,0.1,0.8,0.125,1.0,1.0,0.2529,2,9,1.0,0.0
real,0.5,32392,korean,0.1,0.8,0.125,1.0,0.3333,0.1265,2,9,1.0,0.0
real,0.0,33032,korean,0.1,0.9,0.1111,1.0,0.1667,0.0837,2,11,0.9,0.1
real,0.05,33032,korean,0.1,0.9,0.1111,1.0,0.1667,0.0837,2,9,1.0,0.0
real,0.1,33032,korean,0.1,0.9,0.1111,1.0,0.1667,0.0837,2,12,1.0,0.0
real,0.15,33032,korean,0.1,0.9,0.1111,1.0,0.1667,0.0837,2,12,1.0,0.0
real,0.2,33032,korean,0.1,0.9,0.1111,1.0,0.1111,0.0708,2,11,1.0,0.0
real,0.3,33032,korean,0.1,0.9,0.1111,1.0,0.1,0.0679,2,11,1.0,0.0
real,0.4,33032,korean,0.1,0.9,0.1111,1.0,0.1111,0.0708,1,11,1.0,0.0
real,0.5,33032,korean,0.1,0.9,0.1111,1.0,0.1111,0.0708,1,11,1.0,0.0
real,0.0,33192,hollywood,0.0,0.6,0.0,0.0,0.0,0.0,3,10,0.8,0.2
real,0.05,33192,hollywood,0.0,0.6,0.0,0.0,0.0,0.0,2,8,0.9,0.1
real,0.1,33192,hollywood,0.0,0.6,0.0,0.0,0.0,0.0,1,8,1.0,0.0
real,0.15,33192,hollywood,0.0,0.6,0.0,0.0,0.0,0.0,1,8,1.0,0.0
real,0.2,33192,hollywood,0.0,0.6,0.0,0.0,0.0,0.0,1,8,1.0,0.0
real,0.3,33192,hollywood,0.0,0.6,0.0,0.0,0.0,0.0,1,8,1.0,0.0
real,0.4,33192,hollywood,0.0,0.6,0.0,0.0,0.0,0.0,1,8,1.0,0.0
real,0.5,33192,hollywood,0.1,0.6,0.1667,1.0,0.1,0.0875,1,8,1.0,0.0
real,0.0,33251,korean,0.0,1.0,0.0,0.0,0.0,0.0,7,5,0.2,0.8
real,0.05,33251,korean,0.0,1.0,0.0,0.0,0.0,0.0,6,5,0.5,0.5
real,0.1,33251,korean,0.0,1.0,0.0,0.0,0.0,0.0,3,5,0.8,0.2
real,0.15,33251,korean,0.0,1.0,0.0,0.0,0.0,0.0,2,5,0.9,0.1
real,0.2,33251,korean,0.0,1.0,0.0,0.0,0.0,0.0,1,8,1.0,0.0
real,0.3,33251,korean,0.0,1.0,0.0,0.0,0.0,0.0,1,8,1.0,0.0
real,0.4,33251,korean,0.0,1.0,0.0,0.0,0.0,0.0,2,9,1.0,0.0
real,0.5,33251,korean,0.0,1.0,0.0,0.0,0.0,0.0,2,10,1.0,0.0
real,0.0,33266,hollywood,0.1,0.6,0.1667,1.0,1.0,0.3026,3,8,0.8,0.2
real,0.05,33266,hollywood,0.1,0.6,0.1667,1.0,1.0,0.3026,2,7,0.9,0.1
real,0.1,33266,hollywood,0.1,0.6,0.1667,1.0,1.0,0.3026,2,7,0.9,0.1
real,0.15,33266,hollywood,0.1,0.6,0.1667,1.0,1.0,0.3026,2,7,0.9,0.1
real,0.2,33266,hollywood,0.1,0.6,0.1667,1.0,1.0,0.3026,2,7,0.9,0.1
real,0.3,33266,hollywood,0.1,0.6,0.1667,1.0,1.0,0.3026,1,8,1.0,0.0
real,0.4,33266,hollywood,0.1,0.6,0.1667,1.0,1.0,0.3026,1,9,1.0,0.0
real,0.5,33266,hollywood,0.1,0.6,0.1667,1.0,1.0,0.3026,1,9,1.0,0.0
real,0.0,34844,anime,0.1,1.0,0.0556,1.0,0.1667,0.0784,5,12,0.4,0.6
real,0.05,34844,anime,0.1,1.0,0.0556,1.0,0.1429,0.0734,5,12,0.5,0.5
real,0.1,34844,anime,0.1,1.0,0.0556,1.0,0.1111,0.0663,5,12,0.5,0.5
real,0.15,34844,anime,0.0,1.0,0.0,0.0,0.0,0.0,4,11,0.7,0.3
real,0.2,34844,anime,0.0,1.0,0.0,0.0,0.0,0.0,3,11,0.9,0.1
real,0.3,34844,anime,0.1,1.0,0.0556,1.0,0.1,0.0636,3,12,0.9,0.1
real,0.4,34844,anime,0.1,1.0,0.0556,1.0,0.1111,0.0663,2,12,1.0,0.0
real,0.5,34844,anime,0.1,1.0,0.0556,1.0,0.1667,0.0784,1,11,1.0,0.0
real,0.0,35021,hollywood,0.0,1.0,0.0,0.0,0.0,0.0,4,10,0.7,0.3
real,0.05,35021,hollywood,0.0,1.0,0.0,0.0,0.0,0.0,2,9,0.9,0.1
real,0.1,35021,hollywood,0.0,1.0,0.0,0.0,0.0,0.0,2,9,0.9,0.1
real,0.15,35021,hollywood,0.0,1.0,0.0,0.0,0.0,0.0,2,9,0.9,0.1
real,0.2,35021,hollywood,0.0,1.0,0.0,0.0,0.0,0.0,1,8,1.0,0.0
real,0.3,35021,hollywood,0.0,1.0,0.0,0.0,0.0,0.0,1,8,1.0,0.0
real,0.4,35021,hollywood,0.0,1.0,0.0,0.0,0.0,0.0,1,8,1.0,0.0
real,0.5,35021,hollywood,0.0,1.0,0.0,0.0,0.0,0.0,1,8,1.0,0.0
real,0.0,36381,hollywood,0.3,1.0,0.1875,1.0,0.3333,0.2782,4,8,0.7,0.3
real,0.05,36381,hollywood,0.3,1.0,0.1875,1.0,0.3333,0.2832,3,8,0.8,0.2
real,0.1,36381,hollywood,0.3,1.0,0.1875,1.0,0.3333,0.2832,3,8,0.8,0.2
real,0.15,36381,hollywood,0.3,1.0,0.1875,1.0,1.0,0.3933,3,8,0.8,0.2
real,0.2,36381,hollywood,0.3,1.0,0.1875,1.0,1.0,0.4441,3,8,0.8,0.2
real,0.3,36381,hollywood,0.3,1.0,0.1875,1.0,1.0,0.4537,1,7,1.0,0.0
real,0.4,36381,hollywood,0.3,1.0,0.1875,1.0,1.0,0.4537,1,7,1.0,0.0
real,0.5,36381,hollywood,0.3,1.0,0.1875,1.0,1.0,0.4537,1,7,1.0,0.0
real,0.0,36413,hollywood,0.2,0.7,0.2857,1.0,0.3333,0.2291,4,9,0.6,0.4
real,0.05,36413,hollywood,0.2,0.7,0.2857,1.0,0.3333,0.2438,3,9,0.7,0.3
real,0.1,36413,hollywood,0.2,0.7,0.2857,1.0,0.5,0.2918,2,8,0.9,0.1
real,0.15,36413,hollywood,0.3,0.7,0.4286,1.0,0.5,0.3746,2,8,0.9,0.1
real,0.2,36413,hollywood,0.3,0.7,0.4286,1.0,0.5,0.3785,2,8,0.9,0.1
real,0.3,36413,hollywood,0.3,0.7,0.4286,1.0,0.5,0.4088,1,8,1.0,0.0
real,0.4,36413,hollywood,0.3,0.7,0.4286,1.0,0.5,0.4172,1,6,1.0,0.0
real,0.5,36413,hollywood,0.3,0.7,0.4286,1.0,0.5,0.4172,1,6,1.0,0.0
real,0.0,36615,korean,0.1,0.4,0.25,1.0,0.125,0.1232,2,7,0.8,0.2
real,0.05,36615,korean,0.1,0.4,0.25,1.0,0.1429,0.1301,2,7,0.8,0.2
real,0.1,36615,korean,0.1,0.4,0.25,1.0,0.1429,0.1301,2,6,0.9,0.1
real,0.15,36615,korean,0.1,0.4,0.25,1.0,0.1429,0.1301,2,6,0.9,0.1
real,0.2,36615,korean,0.1,0.4,0.25,1.0,0.1429,0.1301,2,6,0.9,0.1
real,0.3,36615,korean,0.1,0.4,0.25,1.0,0.1667,0.1391,2,7,1.0,0.0
real,0.4,36615,korean,0.1,0.4,0.25,1.0,0.1111,0.1175,2,6,1.0,0.0
real,0.5,36615,korean,0.0,0.4,0.0,0.0,0.0,0.0,2,7,1.0,0.0
real,0.0,37375,bollywood,0.3,1.0,0.0508,1.0,1.0,0.3621,3,12,0.8,0.2
real,0.05,37375,bollywood,0.3,1.0,0.0508,1.0,1.0,0.3679,1,11,1.0,0.0
real,0.1,37375,bollywood,0.3,1.0,0.0508,1.0,1.0,0.3679,1,11,1.0,0.0
real,0.15,37375,bollywood,0.3,1.0,0.0508,1.0,1.0,0.3679,1,11,1.0,0.0
real,0.2,37375,bollywood,0.3,1.0,0.0508,1.0,1.0,0.3679,1,11,1.0,0.0
real,0.3,37375,bollywood,0.3,1.0,0.0508,1.0,1.0,0.3647,1,11,1.0,0.0
real,0.4,37375,bollywood,0.4,1.0,0.0678,1.0,1.0,0.4381,2,12,1.0,0.0
real,0.5,37375,bollywood,0.4,1.0,0.0678,1.0,1.0,0.5101,2,12,1.0,0.0
real,0.0,37443,bollywood,0.0,1.0,0.0,0.0,0.0,0.0,4,11,0.7,0.3
real,0.05,37443,bollywood,0.1,1.0,0.04,1.0,0.1,0.0636,4,12,0.8,0.2
real,0.1,37443,bollywood,0.1,1.0,0.04,1.0,0.125,0.0694,2,12,1.0,0.0
real,0.15,37443,bollywood,0.1,1.0,0.04,1.0,0.1111,0.0663,2,12,1.0,0.0
real,0.2,37443,bollywood,0.1,1.0,0.04,1.0,0.1,0.0636,2,12,1.0,0.0
real,0.3,37443,bollywood,0.1,1.0,0.04,1.0,0.1429,0.0734,2,13,1.0,0.0
real,0.4,37443,bollywood,0.1,1.0,0.04,1.0,0.1667,0.0784,2,11,1.0,0.0
real,0.5,37443,bollywood,0.2,1.0,0.08,1.0,0.25,0.1584,2,11,1.0,0.0
real,0.0,37450,anime,0.2,1.0,0.1,1.0,0.125,0.1331,4,9,0.7,0.3
real,0.05,37450,anime,0.1,1.0,0.05,1.0,0.1111,0.0663,4,9,0.7,0.3
real,0.1,37450,anime,0.1,1.0,0.05,1.0,0.1111,0.0663,2,11,1.0,0.0
real,0.15,37450,anime,0.2,1.0,0.1,1.0,0.1111,0.1299,2,11,1.0,0.0
real,0.2,37450,anime,0.2,1.0,0.1,1.0,0.125,0.1357,2,11,1.0,0.0
real,0.3,37450,anime,0.3,1.0,0.15,1.0,0.1429,0.2064,2,12,1.0,0.0
real,0.4,37450,anime,0.3,1.0,0.15,1.0,0.1667,0.218,2,12,1.0,0.0
real,0.5,37450,anime,0.3,1.0,0.15,1.0,0.1667,0.2212,1,11,1.0,0.0
real,0.0,37987,korean,0.0,1.0,0.0,0.0,0.0,0.0,4,5,0.7,0.3
real,0.05,37987,korean,0.0,1.0,0.0,0.0,0.0,0.0,4,5,0.7,0.3
real,0.1,37987,korean,0.0,1.0,0.0,0.0,0.0,0.0,3,4,0.8,0.2
real,0.15,37987,korean,0.0,1.0,0.0,0.0,0.0,0.0,2,4,0.9,0.1
real,0.2,37987,korean,0.0,1.0,0.0,0.0,0.0,0.0,2,4,0.9,0.1
real,0.3,37987,korean,0.1,1.0,0.0769,1.0,0.1,0.0636,1,7,1.0,0.0
real,0.4,37987,korean,0.0,1.0,0.0,0.0,0.0,0.0,2,6,1.0,0.0
real,0.5,37987,korean,0.0,1.0,0.0,0.0,0.0,0.0,2,10,1.0,0.0
real,0.0,38559,hollywood,0.1,1.0,0.0667,1.0,0.25,0.0948,5,10,0.4,0.6
real,0.05,38559,hollywood,0.1,1.0,0.0667,1.0,0.1429,0.0734,4,10,0.7,0.3
real,0.1,38559,hollywood,0.0,1.0,0.0,0.0,0.0,0.0,1,7,1.0,0.0
real,0.15,38559,hollywood,0.0,1.0,0.0,0.0,0.0,0.0,1,7,1.0,0.0
real,0.2,38559,hollywood,0.0,1.0,0.0,0.0,0.0,0.0,1,7,1.0,0.0
real,0.3,38559,hollywood,0.0,1.0,0.0,0.0,0.0,0.0,1,7,1.0,0.0
real,0.4,38559,hollywood,0.0,1.0,0.0,0.0,0.0,0.0,1,7,1.0,0.0
real,0.5,38559,hollywood,0.0,1.0,0.0,0.0,0.0,0.0,1,7,1.0,0.0
real,0.0,38779,bollywood,0.0,0.5,0.0,0.0,0.0,0.0,5,9,0.7,0.3
real,0.05,38779,bollywood,0.0,0.5,0.0,0.0,0.0,0.0,3,10,0.9,0.1
real,0.1,38779,bollywood,0.0,0.5,0.0,0.0,0.0,0.0,2,10,1.0,0.0
real,0.15,38779,bollywood,0.0,0.5,0.0,0.0,0.0,0.0,2,10,1.0,0.0
real,0.2,38779,bollywood,0.0,0.5,0.0,0.0,0.0,0.0,2,10,1.0,0.0
real,0.3,38779,bollywood,0.0,0.5,0.0,0.0,0.0,0.0,2,10,1.0,0.0
real,0.4,38779,bollywood,0.0,0.5,0.0,0.0,0.0,0.0,2,10,1.0,0.0
real,0.5,38779,bollywood,0.0,0.5,0.0,0.0,0.0,0.0,2,11,1.0,0.0
real,0.0,39060,hollywood,0.1,0.3,0.3333,1.0,0.2,0.1815,2,8,0.9,0.1
real,0.05,39060,hollywood,0.1,0.3,0.3333,1.0,0.2,0.1815,1,8,1.0,0.0
real,0.1,39060,hollywood,0.1,0.3,0.3333,1.0,0.2,0.1815,1,8,1.0,0.0
real,0.15,39060,hollywood,0.1,0.3,0.3333,1.0,0.2,0.1815,1,8,1.0,0.0
real,0.2,39060,hollywood,0.1,0.3,0.3333,1.0,0.2,0.1815,1,8,1.0,0.0
real,0.3,39060,hollywood,0.1,0.3,0.3333,1.0,0.2,0.1815,1,8,1.0,0.0
real,0.4,39060,hollywood,0.1,0.3,0.3333,1.0,0.2,0.1815,1,8,1.0,0.0
real,0.5,39060,hollywood,0.1,0.3,0.3333,1.0,0.25,0.2021,1,8,1.0,0.0
real,0.0,39860,bollywood,0.0,1.0,0.0,0.0,0.0,0.0,2,9,0.9,0.1
real,0.05,39860,bollywood,0.0,1.0,0.0,0.0,0.0,0.0,2,9,0.9,0.1
real,0.1,39860,bollywood,0.0,1.0,0.0,0.0,0.0,0.0,2,9,0.9,0.1
real,0.15,39860,bollywood,0.0,1.0,0.0,0.0,0.0,0.0,1,7,1.0,0.0
real,0.2,39860,bollywood,0.0,1.0,0.0,0.0,0.0,0.0,1,7,1.0,0.0
real,0.3,39860,bollywood,0.0,1.0,0.0,0.0,0.0,0.0,1,7,1.0,0.0
real,0.4,39860,bollywood,0.0,1.0,0.0,0.0,0.0,0.0,1,8,1.0,0.0
real,0.5,39860,bollywood,0.0,1.0,0.0,0.0,0.0,0.0,1,8,1.0,0.0
real,0.0,40036,anime,0.1,0.8,0.125,1.0,0.2,0.0979,3,11,0.9,0.1
real,0.05,40036,anime,0.1,0.8,0.125,1.0,0.2,0.0979,2,12,1.0,0.0
real,0.1,40036,anime,0.1,0.8,0.125,1.0,0.25,0.1089,2,12,1.0,0.0
real,0.15,40036,anime,0.1,0.8,0.125,1.0,0.3333,0.1265,2,11,1.0,0.0
real,0.2,40036,anime,0.1,0.8,0.125,1.0,1.0,0.2529,2,11,1.0,0.0
real,0.3,40036,anime,0.1,0.8,0.125,1.0,0.5,0.1596,2,12,1.0,0.0
real,0.4,40036,anime,0.1,0.8,0.125,1.0,0.5,0.1596,1,10,1.0,0.0
real,0.5,40036,anime,0.1,0.8,0.125,1.0,0.25,0.1089,1,11,1.0,0.0
real,0.0,40831,bollywood,0.2,1.0,0.0202,1.0,0.1667,0.1478,7,11,0.3,0.7
real,0.05,40831,bollywood,0.3,1.0,0.0303,1.0,0.3333,0.247,6,11,0.4,0.6
real,0.1,40831,bollywood,0.3,1.0,0.0303,1.0,0.5,0.307,5,11,0.5,0.5
real,0.15,40831,bollywood,0.4,1.0,0.0404,1.0,0.5,0.4003,3,13,0.8,0.2
real,0.2,40831,bollywood,0.5,1.0,0.0505,1.0,0.5,0.4767,2,13,0.9,0.1
real,0.3,40831,bollywood,0.4,1.0,0.0404,1.0,1.0,0.5326,3,14,0.9,0.1
real,0.4,40831,bollywood,0.3,1.0,0.0303,1.0,0.5,0.3437,2,14,1.0,0.0
real,0.5,40831,bollywood,0.3,1.0,0.0303,1.0,0.25,0.2426,2,14,1.0,0.0
real,0.0,41991,mixed,0.2,1.0,0.1429,1.0,1.0,0.359,4,5,0.5,0.5
real,0.05,41991,mixed,0.2,1.0,0.1429,1.0,1.0,0.359,4,5,0.6,0.4
real,0.1,41991,mixed,0.3,1.0,0.2143,1.0,1.0,0.4226,2,5,0.8,0.2
real,0.15,41991,mixed,0.3,1.0,0.2143,1.0,1.0,0.4252,2,5,0.9,0.1
real,0.2,41991,mixed,0.3,1.0,0.2143,1.0,1.0,0.4284,1,4,1.0,0.0
real,0.3,41991,mixed,0.3,1.0,0.2143,1.0,1.0,0.4284,1,4,1.0,0.0
real,0.4,41991,mixed,0.2,1.0,0.1429,1.0,1.0,0.359,1,4,1.0,0.0
real,0.5,41991,mixed,0.2,1.0,0.1429,1.0,1.0,0.359,1,4,1.0,0.0
real,0.0,43076,bollywood,0.3,1.0,0.2143,1.0,0.5,0.3024,3,11,0.3,0.7
real,0.05,43076,bollywood,0.3,1.0,0.2143,1.0,0.3333,0.2646,3,10,0.4,0.6
real,0.1,43076,bollywood,0.1,1.0,0.0714,1.0,0.1667,0.0784,3,11,0.6,0.4
real,0.15,43076,bollywood,0.0,1.0,0.0,0.0,0.0,0.0,2,10,0.9,0.1
real,0.2,43076,bollywood,0.0,1.0,0.0,0.0,0.0,0.0,1,10,1.0,0.0
real,0.3,43076,bollywood,0.0,1.0,0.0,0.0,0.0,0.0,2,9,1.0,0.0
real,0.4,43076,bollywood,0.0,1.0,0.0,0.0,0.0,0.0,2,10,1.0,0.0
real,0.5,43076,bollywood,0.0,1.0,0.0,0.0,0.0,0.0,2,10,1.0,0.0
real,0.0,43690,bollywood,0.0,0.8,0.0,0.0,0.0,0.0,5,10,0.3,0.7
real,0.05,43690,bollywood,0.0,0.8,0.0,0.0,0.0,0.0,4,11,0.4,0.6
real,0.1,43690,bollywood,0.1,0.8,0.125,1.0,0.1,0.0731,5,12,0.7,0.3
real,0.15,43690,bollywood,0.1,0.8,0.125,1.0,0.1429,0.0843,4,14,0.8,0.2
real,0.2,43690,bollywood,0.1,0.8,0.125,1.0,0.1429,0.0843,3,14,0.9,0.1
real,0.3,43690,bollywood,0.1,0.8,0.125,1.0,0.5,0.1596,3,14,0.9,0.1
real,0.4,43690,bollywood,0.1,0.8,0.125,1.0,0.5,0.1596,2,11,1.0,0.0
real,0.5,43690,bollywood,0.1,0.8,0.125,1.0,1.0,0.2529,2,9,1.0,0.0
real,0.0,45843,hollywood,0.0,0.6,0.0,0.0,0.0,0.0,7,12,0.1,0.9
real,0.05,45843,hollywood,0.0,0.6,0.0,0.0,0.0,0.0,7,11,0.2,0.8
real,0.1,45843,hollywood,0.0,0.6,0.0,0.0,0.0,0.0,7,11,0.3,0.7
real,0.15,45843,hollywood,0.0,0.6,0.0,0.0,0.0,0.0,6,11,0.4,0.6
real,0.2,45843,hollywood,0.0,0.6,0.0,0.0,0.0,0.0,5,11,0.6,0.4
real,0.3,45843,hollywood,0.0,0.6,0.0,0.0,0.0,0.0,2,10,0.9,0.1
real,0.4,45843,hollywood,0.0,0.6,0.0,0.0,0.0,0.0,1,9,1.0,0.0
real,0.5,45843,hollywood,0.0,0.6,0.0,0.0,0.0,0.0,1,9,1.0,0.0
real,0.0,46687,hollywood,0.0,1.0,0.0,0.0,0.0,0.0,5,8,0.5,0.5
real,0.05,46687,hollywood,0.0,1.0,0.0,0.0,0.0,0.0,5,8,0.5,0.5
real,0.1,46687,hollywood,0.0,1.0,0.0,0.0,0.0,0.0,4,8,0.6,0.4
real,0.15,46687,hollywood,0.0,1.0,0.0,0.0,0.0,0.0,3,9,0.8,0.2
real,0.2,46687,hollywood,0.0,1.0,0.0,0.0,0.0,0.0,2,8,0.9,0.1
real,0.3,46687,hollywood,0.0,1.0,0.0,0.0,0.0,0.0,1,9,1.0,0.0
real,0.4,46687,hollywood,0.1,1.0,0.0417,1.0,0.1667,0.0784,1,8,1.0,0.0
real,0.5,46687,hollywood,0.1,1.0,0.0417,1.0,0.2,0.0851,1,8,1.0,0.0
real,0.0,47509,hollywood,0.0,1.0,0.0,0.0,0.0,0.0,5,10,0.6,0.4
real,0.05,47509,hollywood,0.1,1.0,0.0179,1.0,0.1,0.0636,4,10,0.7,0.3
real,0.1,47509,hollywood,0.2,1.0,0.0357,1.0,0.125,0.1357,2,10,0.9,0.1
real,0.15,47509,hollywood,0.2,1.0,0.0357,1.0,0.125,0.1357,2,10,0.9,0.1
real,0.2,47509,hollywood,0.2,1.0,0.0357,1.0,0.1429,0.1428,1,10,1.0,0.0
real,0.3,47509,hollywood,0.2,1.0,0.0357,1.0,0.1429,0.1428,1,10,1.0,0.0
real,0.4,47509,hollywood,0.2,1.0,0.0357,1.0,0.1429,0.1428,1,10,1.0,0.0
real,0.5,47509,hollywood,0.2,1.0,0.0357,1.0,0.1429,0.1396,1,12,1.0,0.0
real,0.0,47531,mixed,0.0,0.6,0.0,0.0,0.0,0.0,6,11,0.4,0.6
real,0.05,47531,mixed,0.0,0.6,0.0,0.0,0.0,0.0,6,11,0.5,0.5
real,0.1,47531,mixed,0.0,0.6,0.0,0.0,0.0,0.0,3,9,0.8,0.2
real,0.15,47531,mixed,0.0,0.6,0.0,0.0,0.0,0.0,2,8,0.9,0.1
real,0.2,47531,mixed,0.0,0.6,0.0,0.0,0.0,0.0,2,8,0.9,0.1
real,0.3,47531,mixed,0.0,0.6,0.0,0.0,0.0,0.0,1,9,1.0,0.0
real,0.4,47531,mixed,0.0,0.6,0.0,0.0,0.0,0.0,1,8,1.0,0.0
real,0.5,47531,mixed,0.0,0.6,0.0,0.0,0.0,0.0,1,8,1.0,0.0
real,0.0,47544,hollywood,0.4,0.8,0.5,1.0,1.0,0.5766,1,8,1.0,0.0
real,0.05,47544,hollywood,0.4,0.8,0.5,1.0,1.0,0.5766,1,8,1.0,0.0
real,0.1,47544,hollywood,0.4,0.8,0.5,1.0,1.0,0.5766,1,8,1.0,0.0
real,0.15,47544,hollywood,0.4,0.8,0.5,1.0,1.0,0.5766,1,8,1.0,0.0
real,0.2,47544,hollywood,0.4,0.8,0.5,1.0,1.0,0.5766,1,8,1.0,0.0
real,0.3,47544,hollywood,0.4,0.8,0.5,1.0,1.0,0.5766,1,8,1.0,0.0
real,0.4,47544,hollywood,0.5,0.8,0.625,1.0,1.0,0.6498,1,8,1.0,0.0
real,0.5,47544,hollywood,0.5,0.8,0.625,1.0,1.0,0.6528,1,8,1.0,0.0
real,0.0,48993,korean,0.1,0.8,0.125,1.0,0.1429,0.0843,5,11,0.4,0.6
real,0.05,48993,korean,0.1,0.8,0.125,1.0,0.2,0.0979,5,11,0.5,0.5
real,0.1,48993,korean,0.1,0.8,0.125,1.0,0.2,0.0979,4,11,0.6,0.4
real,0.15,48993,korean,0.1,0.8,0.125,1.0,0.25,0.1089,4,11,0.7,0.3
real,0.2,48993,korean,0.1,0.8,0.125,1.0,0.3333,0.1265,4,11,0.8,0.2
real,0.3,48993,korean,0.1,0.8,0.125,1.0,0.25,0.1089,2,10,1.0,0.0
real,0.4,48993,korean,0.1,0.8,0.125,1.0,0.1667,0.0901,2,14,1.0,0.0
real,0.5,48993,korean,0.0,0.8,0.0,0.0,0.0,0.0,1,10,1.0,0.0
real,0.0,49411,bollywood,0.1,0.5,0.2,1.0,0.3333,0.1696,1,8,1.0,0.0
real,0.05,49411,bollywood,0.1,0.5,0.2,1.0,0.3333,0.1696,1,8,1.0,0.0
real,0.1,49411,bollywood,0.1,0.5,0.2,1.0,0.3333,0.1696,1,8,1.0,0.0
real,0.15,49411,bollywood,0.1,0.5,0.2,1.0,0.3333,0.1696,1,8,1.0,0.0
real,0.2,49411,bollywood,0.1,0.5,0.2,1.0,0.3333,0.1696,1,8,1.0,0.0
real,0.3,49411,bollywood,0.1,0.5,0.2,1.0,0.3333,0.1696,1,8,1.0,0.0
real,0.4,49411,bollywood,0.2,0.5,0.4,1.0,0.3333,0.2676,2,10,1.0,0.0
real,0.5,49411,bollywood,0.2,0.5,0.4,1.0,0.3333,0.3156,2,9,1.0,0.0
real,0.0,49735,hollywood,0.0,0.6,0.0,0.0,0.0,0.0,1,8,1.0,0.0
real,0.05,49735,hollywood,0.0,0.6,0.0,0.0,0.0,0.0,1,8,1.0,0.0
real,0.1,49735,hollywood,0.0,0.6,0.0,0.0,0.0,0.0,1,8,1.0,0.0
real,0.15,49735,hollywood,0.0,0.6,0.0,0.0,0.0,0.0,1,8,1.0,0.0
real,0.2,49735,hollywood,0.0,0.6,0.0,0.0,0.0,0.0,1,8,1.0,0.0
real,0.3,49735,hollywood,0.0,0.6,0.0,0.0,0.0,0.0,1,8,1.0,0.0
real,0.4,49735,hollywood,0.0,0.6,0.0,0.0,0.0,0.0,1,8,1.0,0.0
real,0.5,49735,hollywood,0.0,0.6,0.0,0.0,0.0,0.0,1,8,1.0,0.0
real,0.0,50062,hollywood,0.0,1.0,0.0,0.0,0.0,0.0,7,8,0.3,0.7
real,0.05,50062,hollywood,0.0,1.0,0.0,0.0,0.0,0.0,6,8,0.4,0.6
real,0.1,50062,hollywood,0.0,1.0,0.0,0.0,0.0,0.0,5,9,0.6,0.4
real,0.15,50062,hollywood,0.0,1.0,0.0,0.0,0.0,0.0,3,9,0.8,0.2
real,0.2,50062,hollywood,0.0,1.0,0.0,0.0,0.0,0.0,3,9,0.8,0.2
real,0.3,50062,hollywood,0.0,1.0,0.0,0.0,0.0,0.0,1,11,1.0,0.0
real,0.4,50062,hollywood,0.0,1.0,0.0,0.0,0.0,0.0,1,10,1.0,0.0
real,0.5,50062,hollywood,0.0,1.0,0.0,0.0,0.0,0.0,1,10,1.0,0.0
real,0.0,50218,bollywood,0.0,1.0,0.0,0.0,0.0,0.0,3,9,0.8,0.2
real,0.05,50218,bollywood,0.0,1.0,0.0,0.0,0.0,0.0,2,8,0.9,0.1
real,0.1,50218,bollywood,0.0,1.0,0.0,0.0,0.0,0.0,2,8,0.9,0.1
real,0.15,50218,bollywood,0.0,1.0,0.0,0.0,0.0,0.0,2,8,0.9,0.1
real,0.2,50218,bollywood,0.0,1.0,0.0,0.0,0.0,0.0,2,8,0.9,0.1
real,0.3,50218,bollywood,0.0,1.0,0.0,0.0,0.0,0.0,1,8,1.0,0.0
real,0.4,50218,bollywood,0.0,1.0,0.0,0.0,0.0,0.0,1,8,1.0,0.0
real,0.5,50218,bollywood,0.0,1.0,0.0,0.0,0.0,0.0,1,8,1.0,0.0
real,0.0,50259,hollywood,0.0,1.0,0.0,0.0,0.0,0.0,5,9,0.6,0.4
real,0.05,50259,hollywood,0.0,1.0,0.0,0.0,0.0,0.0,3,9,0.8,0.2
real,0.1,50259,hollywood,0.0,1.0,0.0,0.0,0.0,0.0,2,9,0.9,0.1
real,0.15,50259,hollywood,0.0,1.0,0.0,0.0,0.0,0.0,2,9,0.9,0.1
real,0.2,50259,hollywood,0.0,1.0,0.0,0.0,0.0,0.0,2,9,0.9,0.1
real,0.3,50259,hollywood,0.0,1.0,0.0,0.0,0.0,0.0,1,12,1.0,0.0
real,0.4,50259,hollywood,0.0,1.0,0.0,0.0,0.0,0.0,1,9,1.0,0.0
real,0.5,50259,hollywood,0.0,1.0,0.0,0.0,0.0,0.0,1,9,1.0,0.0
real,0.0,51039,korean,0.1,1.0,0.0115,1.0,0.25,0.0948,6,12,0.6,0.4
real,0.05,51039,korean,0.1,1.0,0.0115,1.0,0.2,0.0851,4,12,0.8,0.2
real,0.1,51039,korean,0.1,1.0,0.0115,1.0,0.1667,0.0784,4,12,0.8,0.2
real,0.15,51039,korean,0.1,1.0,0.0115,1.0,0.1667,0.0784,4,12,0.8,0.2
real,0.2,51039,korean,0.1,1.0,0.0115,1.0,0.2,0.0851,3,10,0.9,0.1
real,0.3,51039,korean,0.1,1.0,0.0115,1.0,0.1,0.0636,2,11,1.0,0.0
real,0.4,51039,korean,0.1,1.0,0.0115,1.0,0.1,0.0636,2,11,1.0,0.0
real,0.5,51039,korean,0.1,1.0,0.0115,1.0,0.1,0.0636,1,11,1.0,0.0
real,0.0,51086,korean,0.0,0.4,0.0,0.0,0.0,0.0,2,7,0.8,0.2
real,0.05,51086,korean,0.0,0.4,0.0,0.0,0.0,0.0,2,7,0.8,0.2
real,0.1,51086,korean,0.0,0.4,0.0,0.0,0.0,0.0,2,7,0.8,0.2
real,0.15,51086,korean,0.0,0.4,0.0,0.0,0.0,0.0,2,7,0.9,0.1
real,0.2,51086,korean,0.0,0.4,0.0,0.0,0.0,0.0,2,8,1.0,0.0
real,0.3,51086,korean,0.0,0.4,0.0,0.0,0.0,0.0,2,9,1.0,0.0
real,0.4,51086,korean,0.0,0.4,0.0,0.0,0.0,0.0,2,8,1.0,0.0
real,0.5,51086,korean,0.0,0.4,0.0,0.0,0.0,0.0,2,9,1.0,0.0
real,0.0,51677,bollywood,0.3,1.0,0.2727,1.0,1.0,0.3747,1,9,1.0,0.0
real,0.05,51677,bollywood,0.3,1.0,0.2727,1.0,1.0,0.3747,1,9,1.0,0.0
real,0.1,51677,bollywood,0.3,1.0,0.2727,1.0,1.0,0.3747,1,9,1.0,0.0
real,0.15,51677,bollywood,0.3,1.0,0.2727,1.0,1.0,0.3747,1,9,1.0,0.0
real,0.2,51677,bollywood,0.3,1.0,0.2727,1.0,1.0,0.3747,1,9,1.0,0.0
real,0.3,51677,bollywood,0.3,1.0,0.2727,1.0,1.0,0.3882,1,9,1.0,0.0
real,0.4,51677,bollywood,0.3,1.0,0.2727,1.0,1.0,0.3882,1,9,1.0,0.0
real,0.5,51677,bollywood,0.3,1.0,0.2727,1.0,1.0,0.3882,1,9,1.0,0.0
real,0.0,51863,bollywood,0.0,0.4,0.0,0.0,0.0,0.0,1,8,1.0,0.0
real,0.05,51863,bollywood,0.0,0.4,0.0,0.0,0.0,0.0,1,8,1.0,0.0
real,0.1,51863,bollywood,0.0,0.4,0.0,0.0,0.0,0.0,1,8,1.0,0.0
real,0.15,51863,bollywood,0.0,0.4,0.0,0.0,0.0,0.0,1,8,1.0,0.0
real,0.2,51863,bollywood,0.0,0.4,0.0,0.0,0.0,0.0,1,8,1.0,0.0
real,0.3,51863,bollywood,0.0,0.4,0.0,0.0,0.0,0.0,1,8,1.0,0.0
real,0.4,51863,bollywood,0.0,0.4,0.0,0.0,0.0,0.0,1,8,1.0,0.0
real,0.5,51863,bollywood,0.0,0.4,0.0,0.0,0.0,0.0,2,7,1.0,0.0
real,0.0,52137,bollywood,0.2,0.7,0.2857,1.0,0.2,0.198,2,8,0.9,0.1
real,0.05,52137,bollywood,0.2,0.7,0.2857,1.0,0.2,0.198,2,8,0.9,0.1
real,0.1,52137,bollywood,0.2,0.7,0.2857,1.0,0.2,0.198,1,7,1.0,0.0
real,0.15,52137,bollywood,0.2,0.7,0.2857,1.0,0.2,0.198,1,7,1.0,0.0
real,0.2,52137,bollywood,0.2,0.7,0.2857,1.0,0.2,0.2042,1,7,1.0,0.0
real,0.3,52137,bollywood,0.2,0.7,0.2857,1.0,0.2,0.2042,1,7,1.0,0.0
real,0.4,52137,bollywood,0.2,0.7,0.2857,1.0,0.2,0.2042,1,7,1.0,0.0
real,0.5,52137,bollywood,0.2,0.7,0.2857,1.0,0.25,0.21,1,7,1.0,0.0
real,0.0,52515,anime,0.3,1.0,0.2727,1.0,0.5,0.2876,2,9,1.0,0.0
real,0.05,52515,anime,0.3,1.0,0.2727,1.0,0.5,0.3031,2,9,1.0,0.0
real,0.1,52515,anime,0.3,1.0,0.2727,1.0,0.5,0.3183,2,9,1.0,0.0
real,0.15,52515,anime,0.3,1.0,0.2727,1.0,0.5,0.3223,2,9,1.0,0.0
real,0.2,52515,anime,0.3,1.0,0.2727,1.0,0.5,0.3273,2,9,1.0,0.0
real,0.3,52515,anime,0.3,1.0,0.2727,1.0,0.5,0.3437,2,9,1.0,0.0
real,0.4,52515,anime,0.4,1.0,0.3636,1.0,0.5,0.4131,2,9,1.0,0.0
real,0.5,52515,anime,0.4,1.0,0.3636,1.0,1.0,0.5225,2,12,1.0,0.0
real,0.0,52984,bollywood,0.0,0.7,0.0,0.0,0.0,0.0,3,8,0.8,0.2
real,0.05,52984,bollywood,0.0,0.7,0.0,0.0,0.0,0.0,3,8,0.8,0.2
real,0.1,52984,bollywood,0.0,0.7,0.0,0.0,0.0,0.0,2,7,0.9,0.1
real,0.15,52984,bollywood,0.0,0.7,0.0,0.0,0.0,0.0,2,7,0.9,0.1
real,0.2,52984,bollywood,0.0,0.7,0.0,0.0,0.0,0.0,1,7,1.0,0.0
real,0.3,52984,bollywood,0.0,0.7,0.0,0.0,0.0,0.0,1,7,1.0,0.0
real,0.4,52984,bollywood,0.0,0.7,0.0,0.0,0.0,0.0,1,7,1.0,0.0
real,0.5,52984,bollywood,0.0,0.7,0.0,0.0,0.0,0.0,1,8,1.0,0.0
real,0.0,53986,hollywood,0.1,1.0,0.0833,1.0,0.1667,0.0784,2,13,0.9,0.1
real,0.05,53986,hollywood,0.1,1.0,0.0833,1.0,0.1667,0.0784,1,11,1.0,0.0
real,0.1,53986,hollywood,0.1,1.0,0.0833,1.0,0.1667,0.0784,1,11,1.0,0.0
real,0.15,53986,hollywood,0.1,1.0,0.0833,1.0,0.1667,0.0784,1,11,1.0,0.0
real,0.2,53986,hollywood,0.1,1.0,0.0833,1.0,0.1667,0.0784,1,11,1.0,0.0
real,0.3,53986,hollywood,0.1,1.0,0.0833,1.0,0.1667,0.0784,1,11,1.0,0.0
real,0.4,53986,hollywood,0.1,1.0,0.0833,1.0,0.1667,0.0784,1,11,1.0,0.0
real,0.5,53986,hollywood,0.1,1.0,0.0833,1.0,0.1667,0.0784,1,11,1.0,0.0
real,0.0,54214,mixed,0.1,1.0,0.025,1.0,0.1111,0.0663,4,7,0.6,0.4
real,0.05,54214,mixed,0.0,1.0,0.0,0.0,0.0,0.0,3,7,0.7,0.3
real,0.1,54214,mixed,0.0,1.0,0.0,0.0,0.0,0.0,3,7,0.8,0.2
real,0.15,54214,mixed,0.0,1.0,0.0,0.0,0.0,0.0,2,7,0.9,0.1
real,0.2,54214,mixed,0.0,1.0,0.0,0.0,0.0,0.0,2,6,0.9,0.1
real,0.3,54214,mixed,0.0,1.0,0.0,0.0,0.0,0.0,1,6,1.0,0.0
real,0.4,54214,mixed,0.0,1.0,0.0,0.0,0.0,0.0,1,6,1.0,0.0
real,0.5,54214,mixed,0.0,1.0,0.0,0.0,0.0,0.0,1,6,1.0,0.0
real,0.0,54673,bollywood,0.0,1.0,0.0,0.0,0.0,0.0,2,9,0.8,0.2
real,0.05,54673,bollywood,0.0,1.0,0.0,0.0,0.0,0.0,2,9,0.9,0.1
real,0.1,54673,bollywood,0.0,1.0,0.0,0.0,0.0,0.0,1,9,1.0,0.0
real,0.15,54673,bollywood,0.0,1.0,0.0,0.0,0.0,0.0,1,9,1.0,0.0
real,0.2,54673,bollywood,0.0,1.0,0.0,0.0,0.0,0.0,2,9,1.0,0.0
real,0.3,54673,bollywood,0.1,1.0,0.0256,1.0,0.1,0.0636,2,8,1.0,0.0
real,0.4,54673,bollywood,0.1,1.0,0.0256,1.0,0.1429,0.0734,2,8,1.0,0.0
real,0.5,54673,bollywood,0.1,1.0,0.0256,1.0,0.3333,0.11,2,8,1.0,0.0
real,0.0,55059,hollywood,0.3,0.5,0.6,1.0,1.0,0.6218,2,11,0.9,0.1
real,0.05,55059,hollywood,0.3,0.5,0.6,1.0,1.0,0.6218,2,11,0.9,0.1
real,0.1,55059,hollywood,0.3,0.5,0.6,1.0,1.0,0.6296,2,11,0.9,0.1
real,0.15,55059,hollywood,0.3,0.5,0.6,1.0,1.0,0.6296,2,11,0.9,0.1
real,0.2,55059,hollywood,0.3,0.5,0.6,1.0,1.0,0.6296,1,12,1.0,0.0
real,0.3,55059,hollywood,0.3,0.5,0.6,1.0,1.0,0.6296,1,12,1.0,0.0
real,0.4,55059,hollywood,0.3,0.5,0.6,1.0,1.0,0.6296,1,12,1.0,0.0
real,0.5,55059,hollywood,0.3,0.5,0.6,1.0,1.0,0.6296,1,12,1.0,0.0
real,0.0,55191,anime,0.0,0.8,0.0,0.0,0.0,0.0,5,11,0.8,0.2
real,0.05,55191,anime,0.0,0.8,0.0,0.0,0.0,0.0,5,11,0.8,0.2
real,0.1,55191,anime,0.0,0.8,0.0,0.0,0.0,0.0,4,11,0.9,0.1
real,0.15,55191,anime,0.0,0.8,0.0,0.0,0.0,0.0,4,11,0.9,0.1
real,0.2,55191,anime,0.0,0.8,0.0,0.0,0.0,0.0,3,11,1.0,0.0
real,0.3,55191,anime,0.0,0.8,0.0,0.0,0.0,0.0,3,11,1.0,0.0
real,0.4,55191,anime,0.0,0.8,0.0,0.0,0.0,0.0,1,11,1.0,0.0
real,0.5,55191,anime,0.0,0.8,0.0,0.0,0.0,0.0,1,9,1.0,0.0
real,0.0,55394,anime,0.0,0.8,0.0,0.0,0.0,0.0,3,7,0.9,0.1
real,0.05,55394,anime,0.0,0.8,0.0,0.0,0.0,0.0,3,7,0.9,0.1
real,0.1,55394,anime,0.0,0.8,0.0,0.0,0.0,0.0,3,9,0.9,0.1
real,0.15,55394,anime,0.0,0.8,0.0,0.0,0.0,0.0,2,9,1.0,0.0
real,0.2,55394,anime,0.0,0.8,0.0,0.0,0.0,0.0,2,9,1.0,0.0
real,0.3,55394,anime,0.0,0.8,0.0,0.0,0.0,0.0,2,10,1.0,0.0
real,0.4,55394,anime,0.0,0.8,0.0,0.0,0.0,0.0,2,11,1.0,0.0
real,0.5,55394,anime,0.0,0.8,0.0,0.0,0.0,0.0,1,10,1.0,0.0
real,0.0,56515,bollywood,0.1,1.0,0.0278,1.0,0.3333,0.11,4,7,0.7,0.3
real,0.05,56515,bollywood,0.1,1.0,0.0278,1.0,0.3333,0.11,4,6,0.8,0.2
real,0.1,56515,bollywood,0.1,1.0,0.0278,1.0,0.5,0.1389,4,6,0.8,0.2
real,0.15,56515,bollywood,0.1,1.0,0.0278,1.0,0.3333,0.11,4,6,0.8,0.2
real,0.2,56515,bollywood,0.1,1.0,0.0278,1.0,0.5,0.1389,4,6,0.8,0.2
real,0.3,56515,bollywood,0.1,1.0,0.0278,1.0,0.5,0.1389,2,6,1.0,0.0
real,0.4,56515,bollywood,0.1,1.0,0.0278,1.0,0.3333,0.11,2,6,1.0,0.0
real,0.5,56515,bollywood,0.4,1.0,0.1111,1.0,0.3333,0.3633,2,8,1.0,0.0
real,0.0,56589,anime,0.0,0.8,0.0,0.0,0.0,0.0,3,9,0.8,0.2
real,0.05,56589,anime,0.0,0.8,0.0,0.0,0.0,0.0,3,9,0.9,0.1
real,0.1,56589,anime,0.0,0.8,0.0,0.0,0.0,0.0,3,9,0.9,0.1
real,0.15,56589,anime,0.0,0.8,0.0,0.0,0.0,0.0,2,9,1.0,0.0
real,0.2,56589,anime,0.0,0.8,0.0,0.0,0.0,0.0,2,9,1.0,0.0
real,0.3,56589,anime,0.0,0.8,0.0,0.0,0.0,0.0,2,9,1.0,0.0
real,0.4,56589,anime,0.0,0.8,0.0,0.0,0.0,0.0,2,10,1.0,0.0
real,0.5,56589,anime,0.0,0.8,0.0,0.0,0.0,0.0,1,10,1.0,0.0
real,0.0,56696,hollywood,0.3,1.0,0.0938,1.0,0.2,0.2298,1,10,1.0,0.0
real,0.05,56696,hollywood,0.3,1.0,0.0938,1.0,0.2,0.2298,1,10,1.0,0.0
real,0.1,56696,hollywood,0.3,1.0,0.0938,1.0,0.2,0.2298,1,10,1.0,0.0
real,0.15,56696,hollywood,0.3,1.0,0.0938,1.0,0.2,0.2298,1,10,1.0,0.0
real,0.2,56696,hollywood,0.3,1.0,0.0938,1.0,0.2,0.233,1,10,1.0,0.0
real,0.3,56696,hollywood,0.3,1.0,0.0938,1.0,0.2,0.233,1,10,1.0,0.0
real,0.4,56696,hollywood,0.3,1.0,0.0938,1.0,0.25,0.2494,1,10,1.0,0.0
real,0.5,56696,hollywood,0.3,1.0,0.0938,1.0,0.25,0.2533,1,9,1.0,0.0
real,0.0,57030,bollywood,0.0,0.7,0.0,0.0,0.0,0.0,3,10,0.6,0.4
real,0.05,57030,bollywood,0.0,0.7,0.0,0.0,0.0,0.0,2,12,0.9,0.1
real,0.1,57030,bollywood,0.0,0.7,0.0,0.0,0.0,0.0,2,12,0.9,0.1
real,0.15,57030,bollywood,0.0,0.7,0.0,0.0,0.0,0.0,2,12,0.9,0.1
real,0.2,57030,bollywood,0.0,0.7,0.0,0.0,0.0,0.0,1,12,1.0,0.0
real,0.3,57030,bollywood,0.0,0.7,0.0,0.0,0.0,0.0,1,12,1.0,0.0
real,0.4,57030,bollywood,0.0,0.7,0.0,0.0,0.0,0.0,2,10,1.0,0.0
real,0.5,57030,bollywood,0.0,0.7,0.0,0.0,0.0,0.0,2,10,1.0,0.0
real,0.0,57169,hollywood,0.0,0.8,0.0,0.0,0.0,0.0,2,11,0.9,0.1
real,0.05,57169,hollywood,0.0,0.8,0.0,0.0,0.0,0.0,1,10,1.0,0.0
real,0.1,57169,hollywood,0.0,0.8,0.0,0.0,0.0,0.0,1,10,1.0,0.0
real,0.15,57169,hollywood,0.0,0.8,0.0,0.0,0.0,0.0,1,10,1.0,0.0
real,0.2,57169,hollywood,0.0,0.8,0.0,0.0,0.0,0.0,1,10,1.0,0.0
real,0.3,57169,hollywood,0.0,0.8,0.0,0.0,0.0,0.0,1,10,1.0,0.0
real,0.4,57169,hollywood,0.0,0.8,0.0,0.0,0.0,0.0,1,9,1.0,0.0
real,0.5,57169,hollywood,0.0,0.8,0.0,0.0,0.0,0.0,1,10,1.0,0.0
real,0.0,57285,korean,0.0,1.0,0.0,0.0,0.0,0.0,5,6,0.7,0.3
real,0.05,57285,korean,0.0,1.0,0.0,0.0,0.0,0.0,5,6,0.7,0.3
real,0.1,57285,korean,0.0,1.0,0.0,0.0,0.0,0.0,5,6,0.7,0.3
real,0.15,57285,korean,0.0,1.0,0.0,0.0,0.0,0.0,5,6,0.7,0.3
real,0.2,57285,korean,0.0,1.0,0.0,0.0,0.0,0.0,4,4,0.8,0.2
real,0.3,57285,korean,0.0,1.0,0.0,0.0,0.0,0.0,2,5,1.0,0.0
real,0.4,57285,korean,0.0,1.0,0.0,0.0,0.0,0.0,2,11,1.0,0.0
real,0.5,57285,korean,0.0,1.0,0.0,0.0,0.0,0.0,1,12,1.0,0.0
real,0.0,57497,hollywood,0.2,1.0,0.08,1.0,0.2,0.1514,3,9,0.8,0.2
real,0.05,57497,hollywood,0.2,1.0,0.08,1.0,0.25,0.161,2,9,0.9,0.1
real,0.1,57497,hollywood,0.2,1.0,0.08,1.0,0.25,0.1642,2,9,0.9,0.1
real,0.15,57497,hollywood,0.2,1.0,0.08,1.0,0.25,0.1642,2,9,0.9,0.1
real,0.2,57497,hollywood,0.2,1.0,0.08,1.0,0.25,0.1642,1,9,1.0,0.0
real,0.3,57497,hollywood,0.2,1.0,0.08,1.0,0.2,0.1546,1,9,1.0,0.0
real,0.4,57497,hollywood,0.2,1.0,0.08,1.0,0.1429,0.1428,1,9,1.0,0.0
real,0.5,57497,hollywood,0.1,1.0,0.04,1.0,0.125,0.0694,1,9,1.0,0.0
real,0.0,57794,hollywood,0.4,1.0,0.0784,1.0,0.5,0.3882,6,12,0.4,0.6
real,0.05,57794,hollywood,0.5,1.0,0.098,1.0,0.3333,0.4378,5,14,0.6,0.4
real,0.1,57794,hollywood,0.5,1.0,0.098,1.0,0.3333,0.4229,4,14,0.7,0.3
real,0.15,57794,hollywood,0.5,1.0,0.098,1.0,0.3333,0.4035,3,14,0.8,0.2
real,0.2,57794,hollywood,0.5,1.0,0.098,1.0,0.5,0.4487,2,14,0.9,0.1
real,0.3,57794,hollywood,0.5,1.0,0.098,1.0,0.5,0.4477,1,8,1.0,0.0
real,0.4,57794,hollywood,0.5,1.0,0.098,1.0,0.5,0.4477,1,8,1.0,0.0
real,0.5,57794,hollywood,0.5,1.0,0.098,1.0,0.3333,0.4042,1,8,1.0,0.0
real,0.0,58170,hollywood,0.0,0.8,0.0,0.0,0.0,0.0,5,11,0.5,0.5
real,0.05,58170,hollywood,0.0,0.8,0.0,0.0,0.0,0.0,3,12,0.7,0.3
real,0.1,58170,hollywood,0.0,0.8,0.0,0.0,0.0,0.0,3,12,0.8,0.2
real,0.15,58170,hollywood,0.0,0.8,0.0,0.0,0.0,0.0,1,12,1.0,0.0
real,0.2,58170,hollywood,0.0,0.8,0.0,0.0,0.0,0.0,1,12,1.0,0.0
real,0.3,58170,hollywood,0.0,0.8,0.0,0.0,0.0,0.0,1,12,1.0,0.0
real,0.4,58170,hollywood,0.0,0.8,0.0,0.0,0.0,0.0,1,12,1.0,0.0
real,0.5,58170,hollywood,0.0,0.8,0.0,0.0,0.0,0.0,1,12,1.0,0.0
real,0.0,58181,korean,0.0,0.9,0.0,0.0,0.0,0.0,2,6,0.9,0.1
real,0.05,58181,korean,0.0,0.9,0.0,0.0,0.0,0.0,2,6,0.9,0.1
real,0.1,58181,korean,0.0,0.9,0.0,0.0,0.0,0.0,1,6,1.0,0.0
real,0.15,58181,korean,0.0,0.9,0.0,0.0,0.0,0.0,2,6,1.0,0.0
real,0.2,58181,korean,0.0,0.9,0.0,0.0,0.0,0.0,2,6,1.0,0.0
real,0.3,58181,korean,0.0,0.9,0.0,0.0,0.0,0.0,2,9,1.0,0.0
real,0.4,58181,korean,0.0,0.9,0.0,0.0,0.0,0.0,2,11,1.0,0.0
real,0.5,58181,korean,0.1,0.9,0.1111,1.0,0.125,0.0741,1,11,1.0,0.0
real,0.0,58880,bollywood,0.9,1.0,0.1525,1.0,1.0,0.9364,3,8,0.9,0.1
real,0.05,58880,bollywood,0.9,1.0,0.1525,1.0,1.0,0.9364,2,6,1.0,0.0
real,0.1,58880,bollywood,0.9,1.0,0.1525,1.0,1.0,0.9364,2,9,1.0,0.0
real,0.15,58880,bollywood,0.9,1.0,0.1525,1.0,1.0,0.9364,2,9,1.0,0.0
real,0.2,58880,bollywood,0.9,1.0,0.1525,1.0,1.0,0.9364,2,9,1.0,0.0
real,0.3,58880,bollywood,1.0,1.0,0.1695,1.0,1.0,1.0,2,8,1.0,0.0
real,0.4,58880,bollywood,0.9,1.0,0.1525,1.0,1.0,0.9364,2,12,1.0,0.0
real,0.5,58880,bollywood,0.8,1.0,0.1356,1.0,1.0,0.8572,2,12,1.0,0.0
real,0.0,59527,anime,0.1,1.0,0.0588,1.0,0.25,0.0948,6,10,0.6,0.4
real,0.05,59527,anime,0.1,1.0,0.0588,1.0,0.25,0.0948,5,10,0.7,0.3
real,0.1,59527,anime,0.2,1.0,0.1176,1.0,0.25,0.1642,4,11,0.8,0.2
real,0.15,59527,anime,0.2,1.0,0.1176,1.0,0.1667,0.1518,3,11,0.9,0.1
real,0.2,59527,anime,0.2,1.0,0.1176,1.0,0.2,0.1514,2,11,1.0,0.0
real,0.3,59527,anime,0.1,1.0,0.0588,1.0,0.3333,0.11,2,10,1.0,0.0
real,0.4,59527,anime,0.1,1.0,0.0588,1.0,0.3333,0.11,2,10,1.0,0.0
real,0.5,59527,anime,0.1,1.0,0.0588,1.0,0.3333,0.11,2,11,1.0,0.0
real,0.0,59782,korean,0.0,0.9,0.0,0.0,0.0,0.0,1,5,1.0,0.0
real,0.05,59782,korean,0.0,0.9,0.0,0.0,0.0,0.0,1,5,1.0,0.0
real,0.1,59782,korean,0.0,0.9,0.0,0.0,0.0,0.0,2,5,1.0,0.0
real,0.15,59782,korean,0.0,0.9,0.0,0.0,0.0,0.0,2,5,1.0,0.0
real,0.2,59782,korean,0.0,0.9,0.0,0.0,0.0,0.0,2,5,1.0,0.0
real,0.3,59782,korean,0.0,0.9,0.0,0.0,0.0,0.0,2,6,1.0,0.0
real,0.4,59782,korean,0.0,0.9,0.0,0.0,0.0,0.0,2,7,1.0,0.0
real,0.5,59782,korean,0.0,0.9,0.0,0.0,0.0,0.0,2,10,1.0,0.0
real,0.0,60305,hollywood,0.1,1.0,0.0833,1.0,0.1111,0.0663,3,11,0.6,0.4
real,0.05,60305,hollywood,0.1,1.0,0.0833,1.0,0.125,0.0694,3,11,0.7,0.3
real,0.1,60305,hollywood,0.1,1.0,0.0833,1.0,0.125,0.0694,3,13,0.8,0.2
real,0.15,60305,hollywood,0.1,1.0,0.0833,1.0,0.125,0.0694,3,13,0.8,0.2
real,0.2,60305,hollywood,0.1,1.0,0.0833,1.0,0.125,0.0694,1,12,1.0,0.0
real,0.3,60305,hollywood,0.0,1.0,0.0,0.0,0.0,0.0,1,12,1.0,0.0
real,0.4,60305,hollywood,0.0,1.0,0.0,0.0,0.0,0.0,1,12,1.0,0.0
real,0.5,60305,hollywood,0.0,1.0,0.0,0.0,0.0,0.0,1,12,1.0,0.0
real,0.0,61352,korean,0.1,1.0,0.0625,1.0,0.5,0.1389,5,13,0.6,0.4
real,0.05,61352,korean,0.1,1.0,0.0625,1.0,0.5,0.1389,4,14,0.8,0.2
real,0.1,61352,korean,0.2,1.0,0.125,1.0,0.5,0.2025,4,14,0.9,0.1
real,0.15,61352,korean,0.2,1.0,0.125,1.0,0.5,0.2083,4,14,0.9,0.1
real,0.2,61352,korean,0.2,1.0,0.125,1.0,0.5,0.2122,3,10,1.0,0.0
real,0.3,61352,korean,0.2,1.0,0.125,1.0,0.3333,0.1834,3,10,1.0,0.0
real,0.4,61352,korean,0.2,1.0,0.125,1.0,0.3333,0.1834,3,10,1.0,0.0
real,0.5,61352,korean,0.2,1.0,0.125,1.0,0.1111,0.1299,3,11,1.0,0.0
real,0.0,61737,bollywood,0.3,1.0,0.0297,1.0,0.1667,0.2141,7,9,0.4,0.6
real,0.05,61737,bollywood,0.3,1.0,0.0297,1.0,0.1667,0.218,6,8,0.5,0.5
real,0.1,61737,bollywood,0.3,1.0,0.0297,1.0,0.5,0.307,5,8,0.7,0.3
real,0.15,61737,bollywood,0.4,1.0,0.0396,1.0,1.0,0.4663,2,13,1.0,0.0
real,0.2,61737,bollywood,0.4,1.0,0.0396,1.0,1.0,0.4789,2,13,1.0,0.0
real,0.3,61737,bollywood,0.4,1.0,0.0396,1.0,1.0,0.5036,2,12,1.0,0.0
real,0.4,61737,bollywood,0.4,1.0,0.0396,1.0,1.0,0.5036,2,12,1.0,0.0
real,0.5,61737,bollywood,0.4,1.0,0.0396,1.0,1.0,0.5321,2,13,1.0,0.0
real,0.0,62208,bollywood,0.1,0.8,0.125,1.0,0.5,0.1596,5,10,0.6,0.4
real,0.05,62208,bollywood,0.1,0.8,0.125,1.0,0.5,0.1596,4,8,0.7,0.3
real,0.1,62208,bollywood,0.1,0.8,0.125,1.0,1.0,0.2529,3,8,0.8,0.2
real,0.15,62208,bollywood,0.1,0.8,0.125,1.0,1.0,0.2529,3,8,0.8,0.2
real,0.2,62208,bollywood,0.1,0.8,0.125,1.0,1.0,0.2529,2,8,0.9,0.1
real,0.3,62208,bollywood,0.1,0.8,0.125,1.0,1.0,0.2529,2,8,0.9,0.1
real,0.4,62208,bollywood,0.1,0.8,0.125,1.0,1.0,0.2529,2,9,1.0,0.0
real,0.5,62208,bollywood,0.1,0.8,0.125,1.0,1.0,0.2529,2,9,1.0,0.0
real,0.0,62248,hollywood,0.1,1.0,0.0833,1.0,0.25,0.0948,6,10,0.3,0.7
real,0.05,62248,hollywood,0.1,1.0,0.0833,1.0,0.25,0.0948,6,10,0.3,0.7
real,0.1,62248,hollywood,0.1,1.0,0.0833,1.0,0.3333,0.11,5,8,0.5,0.5
real,0.15,62248,hollywood,0.1,1.0,0.0833,1.0,0.3333,0.11,4,9,0.7,0.3
real,0.2,62248,hollywood,0.1,1.0,0.0833,1.0,1.0,0.2201,3,10,0.8,0.2
real,0.3,62248,hollywood,0.1,1.0,0.0833,1.0,1.0,0.2201,2,11,0.9,0.1
real,0.4,62248,hollywood,0.1,1.0,0.0833,1.0,1.0,0.2201,1,11,1.0,0.0
real,0.5,62248,hollywood,0.1,1.0,0.0833,1.0,1.0,0.2201,1,10,1.0,0.0
real,0.0,62496,bollywood,0.0,1.0,0.0,0.0,0.0,0.0,6,7,0.5,0.5
real,0.05,62496,bollywood,0.0,1.0,0.0,0.0,0.0,0.0,4,9,0.7,0.3
real,0.1,62496,bollywood,0.1,1.0,0.0667,1.0,0.1,0.0636,3,9,0.9,0.1
real,0.15,62496,bollywood,0.1,1.0,0.0667,1.0,0.1111,0.0663,3,9,0.9,0.1
real,0.2,62496,bollywood,0.1,1.0,0.0667,1.0,0.1,0.0636,2,9,1.0,0.0
real,0.3,62496,bollywood,0.0,1.0,0.0,0.0,0.0,0.0,2,9,1.0,0.0
real,0.4,62496,bollywood,0.0,1.0,0.0,0.0,0.0,0.0,2,9,1.0,0.0
real,0.5,62496,bollywood,0.0,1.0,0.0,0.0,0.0,0.0,2,9,1.0,0.0
real,0.0,62622,anime,0.0,0.9,0.0,0.0,0.0,0.0,6,8,0.3,0.7
real,0.05,62622,anime,0.0,0.9,0.0,0.0,0.0,0.0,6,7,0.5,0.5
real,0.1,62622,anime,0.0,0.9,0.0,0.0,0.0,0.0,6,7,0.5,0.5
real,0.15,62622,anime,0.0,0.9,0.0,0.0,0.0,0.0,4,11,0.7,0.3
real,0.2,62622,anime,0.0,0.9,0.0,0.0,0.0,0.0,3,14,0.9,0.1
real,0.3,62622,anime,0.0,0.9,0.0,0.0,0.0,0.0,1,13,1.0,0.0
real,0.4,62622,anime,0.0,0.9,0.0,0.0,0.0,0.0,1,13,1.0,0.0
real,0.5,62622,anime,0.0,0.9,0.0,0.0,0.0,0.0,1,13,1.0,0.0
real,0.0,62904,hollywood,0.0,1.0,0.0,0.0,0.0,0.0,4,12,0.7,0.3
real,0.05,62904,hollywood,0.0,1.0,0.0,0.0,0.0,0.0,4,12,0.7,0.3
real,0.1,62904,hollywood,0.0,1.0,0.0,0.0,0.0,0.0,3,12,0.8,0.2
real,0.15,62904,hollywood,0.0,1.0,0.0,0.0,0.0,0.0,3,12,0.8,0.2
real,0.2,62904,hollywood,0.0,1.0,0.0,0.0,0.0,0.0,1,12,1.0,0.0
real,0.3,62904,hollywood,0.0,1.0,0.0,0.0,0.0,0.0,1,12,1.0,0.0
real,0.4,62904,hollywood,0.0,1.0,0.0,0.0,0.0,0.0,1,10,1.0,0.0
real,0.5,62904,hollywood,0.0,1.0,0.0,0.0,0.0,0.0,1,9,1.0,0.0
real,0.0,63243,anime,0.0,1.0,0.0,0.0,0.0,0.0,5,12,0.7,0.3
real,0.05,63243,anime,0.0,1.0,0.0,0.0,0.0,0.0,5,12,0.7,0.3
real,0.1,63243,anime,0.0,1.0,0.0,0.0,0.0,0.0,4,12,0.8,0.2
real,0.15,63243,anime,0.0,1.0,0.0,0.0,0.0,0.0,4,12,0.8,0.2
real,0.2,63243,anime,0.0,1.0,0.0,0.0,0.0,0.0,3,12,0.9,0.1
real,0.3,63243,anime,0.0,1.0,0.0,0.0,0.0,0.0,1,10,1.0,0.0
real,0.4,63243,anime,0.0,1.0,0.0,0.0,0.0,0.0,1,11,1.0,0.0
real,0.5,63243,anime,0.0,1.0,0.0,0.0,0.0,0.0,1,11,1.0,0.0
real,0.0,63374,mixed,0.1,1.0,0.0769,1.0,0.1111,0.0663,7,6,0.3,0.7
real,0.05,63374,mixed,0.1,1.0,0.0769,1.0,0.1429,0.0734,6,6,0.4,0.6
real,0.1,63374,mixed,0.1,1.0,0.0769,1.0,0.2,0.0851,5,6,0.6,0.4
real,0.15,63374,mixed,0.2,1.0,0.1538,1.0,0.25,0.1584,3,5,0.8,0.2
real,0.2,63374,mixed,0.2,1.0,0.1538,1.0,0.3333,0.1737,2,5,0.9,0.1
real,0.3,63374,mixed,0.2,1.0,0.1538,1.0,0.3333,0.1737,1,5,1.0,0.0
real,0.4,63374,mixed,0.2,1.0,0.1538,1.0,0.3333,0.1737,1,5,1.0,0.0
real,0.5,63374,mixed,0.2,1.0,0.1538,1.0,0.25,0.1584,1,5,1.0,0.0
real,0.0,63739,mixed,0.2,1.0,0.0588,1.0,0.2,0.1546,6,10,0.3,0.7
real,0.05,63739,mixed,0.2,1.0,0.0588,1.0,0.1667,0.1518,5,10,0.4,0.6
real,0.1,63739,mixed,0.2,1.0,0.0588,1.0,0.2,0.1514,4,10,0.6,0.4
real,0.15,63739,mixed,0.2,1.0,0.0588,1.0,0.25,0.161,3,10,0.8,0.2
real,0.2,63739,mixed,0.2,1.0,0.0588,1.0,0.25,0.1682,2,10,0.9,0.1
real,0.3,63739,mixed,0.2,1.0,0.0588,1.0,0.3333,0.1884,1,10,1.0,0.0
real,0.4,63739,mixed,0.3,1.0,0.0882,1.0,0.3333,0.2588,1,10,1.0,0.0
real,0.5,63739,mixed,0.3,1.0,0.0882,1.0,0.3333,0.2743,1,10,1.0,0.0
real,0.0,63797,hollywood,0.0,1.0,0.0,0.0,0.0,0.0,3,5,0.7,0.3
real,0.05,63797,hollywood,0.0,1.0,0.0,0.0,0.0,0.0,3,5,0.8,0.2
real,0.1,63797,hollywood,0.0,1.0,0.0,0.0,0.0,0.0,2,5,0.9,0.1
real,0.15,63797,hollywood,0.0,1.0,0.0,0.0,0.0,0.0,2,5,0.9,0.1
real,0.2,63797,hollywood,0.1,1.0,0.1,1.0,0.1,0.0636,1,5,1.0,0.0
real,0.3,63797,hollywood,0.1,1.0,0.1,1.0,0.1,0.0636,1,5,1.0,0.0
real,0.4,63797,hollywood,0.0,1.0,0.0,0.0,0.0,0.0,1,5,1.0,0.0
real,0.5,63797,hollywood,0.0,1.0,0.0,0.0,0.0,0.0,1,5,1.0,0.0
real,0.0,63921,hollywood,0.0,0.6,0.0,0.0,0.0,0.0,8,11,0.3,0.7
real,0.05,63921,hollywood,0.0,0.6,0.0,0.0,0.0,0.0,7,11,0.4,0.6
real,0.1,63921,hollywood,0.1,0.6,0.1667,1.0,0.1111,0.0911,5,10,0.6,0.4
real,0.15,63921,hollywood,0.2,0.6,0.3333,1.0,0.1667,0.1989,3,10,0.8,0.2
real,0.2,63921,hollywood,0.2,0.6,0.3333,1.0,0.1667,0.1989,1,12,1.0,0.0
real,0.3,63921,hollywood,0.2,0.6,0.3333,1.0,0.1667,0.1989,1,12,1.0,0.0
real,0.4,63921,hollywood,0.2,0.6,0.3333,1.0,0.1667,0.1953,1,12,1.0,0.0
real,0.5,63921,hollywood,0.1,0.6,0.1667,1.0,0.1429,0.1009,1,12,1.0,0.0
real,0.0,64061,anime,0.0,0.5,0.0,0.0,0.0,0.0,4,11,0.7,0.3
real,0.05,64061,anime,0.0,0.5,0.0,0.0,0.0,0.0,4,11,0.8,0.2
real,0.1,64061,anime,0.0,0.5,0.0,0.0,0.0,0.0,4,11,0.8,0.2
real,0.15,64061,anime,0.0,0.5,0.0,0.0,0.0,0.0,3,11,0.9,0.1
real,0.2,64061,anime,0.0,0.5,0.0,0.0,0.0,0.0,2,11,1.0,0.0
real,0.3,64061,anime,0.0,0.5,0.0,0.0,0.0,0.0,2,11,1.0,0.0
real,0.4,64061,anime,0.0,0.5,0.0,0.0,0.0,0.0,2,12,1.0,0.0
real,0.5,64061,anime,0.0,0.5,0.0,0.0,0.0,0.0,1,11,1.0,0.0
real,0.0,64377,anime,0.0,0.7,0.0,0.0,0.0,0.0,3,9,0.9,0.1
real,0.05,64377,anime,0.0,0.7,0.0,0.0,0.0,0.0,3,9,0.9,0.1
real,0.1,64377,anime,0.0,0.7,0.0,0.0,0.0,0.0,3,9,0.9,0.1
real,0.15,64377,anime,0.0,0.7,0.0,0.0,0.0,0.0,3,10,0.9,0.1
real,0.2,64377,anime,0.0,0.7,0.0,0.0,0.0,0.0,2,11,1.0,0.0
real,0.3,64377,anime,0.0,0.7,0.0,0.0,0.0,0.0,2,11,1.0,0.0
real,0.4,64377,anime,0.0,0.7,0.0,0.0,0.0,0.0,2,11,1.0,0.0
real,0.5,64377,anime,0.0,0.7,0.0,0.0,0.0,0.0,2,9,1.0,0.0
real,0.0,65438,korean,0.0,1.0,0.0,0.0,0.0,0.0,3,11,0.7,0.3
real,0.05,65438,korean,0.0,1.0,0.0,0.0,0.0,0.0,3,11,0.7,0.3
real,0.1,65438,korean,0.0,1.0,0.0,0.0,0.0,0.0,3,11,0.7,0.3
real,0.15,65438,korean,0.0,1.0,0.0,0.0,0.0,0.0,2,11,1.0,0.0
real,0.2,65438,korean,0.0,1.0,0.0,0.0,0.0,0.0,2,12,1.0,0.0
real,0.3,65438,korean,0.0,1.0,0.0,0.0,0.0,0.0,2,13,1.0,0.0
real,0.4,65438,korean,0.0,1.0,0.0,0.0,0.0,0.0,1,12,1.0,0.0
real,0.5,65438,korean,0.0,1.0,0.0,0.0,0.0,0.0,1,12,1.0,0.0
real,0.0,66539,bollywood,0.1,0.6,0.1667,1.0,1.0,0.3026,3,9,0.9,0.1
real,0.05,66539,bollywood,0.1,0.6,0.1667,1.0,1.0,0.3026,3,9,0.9,0.1
real,0.1,66539,bollywood,0.1,0.6,0.1667,1.0,1.0,0.3026,2,8,1.0,0.0
real,0.15,66539,bollywood,0.1,0.6,0.1667,1.0,1.0,0.3026,2,8,1.0,0.0
real,0.2,66539,bollywood,0.1,0.6,0.1667,1.0,0.5,0.1909,2,9,1.0,0.0
real,0.3,66539,bollywood,0.1,0.6,0.1667,1.0,0.5,0.1909,2,9,1.0,0.0
real,0.4,66539,bollywood,0.2,0.6,0.3333,1.0,0.3333,0.2816,2,9,1.0,0.0
real,0.5,66539,bollywood,0.2,0.6,0.3333,1.0,0.5,0.2864,2,9,1.0,0.0
real,0.0,67013,hollywood,0.4,1.0,0.0678,1.0,1.0,0.4479,3,14,0.8,0.2
real,0.05,67013,hollywood,0.5,1.0,0.0847,1.0,1.0,0.5239,1,13,1.0,0.0
real,0.1,67013,hollywood,0.5,1.0,0.0847,1.0,1.0,0.5239,1,13,1.0,0.0
real,0.15,67013,hollywood,0.5,1.0,0.0847,1.0,1.0,0.5239,1,13,1.0,0.0
real,0.2,67013,hollywood,0.5,1.0,0.0847,1.0,1.0,0.5239,1,13,1.0,0.0
real,0.3,67013,hollywood,0.5,1.0,0.0847,1.0,1.0,0.5239,1,13,1.0,0.0
real,0.4,67013,hollywood,0.5,1.0,0.0847,1.0,1.0,0.5213,1,13,1.0,0.0
real,0.5,67013,hollywood,0.4,1.0,0.0678,1.0,1.0,0.4577,1,14,1.0,0.0
real,0.0,67299,bollywood,0.0,1.0,0.0,0.0,0.0,0.0,5,6,0.6,0.4
real,0.05,67299,bollywood,0.0,1.0,0.0,0.0,0.0,0.0,4,6,0.7,0.3
real,0.1,67299,bollywood,0.1,1.0,0.1,1.0,0.1,0.0636,3,6,0.8,0.2
real,0.15,67299,bollywood,0.2,1.0,0.2,1.0,0.125,0.1331,3,6,0.9,0.1
real,0.2,67299,bollywood,0.3,1.0,0.3,1.0,0.2,0.2182,2,6,1.0,0.0
real,0.3,67299,bollywood,0.3,1.0,0.3,1.0,0.3333,0.2588,2,6,1.0,0.0
real,0.4,67299,bollywood,0.3,1.0,0.3,1.0,0.5,0.312,2,8,1.0,0.0
real,0.5,67299,bollywood,0.4,1.0,0.4,1.0,0.5,0.41,2,8,1.0,0.0
real,0.0,67638,mixed,0.4,1.0,0.1429,1.0,0.25,0.3031,4,10,0.6,0.4
real,0.05,67638,mixed,0.4,1.0,0.1429,1.0,0.25,0.316,4,10,0.6,0.4
real,0.1,67638,mixed,0.5,1.0,0.1786,1.0,0.5,0.4427,3,10,0.8,0.2
real,0.15,67638,mixed,0.5,1.0,0.1786,1.0,0.5,0.4634,3,10,0.8,0.2
real,0.2,67638,mixed,0.5,1.0,0.1786,1.0,0.5,0.4706,1,9,1.0,0.0
real,0.3,67638,mixed,0.5,1.0,0.1786,1.0,0.5,0.4666,1,9,1.0,0.0
real,0.4,67638,mixed,0.5,1.0,0.1786,1.0,0.5,0.4634,1,8,1.0,0.0
real,0.5,67638,mixed,0.5,1.0,0.1786,1.0,0.5,0.4761,1,8,1.0,0.0
real,0.0,70624,bollywood,0.0,0.5,0.0,0.0,0.0,0.0,1,7,1.0,0.0
real,0.05,70624,bollywood,0.0,0.5,0.0,0.0,0.0,0.0,1,7,1.0,0.0
real,0.1,70624,bollywood,0.0,0.5,0.0,0.0,0.0,0.0,1,7,1.0,0.0
real,0.15,70624,bollywood,0.0,0.5,0.0,0.0,0.0,0.0,1,7,1.0,0.0
real,0.2,70624,bollywood,0.0,0.5,0.0,0.0,0.0,0.0,1,7,1.0,0.0
real,0.3,70624,bollywood,0.0,0.5,0.0,0.0,0.0,0.0,1,7,1.0,0.0
real,0.4,70624,bollywood,0.0,0.5,0.0,0.0,0.0,0.0,2,8,1.0,0.0
real,0.5,70624,bollywood,0.0,0.5,0.0,0.0,0.0,0.0,2,10,1.0,0.0
real,0.0,71242,anime,0.0,0.6,0.0,0.0,0.0,0.0,3,10,0.9,0.1
real,0.05,71242,anime,0.0,0.6,0.0,0.0,0.0,0.0,3,10,0.9,0.1
real,0.1,71242,anime,0.0,0.6,0.0,0.0,0.0,0.0,2,9,1.0,0.0
real,0.15,71242,anime,0.0,0.6,0.0,0.0,0.0,0.0,2,10,1.0,0.0
real,0.2,71242,anime,0.0,0.6,0.0,0.0,0.0,0.0,2,10,1.0,0.0
real,0.3,71242,anime,0.0,0.6,0.0,0.0,0.0,0.0,2,10,1.0,0.0
real,0.4,71242,anime,0.0,0.6,0.0,0.0,0.0,0.0,2,10,1.0,0.0
real,0.5,71242,anime,0.0,0.6,0.0,0.0,0.0,0.0,2,10,1.0,0.0
real,0.0,71468,bollywood,0.3,1.0,0.0732,1.0,0.5,0.2758,6,5,0.6,0.4
real,0.05,71468,bollywood,0.4,1.0,0.0976,1.0,0.5,0.3529,5,5,0.7,0.3
real,0.1,71468,bollywood,0.5,1.0,0.122,1.0,1.0,0.5142,4,5,0.8,0.2
real,0.15,71468,bollywood,0.5,1.0,0.122,1.0,1.0,0.5294,4,5,0.8,0.2
real,0.2,71468,bollywood,0.6,1.0,0.1463,1.0,1.0,0.6316,3,5,0.9,0.1
real,0.3,71468,bollywood,0.6,1.0,0.1463,1.0,1.0,0.6898,2,5,1.0,0.0
real,0.4,71468,bollywood,0.6,1.0,0.1463,1.0,1.0,0.6937,2,6,1.0,0.0
real,0.5,71468,bollywood,0.6,1.0,0.1463,1.0,1.0,0.7116,2,8,1.0,0.0
real,0.0,71523,anime,0.1,0.4,0.25,1.0,0.1111,0.1175,3,10,0.8,0.2
real,0.05,71523,anime,0.1,0.4,0.25,1.0,0.125,0.1232,3,10,0.9,0.1
real,0.1,71523,anime,0.1,0.4,0.25,1.0,0.1667,0.1391,3,9,0.9,0.1
real,0.15,71523,anime,0.1,0.4,0.25,1.0,0.1667,0.1391,2,9,1.0,0.0
real,0.2,71523,anime,0.1,0.4,0.25,1.0,0.2,0.151,2,10,1.0,0.0
real,0.3,71523,anime,0.1,0.4,0.25,1.0,0.2,0.151,2,12,1.0,0.0
real,0.4,71523,anime,0.1,0.4,0.25,1.0,0.2,0.151,2,12,1.0,0.0
real,0.5,71523,anime,0.1,0.4,0.25,1.0,0.1429,0.1301,1,11,1.0,0.0
real,0.0,71664,korean,0.2,1.0,0.1667,1.0,0.5,0.2122,4,9,0.7,0.3
real,0.05,71664,korean,0.2,1.0,0.1667,1.0,0.5,0.2337,3,8,0.9,0.1
real,0.1,71664,korean,0.2,1.0,0.1667,1.0,0.5,0.2489,2,8,1.0,0.0
real,0.15,71664,korean,0.2,1.0,0.1667,1.0,1.0,0.3301,2,8,1.0,0.0
real,0.2,71664,korean,0.2,1.0,0.1667,1.0,1.0,0.3301,2,8,1.0,0.0
real,0.3,71664,korean,0.3,1.0,0.25,1.0,1.0,0.4035,2,10,1.0,0.0
real,0.4,71664,korean,0.3,1.0,0.25,1.0,1.0,0.4284,2,10,1.0,0.0
real,0.5,71664,korean,0.2,1.0,0.1667,1.0,1.0,0.359,1,10,1.0,0.0
real,0.0,71838,hollywood,0.3,1.0,0.1765,1.0,0.5,0.3152,2,10,0.9,0.1
real,0.05,71838,hollywood,0.3,1.0,0.1765,1.0,0.5,0.3125,2,10,0.9,0.1
real,0.1,71838,hollywood,0.3,1.0,0.1765,1.0,0.5,0.3125,2,10,0.9,0.1
real,0.15,71838,hollywood,0.2,1.0,0.1176,1.0,0.5,0.2489,1,10,1.0,0.0
real,0.2,71838,hollywood,0.2,1.0,0.1176,1.0,0.5,0.2489,1,10,1.0,0.0
real,0.3,71838,hollywood,0.2,1.0,0.1176,1.0,0.5,0.2489,1,10,1.0,0.0
real,0.4,71838,hollywood,0.2,1.0,0.1176,1.0,0.5,0.2489,1,10,1.0,0.0
real,0.5,71838,hollywood,0.2,1.0,0.1176,1.0,0.5,0.2489,1,8,1.0,0.0
real,0.0,72149,anime,0.2,1.0,0.1667,1.0,1.0,0.3149,4,7,0.2,0.8
real,0.05,72149,anime,0.4,1.0,0.3333,1.0,1.0,0.5225,3,8,0.4,0.6
real,0.1,72149,anime,0.4,1.0,0.3333,1.0,1.0,0.5638,3,9,0.5,0.5
real,0.15,72149,anime,0.4,1.0,0.3333,1.0,1.0,0.5638,3,9,0.5,0.5
real,0.2,72149,anime,0.4,1.0,0.3333,1.0,1.0,0.5638,3,9,0.5,0.5
real,0.3,72149,anime,0.6,1.0,0.5,1.0,1.0,0.7008,3,10,0.8,0.2
real,0.4,72149,anime,0.7,1.0,0.5833,1.0,1.0,0.7728,1,11,1.0,0.0
real,0.5,72149,anime,0.7,1.0,0.5833,1.0,1.0,0.767,1,11,1.0,0.0
real,0.0,73198,mixed,0.1,1.0,0.0417,1.0,0.125,0.0694,4,6,0.7,0.3
real,0.05,73198,mixed,0.1,1.0,0.0417,1.0,0.125,0.0694,3,6,0.8,0.2
real,0.1,73198,mixed,0.1,1.0,0.0417,1.0,0.125,0.0694,3,6,0.8,0.2
real,0.15,73198,mixed,0.1,1.0,0.0417,1.0,0.1429,0.0734,3,6,0.8,0.2
real,0.2,73198,mixed,0.1,1.0,0.0417,1.0,0.1429,0.0734,2,6,0.9,0.1
real,0.3,73198,mixed,0.1,1.0,0.0417,1.0,0.1667,0.0784,1,6,1.0,0.0
real,0.4,73198,mixed,0.1,1.0,0.0417,1.0,0.1667,0.0784,1,6,1.0,0.0
real,0.5,73198,mixed,0.1,1.0,0.0417,1.0,0.2,0.0851,1,6,1.0,0.0
real,0.0,73761,anime,0.1,1.0,0.0909,1.0,0.5,0.1389,4,11,0.8,0.2
real,0.05,73761,anime,0.2,1.0,0.1818,1.0,0.5,0.2122,2,11,1.0,0.0
real,0.1,73761,anime,0.2,1.0,0.1818,1.0,0.5,0.2122,2,11,1.0,0.0
real,0.15,73761,anime,0.2,1.0,0.1818,1.0,0.5,0.2122,2,10,1.0,0.0
real,0.2,73761,anime,0.3,1.0,0.2727,1.0,0.5,0.2835,1,10,1.0,0.0
real,0.3,73761,anime,0.3,1.0,0.2727,1.0,0.5,0.3125,1,10,1.0,0.0
real,0.4,73761,anime,0.2,1.0,0.1818,1.0,0.5,0.2489,1,11,1.0,0.0
real,0.5,73761,anime,0.3,1.0,0.2727,1.0,1.0,0.3964,1,11,1.0,0.0
real,0.0,74471,bollywood,0.3,0.7,0.4286,1.0,0.3333,0.3181,1,7,1.0,0.0
real,0.05,74471,bollywood,0.3,0.7,0.4286,1.0,0.5,0.3478,1,7,1.0,0.0
real,0.1,74471,bollywood,0.3,0.7,0.4286,1.0,0.5,0.3478,1,7,1.0,0.0
real,0.15,74471,bollywood,0.3,0.7,0.4286,1.0,0.5,0.3478,1,7,1.0,0.0
real,0.2,74471,bollywood,0.3,0.7,0.4286,1.0,0.5,0.3478,1,7,1.0,0.0
real,0.3,74471,bollywood,0.3,0.7,0.4286,1.0,0.5,0.3445,2,8,1.0,0.0
real,0.4,74471,bollywood,0.2,0.7,0.2857,1.0,0.5,0.2601,2,8,1.0,0.0
real,0.5,74471,bollywood,0.1,0.7,0.1429,1.0,0.2,0.1063,2,11,1.0,0.0
real,0.0,75079,hollywood,0.0,1.0,0.0,0.0,0.0,0.0,6,10,0.4,0.6
real,0.05,75079,hollywood,0.0,1.0,0.0,0.0,0.0,0.0,5,9,0.6,0.4
real,0.1,75079,hollywood,0.0,1.0,0.0,0.0,0.0,0.0,4,9,0.7,0.3
real,0.15,75079,hollywood,0.0,1.0,0.0,0.0,0.0,0.0,3,9,0.8,0.2
real,0.2,75079,hollywood,0.0,1.0,0.0,0.0,0.0,0.0,2,11,0.9,0.1
real,0.3,75079,hollywood,0.0,1.0,0.0,0.0,0.0,0.0,1,12,1.0,0.0
real,0.4,75079,hollywood,0.0,1.0,0.0,0.0,0.0,0.0,1,12,1.0,0.0
real,0.5,75079,hollywood,0.0,1.0,0.0,0.0,0.0,0.0,1,12,1.0,0.0
real,0.0,75152,hollywood,0.0,0.8,0.0,0.0,0.0,0.0,5,11,0.5,0.5
real,0.05,75152,hollywood,0.2,0.8,0.25,1.0,0.1111,0.1493,4,11,0.7,0.3
real,0.1,75152,hollywood,0.2,0.8,0.25,1.0,0.1429,0.1641,3,11,0.8,0.2
real,0.15,75152,hollywood,0.2,0.8,0.25,1.0,0.1429,0.1641,2,12,0.9,0.1
real,0.2,75152,hollywood,0.2,0.8,0.25,1.0,0.1667,0.1744,2,11,0.9,0.1
real,0.3,75152,hollywood,0.2,0.8,0.25,1.0,0.1667,0.1744,1,12,1.0,0.0
real,0.4,75152,hollywood,0.2,0.8,0.25,1.0,0.1667,0.1744,1,12,1.0,0.0
real,0.5,75152,hollywood,0.2,0.8,0.25,1.0,0.1667,0.1699,1,12,1.0,0.0
real,0.0,75189,korean,0.5,1.0,0.0485,1.0,1.0,0.5696,5,10,0.4,0.6
real,0.05,75189,korean,0.6,1.0,0.0583,1.0,1.0,0.6653,4,11,0.6,0.4
real,0.1,75189,korean,0.7,1.0,0.068,1.0,1.0,0.7289,4,11,0.7,0.3
real,0.15,75189,korean,0.7,1.0,0.068,1.0,1.0,0.7027,4,11,0.7,0.3
real,0.2,75189,korean,0.7,1.0,0.068,1.0,1.0,0.7097,3,12,0.8,0.2
real,0.3,75189,korean,0.7,1.0,0.068,1.0,1.0,0.7066,2,14,1.0,0.0
real,0.4,75189,korean,0.7,1.0,0.068,1.0,1.0,0.6659,2,13,1.0,0.0
real,0.5,75189,korean,0.4,1.0,0.0388,1.0,0.5,0.3687,2,13,1.0,0.0
real,0.0,76059,bollywood,0.0,1.0,0.0,0.0,0.0,0.0,1,11,1.0,0.0
real,0.05,76059,bollywood,0.0,1.0,0.0,0.0,0.0,0.0,1,11,1.0,0.0
real,0.1,76059,bollywood,0.0,1.0,0.0,0.0,0.0,0.0,1,11,1.0,0.0
real,0.15,76059,bollywood,0.0,1.0,0.0,0.0,0.0,0.0,1,11,1.0,0.0
real,0.2,76059,bollywood,0.0,1.0,0.0,0.0,0.0,0.0,1,11,1.0,0.0
real,0.3,76059,bollywood,0.0,1.0,0.0,0.0,0.0,0.0,1,11,1.0,0.0
real,0.4,76059,bollywood,0.1,1.0,0.0909,1.0,0.1667,0.0784,2,11,1.0,0.0
real,0.5,76059,bollywood,0.1,1.0,0.0909,1.0,0.3333,0.11,2,11,1.0,0.0
real,0.0,78436,anime,0.3,0.5,0.6,1.0,1.0,0.6512,5,11,0.6,0.4
real,0.05,78436,anime,0.3,0.5,0.6,1.0,1.0,0.6108,4,11,0.7,0.3
real,0.1,78436,anime,0.3,0.5,0.6,1.0,1.0,0.5873,4,10,0.8,0.2
real,0.15,78436,anime,0.3,0.5,0.6,1.0,1.0,0.5873,4,10,0.8,0.2
real,0.2,78436,anime,0.4,0.5,0.8,1.0,0.3333,0.5158,3,10,0.9,0.1
real,0.3,78436,anime,0.4,0.5,0.8,1.0,0.2,0.4533,3,11,0.9,0.1
real,0.4,78436,anime,0.3,0.5,0.6,1.0,0.1667,0.336,2,11,1.0,0.0
real,0.5,78436,anime,0.2,0.5,0.4,1.0,0.1429,0.2152,1,11,1.0,0.0
real,0.0,78855,bollywood,0.0,0.8,0.0,0.0,0.0,0.0,2,10,0.9,0.1
real,0.05,78855,bollywood,0.0,0.8,0.0,0.0,0.0,0.0,2,10,0.9,0.1
real,0.1,78855,bollywood,0.0,0.8,0.0,0.0,0.0,0.0,2,10,0.9,0.1
real,0.15,78855,bollywood,0.0,0.8,0.0,0.0,0.0,0.0,1,9,1.0,0.0
real,0.2,78855,bollywood,0.0,0.8,0.0,0.0,0.0,0.0,1,9,1.0,0.0
real,0.3,78855,bollywood,0.0,0.8,0.0,0.0,0.0,0.0,1,9,1.0,0.0
real,0.4,78855,bollywood,0.0,0.8,0.0,0.0,0.0,0.0,2,11,1.0,0.0
real,0.5,78855,bollywood,0.0,0.8,0.0,0.0,0.0,0.0,2,13,1.0,0.0
real,0.0,79053,hollywood,0.0,1.0,0.0,0.0,0.0,0.0,4,9,0.4,0.6
real,0.05,79053,hollywood,0.0,1.0,0.0,0.0,0.0,0.0,4,10,0.5,0.5
real,0.1,79053,hollywood,0.1,1.0,0.05,1.0,0.1111,0.0663,3,9,0.6,0.4
real,0.15,79053,hollywood,0.1,1.0,0.05,1.0,0.1429,0.0734,3,9,0.7,0.3
real,0.2,79053,hollywood,0.1,1.0,0.05,1.0,0.1429,0.0734,2,9,0.9,0.1
real,0.3,79053,hollywood,0.1,1.0,0.05,1.0,0.1667,0.0784,1,9,1.0,0.0
real,0.4,79053,hollywood,0.1,1.0,0.05,1.0,0.1667,0.0784,1,9,1.0,0.0
real,0.5,79053,hollywood,0.1,1.0,0.05,1.0,0.1429,0.0734,1,11,1.0,0.0
real,0.0,79775,hollywood,0.0,0.6,0.0,0.0,0.0,0.0,5,8,0.5,0.5
real,0.05,79775,hollywood,0.0,0.6,0.0,0.0,0.0,0.0,1,7,1.0,0.0
real,0.1,79775,hollywood,0.0,0.6,0.0,0.0,0.0,0.0,1,7,1.0,0.0
real,0.15,79775,hollywood,0.0,0.6,0.0,0.0,0.0,0.0,1,7,1.0,0.0
real,0.2,79775,hollywood,0.0,0.6,0.0,0.0,0.0,0.0,1,7,1.0,0.0
real,0.3,79775,hollywood,0.0,0.6,0.0,0.0,0.0,0.0,1,7,1.0,0.0
real,0.4,79775,hollywood,0.0,0.6,0.0,0.0,0.0,0.0,1,7,1.0,0.0
real,0.5,79775,hollywood,0.0,0.6,0.0,0.0,0.0,0.0,1,7,1.0,0.0
real,0.0,80084,korean,0.2,1.0,0.1333,1.0,0.1111,0.1299,3,5,0.7,0.3
real,0.05,80084,korean,0.2,1.0,0.1333,1.0,0.1111,0.1299,3,5,0.7,0.3
real,0.1,80084,korean,0.2,1.0,0.1333,1.0,0.1111,0.1299,4,5,0.8,0.2
real,0.15,80084,korean,0.2,1.0,0.1333,1.0,0.1111,0.1299,4,7,0.9,0.1
real,0.2,80084,korean,0.1,1.0,0.0667,1.0,0.125,0.0694,4,7,0.9,0.1
real,0.3,80084,korean,0.1,1.0,0.0667,1.0,0.25,0.0948,3,8,1.0,0.0
real,0.4,80084,korean,0.1,1.0,0.0667,1.0,0.3333,0.11,3,8,1.0,0.0
real,0.5,80084,korean,0.1,1.0,0.0667,1.0,0.3333,0.11,2,10,1.0,0.0
real,0.0,81130,anime,0.1,0.5,0.2,1.0,1.0,0.3392,3,11,0.8,0.2
real,0.05,81130,anime,0.1,0.5,0.2,1.0,1.0,0.3392,3,11,0.8,0.2
real,0.1,81130,anime,0.1,0.5,0.2,1.0,1.0,0.3392,3,11,0.9,0.1
real,0.15,81130,anime,0.1,0.5,0.2,1.0,1.0,0.3392,3,11,0.9,0.1
real,0.2,81130,anime,0.1,0.5,0.2,1.0,1.0,0.3392,2,11,1.0,0.0
real,0.3,81130,anime,0.1,0.5,0.2,1.0,1.0,0.3392,2,12,1.0,0.0
real,0.4,81130,anime,0.1,0.5,0.2,1.0,1.0,0.3392,1,11,1.0,0.0
real,0.5,81130,anime,0.1,0.5,0.2,1.0,1.0,0.3392,1,11,1.0,0.0
real,0.0,81134,anime,0.1,1.0,0.0909,1.0,0.3333,0.11,4,9,0.8,0.2
real,0.05,81134,anime,0.1,1.0,0.0909,1.0,0.3333,0.11,4,9,0.8,0.2
real,0.1,81134,anime,0.1,1.0,0.0909,1.0,0.3333,0.11,3,9,0.9,0.1
real,0.15,81134,anime,0.1,1.0,0.0909,1.0,0.3333,0.11,3,9,0.9,0.1
real,0.2,81134,anime,0.1,1.0,0.0909,1.0,0.3333,0.11,3,9,0.9,0.1
real,0.3,81134,anime,0.1,1.0,0.0909,1.0,0.3333,0.11,2,9,1.0,0.0
real,0.4,81134,anime,0.1,1.0,0.0909,1.0,0.3333,0.11,2,10,1.0,0.0
real,0.5,81134,anime,0.1,1.0,0.0909,1.0,0.1111,0.0663,2,10,1.0,0.0
real,0.0,81351,bollywood,0.0,1.0,0.0,0.0,0.0,0.0,6,12,0.3,0.7
real,0.05,81351,bollywood,0.0,1.0,0.0,0.0,0.0,0.0,5,12,0.4,0.6
real,0.1,81351,bollywood,0.0,1.0,0.0,0.0,0.0,0.0,4,14,0.6,0.4
real,0.15,81351,bollywood,0.1,1.0,0.0333,1.0,0.1,0.0636,3,14,0.7,0.3
real,0.2,81351,bollywood,0.1,1.0,0.0333,1.0,0.1,0.0636,3,15,0.9,0.1
real,0.3,81351,bollywood,0.2,1.0,0.0667,1.0,0.1111,0.1299,2,11,1.0,0.0
real,0.4,81351,bollywood,0.0,1.0,0.0,0.0,0.0,0.0,2,12,1.0,0.0
real,0.5,81351,bollywood,0.1,1.0,0.0333,1.0,0.1667,0.0784,2,9,1.0,0.0
real,0.0,82752,korean,0.1,1.0,0.05,1.0,0.25,0.0948,6,9,0.4,0.6
real,0.05,82752,korean,0.2,1.0,0.1,1.0,0.25,0.1584,5,9,0.5,0.5
real,0.1,82752,korean,0.3,1.0,0.15,1.0,0.5,0.2719,5,9,0.6,0.4
real,0.15,82752,korean,0.3,1.0,0.15,1.0,0.5,0.2745,4,5,0.7,0.3
real,0.2,82752,korean,0.3,1.0,0.15,1.0,0.5,0.2906,4,5,0.7,0.3
real,0.3,82752,korean,0.3,1.0,0.15,1.0,1.0,0.3719,3,7,0.9,0.1
real,0.4,82752,korean,0.3,1.0,0.15,1.0,1.0,0.3629,2,7,1.0,0.0
real,0.5,82752,korean,0.1,1.0,0.05,1.0,0.3333,0.11,2,9,1.0,0.0
real,0.0,82804,hollywood,0.1,0.5,0.2,1.0,0.1,0.098,4,7,0.5,0.5
real,0.05,82804,hollywood,0.1,0.5,0.2,1.0,0.1,0.098,4,7,0.5,0.5
real,0.1,82804,hollywood,0.1,0.5,0.2,1.0,0.1667,0.1208,4,7,0.6,0.4
real,0.15,82804,hollywood,0.1,0.5,0.2,1.0,0.1667,0.1208,3,6,0.7,0.3
real,0.2,82804,hollywood,0.1,0.5,0.2,1.0,0.1667,0.1208,2,6,0.9,0.1
real,0.3,82804,hollywood,0.2,0.5,0.4,1.0,0.1429,0.2111,2,6,0.9,0.1
real,0.4,82804,hollywood,0.2,0.5,0.4,1.0,0.1429,0.2152,1,6,1.0,0.0
real,0.5,82804,hollywood,0.2,0.5,0.4,1.0,0.1667,0.2229,1,6,1.0,0.0
real,0.0,83079,bollywood,0.0,0.6,0.0,0.0,0.0,0.0,3,8,0.8,0.2
real,0.05,83079,bollywood,0.0,0.6,0.0,0.0,0.0,0.0,2,8,0.9,0.1
real,0.1,83079,bollywood,0.0,0.6,0.0,0.0,0.0,0.0,1,9,1.0,0.0
real,0.15,83079,bollywood,0.0,0.6,0.0,0.0,0.0,0.0,1,9,1.0,0.0
real,0.2,83079,bollywood,0.0,0.6,0.0,0.0,0.0,0.0,1,9,1.0,0.0
real,0.3,83079,bollywood,0.0,0.6,0.0,0.0,0.0,0.0,1,9,1.0,0.0
real,0.4,83079,bollywood,0.0,0.6,0.0,0.0,0.0,0.0,2,9,1.0,0.0
real,0.5,83079,bollywood,0.0,0.6,0.0,0.0,0.0,0.0,2,9,1.0,0.0
real,0.0,83481,korean,0.3,1.0,0.1875,1.0,1.0,0.4249,3,6,0.8,0.2
real,0.05,83481,korean,0.3,1.0,0.1875,1.0,1.0,0.4035,2,6,0.9,0.1
real,0.1,83481,korean,0.3,1.0,0.1875,1.0,1.0,0.3996,2,6,0.9,0.1
real,0.15,83481,korean,0.2,1.0,0.125,1.0,1.0,0.3301,1,6,1.0,0.0
real,0.2,83481,korean,0.2,1.0,0.125,1.0,1.0,0.3301,1,6,1.0,0.0
real,0.3,83481,korean,0.2,1.0,0.125,1.0,1.0,0.3301,2,6,1.0,0.0
real,0.4,83481,korean,0.2,1.0,0.125,1.0,1.0,0.3149,2,8,1.0,0.0
real,0.5,83481,korean,0.2,1.0,0.125,1.0,0.25,0.1642,2,9,1.0,0.0
real,0.0,83573,hollywood,0.0,1.0,0.0,0.0,0.0,0.0,7,7,0.4,0.6
real,0.05,83573,hollywood,0.0,1.0,0.0,0.0,0.0,0.0,5,7,0.6,0.4
real,0.1,83573,hollywood,0.0,1.0,0.0,0.0,0.0,0.0,4,9,0.7,0.3
real,0.15,83573,hollywood,0.1,1.0,0.1,1.0,0.1111,0.0663,2,9,0.9,0.1
real,0.2,83573,hollywood,0.1,1.0,0.1,1.0,0.125,0.0694,2,9,0.9,0.1
real,0.3,83573,hollywood,0.1,1.0,0.1,1.0,0.125,0.0694,1,9,1.0,0.0
real,0.4,83573,hollywood,0.1,1.0,0.1,1.0,0.1111,0.0663,1,9,1.0,0.0
real,0.5,83573,hollywood,0.1,1.0,0.1,1.0,0.1111,0.0663,1,9,1.0,0.0
real,0.0,83863,bollywood,0.1,1.0,0.0101,1.0,0.5,0.1389,4,11,0.7,0.3
real,0.05,83863,bollywood,0.2,1.0,0.0202,1.0,0.5,0.2025,3,11,0.8,0.2
real,0.1,83863,bollywood,0.3,1.0,0.0303,1.0,0.5,0.2687,2,11,0.9,0.1
real,0.15,83863,bollywood,0.3,1.0,0.0303,1.0,1.0,0.35,2,11,0.9,0.1
real,0.2,83863,bollywood,0.3,1.0,0.0303,1.0,1.0,0.35,3,12,0.9,0.1
real,0.3,83863,bollywood,0.4,1.0,0.0404,1.0,1.0,0.4632,2,12,1.0,0.0
real,0.4,83863,bollywood,0.5,1.0,0.0505,1.0,1.0,0.5894,2,11,1.0,0.0
real,0.5,83863,bollywood,0.5,1.0,0.0505,1.0,1.0,0.6422,2,11,1.0,0.0
real,0.0,84045,hollywood,0.1,1.0,0.1,1.0,0.1667,0.0784,1,7,1.0,0.0
real,0.05,84045,hollywood,0.1,1.0,0.1,1.0,0.1667,0.0784,1,7,1.0,0.0
real,0.1,84045,hollywood,0.1,1.0,0.1,1.0,0.1667,0.0784,1,7,1.0,0.0
real,0.15,84045,hollywood,0.1,1.0,0.1,1.0,0.1667,0.0784,1,7,1.0,0.0
real,0.2,84045,hollywood,0.1,1.0,0.1,1.0,0.1667,0.0784,1,7,1.0,0.0
real,0.3,84045,hollywood,0.1,1.0,0.1,1.0,0.1667,0.0784,1,7,1.0,0.0
real,0.4,84045,hollywood,0.1,1.0,0.1,1.0,0.1667,0.0784,1,7,1.0,0.0
real,0.5,84045,hollywood,0.1,1.0,0.1,1.0,0.1667,0.0784,1,8,1.0,0.0
real,0.0,84401,mixed,0.1,1.0,0.0556,1.0,0.1,0.0636,3,11,0.7,0.3
real,0.05,84401,mixed,0.1,1.0,0.0556,1.0,0.1667,0.0784,3,11,0.9,0.1
real,0.1,84401,mixed,0.1,1.0,0.0556,1.0,0.2,0.0851,3,13,0.9,0.1
real,0.15,84401,mixed,0.1,1.0,0.0556,1.0,0.25,0.0948,2,12,1.0,0.0
real,0.2,84401,mixed,0.1,1.0,0.0556,1.0,0.25,0.0948,2,12,1.0,0.0
real,0.3,84401,mixed,0.1,1.0,0.0556,1.0,0.5,0.1389,2,12,1.0,0.0
real,0.4,84401,mixed,0.1,1.0,0.0556,1.0,0.5,0.1389,2,11,1.0,0.0
real,0.5,84401,mixed,0.1,1.0,0.0556,1.0,1.0,0.2201,2,11,1.0,0.0
real,0.0,84429,anime,0.2,1.0,0.1667,1.0,0.3333,0.1763,2,11,1.0,0.0
real,0.05,84429,anime,0.2,1.0,0.1667,1.0,0.1667,0.142,2,11,1.0,0.0
real,0.1,84429,anime,0.1,1.0,0.0833,1.0,0.1667,0.0784,2,11,1.0,0.0
real,0.15,84429,anime,0.1,1.0,0.0833,1.0,0.1111,0.0663,2,11,1.0,0.0
real,0.2,84429,anime,0.0,1.0,0.0,0.0,0.0,0.0,2,11,1.0,0.0
real,0.3,84429,anime,0.0,1.0,0.0,0.0,0.0,0.0,2,11,1.0,0.0
real,0.4,84429,anime,0.0,1.0,0.0,0.0,0.0,0.0,2,11,1.0,0.0
real,0.5,84429,anime,0.0,1.0,0.0,0.0,0.0,0.0,1,11,1.0,0.0
real,0.0,84747,anime,0.1,1.0,0.0909,1.0,0.125,0.0694,2,9,1.0,0.0
real,0.05,84747,anime,0.1,1.0,0.0909,1.0,0.1429,0.0734,2,9,1.0,0.0
real,0.1,84747,anime,0.1,1.0,0.0909,1.0,0.1429,0.0734,2,8,1.0,0.0
real,0.15,84747,anime,0.1,1.0,0.0909,1.0,0.1429,0.0734,2,8,1.0,0.0
real,0.2,84747,anime,0.1,1.0,0.0909,1.0,0.1429,0.0734,2,7,1.0,0.0
real,0.3,84747,anime,0.1,1.0,0.0909,1.0,0.125,0.0694,2,8,1.0,0.0
real,0.4,84747,anime,0.0,1.0,0.0,0.0,0.0,0.0,1,9,1.0,0.0
real,0.5,84747,anime,0.0,1.0,0.0,0.0,0.0,0.0,1,9,1.0,0.0
real,0.0,85227,bollywood,0.3,1.0,0.1364,1.0,0.5,0.3223,2,13,0.8,0.2
real,0.05,85227,bollywood,0.3,1.0,0.1364,1.0,1.0,0.4323,2,13,0.8,0.2
real,0.1,85227,bollywood,0.3,1.0,0.1364,1.0,1.0,0.4323,2,13,0.8,0.2
real,0.15,85227,bollywood,0.3,1.0,0.1364,1.0,1.0,0.4374,2,13,0.8,0.2
real,0.2,85227,bollywood,0.3,1.0,0.1364,1.0,1.0,0.4441,2,13,0.8,0.2
real,0.3,85227,bollywood,0.3,1.0,0.1364,1.0,1.0,0.4441,2,12,1.0,0.0
real,0.4,85227,bollywood,0.5,1.0,0.2273,1.0,1.0,0.5801,2,11,1.0,0.0
real,0.5,85227,bollywood,0.7,1.0,0.3182,1.0,0.5,0.6353,2,10,1.0,0.0
real,0.0,85394,hollywood,0.1,1.0,0.0667,1.0,1.0,0.2201,3,11,0.7,0.3
real,0.05,85394,hollywood,0.1,1.0,0.0667,1.0,1.0,0.2201,2,10,0.8,0.2
real,0.1,85394,hollywood,0.1,1.0,0.0667,1.0,1.0,0.2201,2,9,0.9,0.1
real,0.15,85394,hollywood,0.1,1.0,0.0667,1.0,1.0,0.2201,2,9,0.9,0.1
real,0.2,85394,hollywood,0.1,1.0,0.0667,1.0,1.0,0.2201,1,9,1.0,0.0
real,0.3,85394,hollywood,0.1,1.0,0.0667,1.0,1.0,0.2201,1,9,1.0,0.0
real,0.4,85394,hollywood,0.1,1.0,0.0667,1.0,1.0,0.2201,1,9,1.0,0.0
real,0.5,85394,hollywood,0.1,1.0,0.0667,1.0,1.0,0.2201,1,9,1.0,0.0
real,0.0,85960,anime,0.4,1.0,0.2353,1.0,0.5,0.3539,3,11,0.9,0.1
real,0.05,85960,anime,0.3,1.0,0.1765,1.0,0.5,0.2934,3,11,0.9,0.1
real,0.1,85960,anime,0.4,1.0,0.2353,1.0,0.5,0.3542,2,11,1.0,0.0
real,0.15,85960,anime,0.4,1.0,0.2353,1.0,0.3333,0.3281,2,11,1.0,0.0
real,0.2,85960,anime,0.4,1.0,0.2353,1.0,0.25,0.3195,2,10,1.0,0.0
real,0.3,85960,anime,0.3,1.0,0.1765,1.0,0.25,0.2426,2,10,1.0,0.0
real,0.4,85960,anime,0.1,1.0,0.0588,1.0,0.25,0.0948,2,11,1.0,0.0
real,0.5,85960,anime,0.1,1.0,0.0588,1.0,0.1429,0.0734,2,12,1.0,0.0
real,0.0,86122,hollywood,0.3,0.7,0.4286,1.0,1.0,0.5187,1,6,1.0,0.0
real,0.05,86122,hollywood,0.3,0.7,0.4286,1.0,1.0,0.5187,1,6,1.0,0.0
real,0.1,86122,hollywood,0.3,0.7,0.4286,1.0,1.0,0.5187,1,6,1.0,0.0
real,0.15,86122,hollywood,0.3,0.7,0.4286,1.0,1.0,0.5187,1,6,1.0,0.0
real,0.2,86122,hollywood,0.3,0.7,0.4286,1.0,1.0,0.5187,1,6,1.0,0.0
real,0.3,86122,hollywood,0.3,0.7,0.4286,1.0,1.0,0.5187,1,8,1.0,0.0
real,0.4,86122,hollywood,0.3,0.7,0.4286,1.0,1.0,0.5187,1,8,1.0,0.0
real,0.5,86122,hollywood,0.3,0.7,0.4286,1.0,1.0,0.5187,1,8,1.0,0.0
real,0.0,86623,hollywood,0.1,1.0,0.1,1.0,1.0,0.2201,3,7,0.8,0.2
real,0.05,86623,hollywood,0.1,1.0,0.1,1.0,1.0,0.2201,2,8,0.9,0.1
real,0.1,86623,hollywood,0.1,1.0,0.1,1.0,1.0,0.2201,2,8,0.9,0.1
real,0.15,86623,hollywood,0.1,1.0,0.1,1.0,1.0,0.2201,2,8,0.9,0.1
real,0.2,86623,hollywood,0.1,1.0,0.1,1.0,1.0,0.2201,1,8,1.0,0.0
real,0.3,86623,hollywood,0.2,1.0,0.2,1.0,1.0,0.2837,1,8,1.0,0.0
real,0.4,86623,hollywood,0.2,1.0,0.2,1.0,1.0,0.2837,1,8,1.0,0.0
real,0.5,86623,hollywood,0.2,1.0,0.2,1.0,1.0,0.2863,1,8,1.0,0.0
real,0.0,86862,bollywood,0.0,0.9,0.0,0.0,0.0,0.0,4,8,0.6,0.4
real,0.05,86862,bollywood,0.1,0.9,0.1111,1.0,0.1,0.0679,3,8,0.8,0.2
real,0.1,86862,bollywood,0.1,0.9,0.1111,1.0,0.1,0.0679,3,8,0.8,0.2
real,0.15,86862,bollywood,0.1,0.9,0.1111,1.0,0.1,0.0679,3,8,0.8,0.2
real,0.2,86862,bollywood,0.1,0.9,0.1111,1.0,0.1111,0.0708,3,8,0.9,0.1
real,0.3,86862,bollywood,0.1,0.9,0.1111,1.0,0.1,0.0679,2,9,1.0,0.0
real,0.4,86862,bollywood,0.0,0.9,0.0,0.0,0.0,0.0,2,8,1.0,0.0
real,0.5,86862,bollywood,0.0,0.9,0.0,0.0,0.0,0.0,2,8,1.0,0.0
real,0.0,86939,anime,0.0,1.0,0.0,0.0,0.0,0.0,4,12,0.8,0.2
real,0.05,86939,anime,0.0,1.0,0.0,0.0,0.0,0.0,3,11,0.9,0.1
real,0.1,86939,anime,0.0,1.0,0.0,0.0,0.0,0.0,3,11,0.9,0.1
real,0.15,86939,anime,0.0,1.0,0.0,0.0,0.0,0.0,2,11,1.0,0.0
real,0.2,86939,anime,0.0,1.0,0.0,0.0,0.0,0.0,2,11,1.0,0.0
real,0.3,86939,anime,0.1,1.0,0.0526,1.0,0.1,0.0636,1,8,1.0,0.0
real,0.4,86939,anime,0.1,1.0,0.0526,1.0,0.1,0.0636,1,8,1.0,0.0
real,0.5,86939,anime,0.1,1.0,0.0526,1.0,0.1667,0.0784,1,10,1.0,0.0
real,0.0,87658,anime,0.1,1.0,0.0909,1.0,1.0,0.2201,4,13,0.8,0.2
real,0.05,87658,anime,0.1,1.0,0.0909,1.0,1.0,0.2201,4,13,0.8,0.2
real,0.1,87658,anime,0.1,1.0,0.0909,1.0,0.3333,0.11,3,13,0.9,0.1
real,0.15,87658,anime,0.1,1.0,0.0909,1.0,0.25,0.0948,3,14,0.9,0.1
real,0.2,87658,anime,0.1,1.0,0.0909,1.0,0.25,0.0948,3,13,0.9,0.1
real,0.3,87658,anime,0.0,1.0,0.0,0.0,0.0,0.0,2,11,1.0,0.0
real,0.4,87658,anime,0.0,1.0,0.0,0.0,0.0,0.0,1,9,1.0,0.0
real,0.5,87658,anime,0.0,1.0,0.0,0.0,0.0,0.0,1,9,1.0,0.0
real,0.0,88445,mixed,0.0,0.4,0.0,0.0,0.0,0.0,7,8,0.1,0.9
real,0.05,88445,mixed,0.0,0.4,0.0,0.0,0.0,0.0,7,8,0.1,0.9
real,0.1,88445,mixed,0.0,0.4,0.0,0.0,0.0,0.0,5,9,0.3,0.7
real,0.15,88445,mixed,0.0,0.4,0.0,0.0,0.0,0.0,4,7,0.5,0.5
real,0.2,88445,mixed,0.0,0.4,0.0,0.0,0.0,0.0,3,10,0.7,0.3
real,0.3,88445,mixed,0.0,0.4,0.0,0.0,0.0,0.0,3,10,0.8,0.2
real,0.4,88445,mixed,0.0,0.4,0.0,0.0,0.0,0.0,1,10,1.0,0.0
real,0.5,88445,mixed,0.0,0.4,0.0,0.0,0.0,0.0,1,10,1.0,0.0
real,0.0,89626,bollywood,0.5,1.0,0.0685,1.0,1.0,0.5894,2,9,0.9,0.1
real,0.05,89626,bollywood,0.5,1.0,0.0685,1.0,1.0,0.5934,2,9,0.9,0.1
real,0.1,89626,bollywood,0.6,1.0,0.0822,1.0,1.0,0.6602,1,8,1.0,0.0
real,0.15,89626,bollywood,0.6,1.0,0.0822,1.0,1.0,0.6602,1,8,1.0,0.0
real,0.2,89626,bollywood,0.6,1.0,0.0822,1.0,1.0,0.6602,1,8,1.0,0.0
real,0.3,89626,bollywood,0.6,1.0,0.0822,1.0,1.0,0.6602,1,8,1.0,0.0
real,0.4,89626,bollywood,0.6,1.0,0.0822,1.0,1.0,0.6602,1,8,1.0,0.0
real,0.5,89626,bollywood,0.5,1.0,0.0685,1.0,1.0,0.5907,2,9,1.0,0.0
real,0.0,90955,hollywood,0.0,1.0,0.0,0.0,0.0,0.0,3,10,0.7,0.3
real,0.05,90955,hollywood,0.0,1.0,0.0,0.0,0.0,0.0,2,11,0.9,0.1
real,0.1,90955,hollywood,0.1,1.0,0.0294,1.0,0.1,0.0636,1,12,1.0,0.0
real,0.15,90955,hollywood,0.1,1.0,0.0294,1.0,0.1,0.0636,1,12,1.0,0.0
real,0.2,90955,hollywood,0.1,1.0,0.0294,1.0,0.1,0.0636,1,12,1.0,0.0
real,0.3,90955,hollywood,0.1,1.0,0.0294,1.0,0.1,0.0636,1,12,1.0,0.0
real,0.4,90955,hollywood,0.1,1.0,0.0294,1.0,0.1,0.0636,1,12,1.0,0.0
real,0.5,90955,hollywood,0.1,1.0,0.0294,1.0,0.1,0.0636,1,12,1.0,0.0
real,0.0,91104,anime,0.0,1.0,0.0,0.0,0.0,0.0,5,11,0.7,0.3
real,0.05,91104,anime,0.0,1.0,0.0,0.0,0.0,0.0,3,10,0.9,0.1
real,0.1,91104,anime,0.0,1.0,0.0,0.0,0.0,0.0,3,10,0.9,0.1
real,0.15,91104,anime,0.0,1.0,0.0,0.0,0.0,0.0,2,10,1.0,0.0
real,0.2,91104,anime,0.0,1.0,0.0,0.0,0.0,0.0,2,10,1.0,0.0
real,0.3,91104,anime,0.0,1.0,0.0,0.0,0.0,0.0,2,10,1.0,0.0
real,0.4,91104,anime,0.0,1.0,0.0,0.0,0.0,0.0,2,10,1.0,0.0
real,0.5,91104,anime,0.0,1.0,0.0,0.0,0.0,0.0,2,10,1.0,0.0
real,0.0,91114,korean,0.0,0.9,0.0,0.0,0.0,0.0,3,8,0.8,0.2
real,0.05,91114,korean,0.0,0.9,0.0,0.0,0.0,0.0,3,8,0.8,0.2
real,0.1,91114,korean,0.0,0.9,0.0,0.0,0.0,0.0,2,8,0.9,0.1
real,0.15,91114,korean,0.0,0.9,0.0,0.0,0.0,0.0,2,8,0.9,0.1
real,0.2,91114,korean,0.0,0.9,0.0,0.0,0.0,0.0,2,8,0.9,0.1
real,0.3,91114,korean,0.1,0.9,0.1111,1.0,0.1429,0.0783,2,8,1.0,0.0
real,0.4,91114,korean,0.1,0.9,0.1111,1.0,1.0,0.235,2,8,1.0,0.0
real,0.5,91114,korean,0.1,0.9,0.1111,1.0,1.0,0.235,1,6,1.0,0.0
real,0.0,91343,hollywood,0.2,1.0,0.0645,1.0,0.2,0.1635,5,10,0.6,0.4
real,0.05,91343,hollywood,0.2,1.0,0.0645,1.0,0.3333,0.2048,4,10,0.7,0.3
real,0.1,91343,hollywood,0.2,1.0,0.0645,1.0,0.3333,0.2048,3,10,0.8,0.2
real,0.15,91343,hollywood,0.2,1.0,0.0645,1.0,0.3333,0.2048,1,11,1.0,0.0
real,0.2,91343,hollywood,0.2,1.0,0.0645,1.0,0.3333,0.2048,1,11,1.0,0.0
real,0.3,91343,hollywood,0.2,1.0,0.0645,1.0,0.3333,0.2048,1,10,1.0,0.0
real,0.4,91343,hollywood,0.2,1.0,0.0645,1.0,0.3333,0.2048,1,10,1.0,0.0
real,0.5,91343,hollywood,0.2,1.0,0.0645,1.0,0.3333,0.2048,1,10,1.0,0.0
real,0.0,92820,hollywood,0.1,0.9,0.1111,1.0,1.0,0.235,4,10,0.6,0.4
real,0.05,92820,hollywood,0.2,0.9,0.2222,1.0,1.0,0.3058,3,9,0.8,0.2
real,0.1,92820,hollywood,0.2,0.9,0.2222,1.0,1.0,0.3092,3,9,0.8,0.2
real,0.15,92820,hollywood,0.2,0.9,0.2222,1.0,1.0,0.3134,1,10,1.0,0.0
real,0.2,92820,hollywood,0.2,0.9,0.2222,1.0,1.0,0.3134,1,10,1.0,0.0
real,0.3,92820,hollywood,0.2,0.9,0.2222,1.0,1.0,0.3134,1,10,1.0,0.0
real,0.4,92820,hollywood,0.2,0.9,0.2222,1.0,1.0,0.3134,1,10,1.0,0.0
real,0.5,92820,hollywood,0.2,0.9,0.2222,1.0,1.0,0.3134,1,11,1.0,0.0
real,0.0,93698,hollywood,0.1,1.0,0.0118,1.0,0.25,0.0948,5,13,0.2,0.8
real,0.05,93698,hollywood,0.1,1.0,0.0118,1.0,0.1667,0.0784,5,13,0.2,0.8
real,0.1,93698,hollywood,0.2,1.0,0.0235,1.0,0.1667,0.1478,4,13,0.6,0.4
real,0.15,93698,hollywood,0.2,1.0,0.0235,1.0,0.2,0.1546,3,13,0.7,0.3
real,0.2,93698,hollywood,0.2,1.0,0.0235,1.0,0.2,0.1585,2,13,0.8,0.2
real,0.3,93698,hollywood,0.2,1.0,0.0235,1.0,0.25,0.1732,1,11,1.0,0.0
real,0.4,93698,hollywood,0.3,1.0,0.0353,1.0,0.25,0.2344,1,11,1.0,0.0
real,0.5,93698,hollywood,0.4,1.0,0.0471,1.0,0.25,0.3169,1,12,1.0,0.0
real,0.0,94278,korean,0.1,1.0,0.0526,1.0,0.25,0.0948,4,9,0.7,0.3
real,0.05,94278,korean,0.1,1.0,0.0526,1.0,0.3333,0.11,5,8,0.7,0.3
real,0.1,94278,korean,0.1,1.0,0.0526,1.0,1.0,0.2201,5,8,0.7,0.3
real,0.15,94278,korean,0.1,1.0,0.0526,1.0,1.0,0.2201,4,9,0.8,0.2
real,0.2,94278,korean,0.1,1.0,0.0526,1.0,0.5,0.1389,3,8,0.9,0.1
real,0.3,94278,korean,0.1,1.0,0.0526,1.0,0.5,0.1389,2,8,1.0,0.0
real,0.4,94278,korean,0.1,1.0,0.0526,1.0,0.25,0.0948,2,11,1.0,0.0
real,0.5,94278,korean,0.0,1.0,0.0,0.0,0.0,0.0,1,11,1.0,0.0
real,0.0,95328,hollywood,0.1,1.0,0.0417,1.0,1.0,0.2201,3,10,0.8,0.2
real,0.05,95328,hollywood,0.1,1.0,0.0417,1.0,1.0,0.2201,2,8,0.9,0.1
real,0.1,95328,hollywood,0.1,1.0,0.0417,1.0,1.0,0.2201,2,8,0.9,0.1
real,0.15,95328,hollywood,0.1,1.0,0.0417,1.0,1.0,0.2201,1,8,1.0,0.0
real,0.2,95328,hollywood,0.1,1.0,0.0417,1.0,1.0,0.2201,1,8,1.0,0.0
real,0.3,95328,hollywood,0.1,1.0,0.0417,1.0,1.0,0.2201,1,8,1.0,0.0
real,0.4,95328,hollywood,0.1,1.0,0.0417,1.0,1.0,0.2201,1,8,1.0,0.0
real,0.5,95328,hollywood,0.2,1.0,0.0833,1.0,1.0,0.2837,1,8,1.0,0.0
real,0.0,96472,anime,0.1,1.0,0.0769,1.0,0.2,0.0851,3,8,0.8,0.2
real,0.05,96472,anime,0.1,1.0,0.0769,1.0,0.2,0.0851,3,8,0.8,0.2
real,0.1,96472,anime,0.1,1.0,0.0769,1.0,0.2,0.0851,2,8,0.9,0.1
real,0.15,96472,anime,0.1,1.0,0.0769,1.0,0.2,0.0851,1,8,1.0,0.0
real,0.2,96472,anime,0.1,1.0,0.0769,1.0,0.2,0.0851,1,8,1.0,0.0
real,0.3,96472,anime,0.1,1.0,0.0769,1.0,0.2,0.0851,1,9,1.0,0.0
real,0.4,96472,anime,0.1,1.0,0.0769,1.0,0.1667,0.0784,1,9,1.0,0.0
real,0.5,96472,anime,0.1,1.0,0.0769,1.0,0.1667,0.0784,1,9,1.0,0.0
real,0.0,96646,bollywood,0.2,1.0,0.0215,1.0,1.0,0.3149,2,12,0.8,0.2
real,0.05,96646,bollywood,0.2,1.0,0.0215,1.0,1.0,0.3149,2,12,0.8,0.2
real,0.1,96646,bollywood,0.2,1.0,0.0215,1.0,1.0,0.3149,2,12,0.8,0.2
real,0.15,96646,bollywood,0.2,1.0,0.0215,1.0,1.0,0.3149,2,12,0.9,0.1
real,0.2,96646,bollywood,0.2,1.0,0.0215,1.0,1.0,0.3301,2,12,0.9,0.1
real,0.3,96646,bollywood,0.3,1.0,0.0323,1.0,1.0,0.4153,2,13,1.0,0.0
real,0.4,96646,bollywood,0.4,1.0,0.043,1.0,1.0,0.5033,2,14,1.0,0.0
real,0.5,96646,bollywood,0.5,1.0,0.0538,1.0,1.0,0.6275,2,12,1.0,0.0
real,0.0,97702,korean,0.0,0.5,0.0,0.0,0.0,0.0,2,5,1.0,0.0
real,0.05,97702,korean,0.0,0.5,0.0,0.0,0.0,0.0,2,5,1.0,0.0
real,0.1,97702,korean,0.0,0.5,0.0,0.0,0.0,0.0,2,6,1.0,0.0
real,0.15,97702,korean,0.0,0.5,0.0,0.0,0.0,0.0,2,6,1.0,0.0
real,0.2,97702,korean,0.0,0.5,0.0,0.0,0.0,0.0,2,6,1.0,0.0
real,0.3,97702,korean,0.0,0.5,0.0,0.0,0.0,0.0,2,6,1.0,0.0
real,0.4,97702,korean,0.0,0.5,0.0,0.0,0.0,0.0,2,7,1.0,0.0
real,0.5,97702,korean,0.0,0.5,0.0,0.0,0.0,0.0,2,10,1.0,0.0
real,0.0,97926,hollywood,0.2,1.0,0.0625,1.0,0.1429,0.1396,4,7,0.6,0.4
real,0.05,97926,hollywood,0.3,1.0,0.0938,1.0,0.1667,0.218,2,6,0.9,0.1
real,0.1,97926,hollywood,0.3,1.0,0.0938,1.0,0.1667,0.218,2,6,0.9,0.1
real,0.15,97926,hollywood,0.3,1.0,0.0938,1.0,0.1667,0.218,2,6,0.9,0.1
real,0.2,97926,hollywood,0.3,1.0,0.0938,1.0,0.2,0.233,2,6,0.9,0.1
real,0.3,97926,hollywood,0.3,1.0,0.0938,1.0,0.2,0.233,1,8,1.0,0.0
real,0.4,97926,hollywood,0.3,1.0,0.0938,1.0,0.2,0.2369,1,8,1.0,0.0
real,0.5,97926,hollywood,0.3,1.0,0.0938,1.0,0.25,0.2533,1,6,1.0,0.0
real,0.0,98825,bollywood,0.0,0.3,0.0,0.0,0.0,0.0,8,7,0.0,1.0
real,0.05,98825,bollywood,0.1,0.3,0.3333,1.0,0.1429,0.1564,8,7,0.1,0.9
real,0.1,98825,bollywood,0.2,0.3,0.6667,1.0,0.25,0.3434,7,7,0.2,0.8
real,0.15,98825,bollywood,0.2,0.3,0.6667,1.0,0.25,0.3836,8,7,0.2,0.8
real,0.2,98825,bollywood,0.2,0.3,0.6667,1.0,0.5,0.4982,8,7,0.2,0.8
real,0.3,98825,bollywood,0.2,0.3,0.6667,1.0,1.0,0.7654,7,7,0.4,0.6
real,0.4,98825,bollywood,0.3,0.3,1.0,1.0,1.0,0.9325,5,7,0.6,0.4
real,0.5,98825,bollywood,0.3,0.3,1.0,1.0,1.0,0.9469,1,7,1.0,0.0
real,0.0,98877,mixed,0.0,1.0,0.0,0.0,0.0,0.0,6,7,0.5,0.5
real,0.05,98877,mixed,0.0,1.0,0.0,0.0,0.0,0.0,5,7,0.6,0.4
real,0.1,98877,mixed,0.0,1.0,0.0,0.0,0.0,0.0,4,8,0.7,0.3
real,0.15,98877,mixed,0.0,1.0,0.0,0.0,0.0,0.0,3,8,0.8,0.2
real,0.2,98877,mixed,0.0,1.0,0.0,0.0,0.0,0.0,1,7,1.0,0.0
real,0.3,98877,mixed,0.0,1.0,0.0,0.0,0.0,0.0,1,7,1.0,0.0
real,0.4,98877,mixed,0.0,1.0,0.0,0.0,0.0,0.0,1,7,1.0,0.0
real,0.5,98877,mixed,0.0,1.0,0.0,0.0,0.0,0.0,1,7,1.0,0.0
real,0.0,98913,hollywood,0.1,1.0,0.0227,1.0,0.2,0.0851,5,6,0.4,0.6
real,0.05,98913,hollywood,0.1,1.0,0.0227,1.0,0.2,0.0851,4,8,0.6,0.4
real,0.1,98913,hollywood,0.1,1.0,0.0227,1.0,0.3333,0.11,4,9,0.7,0.3
real,0.15,98913,hollywood,0.1,1.0,0.0227,1.0,0.5,0.1389,4,9,0.7,0.3
real,0.2,98913,hollywood,0.2,1.0,0.0455,1.0,0.5,0.2051,2,9,0.9,0.1
real,0.3,98913,hollywood,0.3,1.0,0.0682,1.0,0.5,0.2758,1,9,1.0,0.0
real,0.4,98913,hollywood,0.3,1.0,0.0682,1.0,0.5,0.2758,1,9,1.0,0.0
real,0.5,98913,hollywood,0.3,1.0,0.0682,1.0,0.5,0.2758,1,9,1.0,0.0
real,0.0,99023,anime,0.0,0.8,0.0,0.0,0.0,0.0,4,14,0.7,0.3
real,0.05,99023,anime,0.0,0.8,0.0,0.0,0.0,0.0,3,11,0.9,0.1
real,0.1,99023,anime,0.0,0.8,0.0,0.0,0.0,0.0,2,9,1.0,0.0
real,0.15,99023,anime,0.0,0.8,0.0,0.0,0.0,0.0,2,9,1.0,0.0
real,0.2,99023,anime,0.0,0.8,0.0,0.0,0.0,0.0,2,9,1.0,0.0
real,0.3,99023,anime,0.0,0.8,0.0,0.0,0.0,0.0,2,8,1.0,0.0
real,0.4,99023,anime,0.0,0.8,0.0,0.0,0.0,0.0,1,9,1.0,0.0
real,0.5,99023,anime,0.0,0.8,0.0,0.0,0.0,0.0,1,9,1.0,0.0
real,0.0,100017,hollywood,0.2,1.0,0.0909,1.0,1.0,0.2895,4,13,0.7,0.3
real,0.05,100017,hollywood,0.2,1.0,0.0909,1.0,1.0,0.2895,4,13,0.7,0.3
real,0.1,100017,hollywood,0.2,1.0,0.0909,1.0,1.0,0.2985,3,13,0.8,0.2
real,0.15,100017,hollywood,0.2,1.0,0.0909,1.0,1.0,0.3052,2,13,0.9,0.1
real,0.2,100017,hollywood,0.2,1.0,0.0909,1.0,1.0,0.3052,1,8,1.0,0.0
real,0.3,100017,hollywood,0.2,1.0,0.0909,1.0,1.0,0.3052,1,8,1.0,0.0
real,0.4,100017,hollywood,0.2,1.0,0.0909,1.0,1.0,0.3052,1,8,1.0,0.0
real,0.5,100017,hollywood,0.2,1.0,0.0909,1.0,1.0,0.3052,1,8,1.0,0.0
real,0.0,101185,hollywood,0.1,1.0,0.0106,1.0,0.5,0.1389,5,12,0.4,0.6
real,0.05,101185,hollywood,0.1,1.0,0.0106,1.0,0.3333,0.11,5,12,0.4,0.6
real,0.1,101185,hollywood,0.1,1.0,0.0106,1.0,0.25,0.0948,5,12,0.5,0.5
real,0.15,101185,hollywood,0.1,1.0,0.0106,1.0,0.25,0.0948,3,11,0.7,0.3
real,0.2,101185,hollywood,0.1,1.0,0.0106,1.0,0.2,0.0851,3,9,0.8,0.2
real,0.3,101185,hollywood,0.0,1.0,0.0,0.0,0.0,0.0,1,10,1.0,0.0
real,0.4,101185,hollywood,0.0,1.0,0.0,0.0,0.0,0.0,1,10,1.0,0.0
real,0.5,101185,hollywood,0.1,1.0,0.0106,1.0,0.1111,0.0663,1,10,1.0,0.0
real,0.0,101207,bollywood,0.1,1.0,0.0833,1.0,0.1667,0.0784,1,9,1.0,0.0
real,0.05,101207,bollywood,0.1,1.0,0.0833,1.0,0.1667,0.0784,1,9,1.0,0.0
real,0.1,101207,bollywood,0.1,1.0,0.0833,1.0,0.1667,0.0784,1,9,1.0,0.0
real,0.15,101207,bollywood,0.1,1.0,0.0833,1.0,0.1667,0.0784,1,9,1.0,0.0
real,0.2,101207,bollywood,0.1,1.0,0.0833,1.0,0.1667,0.0784,1,7,1.0,0.0
real,0.3,101207,bollywood,0.1,1.0,0.0833,1.0,0.1667,0.0784,2,11,1.0,0.0
real,0.4,101207,bollywood,0.1,1.0,0.0833,1.0,0.1667,0.0784,2,11,1.0,0.0
real,0.5,101207,bollywood,0.1,1.0,0.0833,1.0,0.1429,0.0734,2,13,1.0,0.0
real,0.0,101885,hollywood,0.1,1.0,0.05,1.0,0.2,0.0851,6,13,0.4,0.6
real,0.05,101885,hollywood,0.1,1.0,0.05,1.0,0.25,0.0948,3,14,0.7,0.3
real,0.1,101885,hollywood,0.1,1.0,0.05,1.0,0.25,0.0948,2,14,0.9,0.1
real,0.15,101885,hollywood,0.1,1.0,0.05,1.0,0.25,0.0948,2,14,0.9,0.1
real,0.2,101885,hollywood,0.1,1.0,0.05,1.0,0.3333,0.11,2,14,0.9,0.1
real,0.3,101885,hollywood,0.1,1.0,0.05,1.0,0.3333,0.11,1,10,1.0,0.0
real,0.4,101885,hollywood,0.1,1.0,0.05,1.0,0.3333,0.11,1,10,1.0,0.0
real,0.5,101885,hollywood,0.1,1.0,0.05,1.0,0.5,0.1389,1,10,1.0,0.0
real,0.0,103457,hollywood,0.2,0.5,0.4,1.0,1.0,0.4704,2,10,0.8,0.2
real,0.05,103457,hollywood,0.2,0.5,0.4,1.0,1.0,0.4852,2,10,0.9,0.1
real,0.1,103457,hollywood,0.2,0.5,0.4,1.0,1.0,0.4852,1,9,1.0,0.0
real,0.15,103457,hollywood,0.2,0.5,0.4,1.0,1.0,0.4852,1,9,1.0,0.0
real,0.2,103457,hollywood,0.2,0.5,0.4,1.0,1.0,0.4852,1,9,1.0,0.0
real,0.3,103457,hollywood,0.2,0.5,0.4,1.0,1.0,0.4852,1,9,1.0,0.0
real,0.4,103457,hollywood,0.2,0.5,0.4,1.0,1.0,0.4852,1,9,1.0,0.0
real,0.5,103457,hollywood,0.2,0.5,0.4,1.0,1.0,0.4852,1,9,1.0,0.0
real,0.0,104388,hollywood,0.2,1.0,0.0526,1.0,1.0,0.359,4,8,0.7,0.3
real,0.05,104388,hollywood,0.2,1.0,0.0526,1.0,1.0,0.359,4,8,0.7,0.3
real,0.1,104388,hollywood,0.3,1.0,0.0789,1.0,1.0,0.4226,3,8,0.8,0.2
real,0.15,104388,hollywood,0.3,1.0,0.0789,1.0,1.0,0.4252,2,8,0.9,0.1
real,0.2,104388,hollywood,0.4,1.0,0.1053,1.0,1.0,0.4946,1,8,1.0,0.0
real,0.3,104388,hollywood,0.4,1.0,0.1053,1.0,1.0,0.4658,1,8,1.0,0.0
real,0.4,104388,hollywood,0.4,1.0,0.1053,1.0,1.0,0.4658,1,8,1.0,0.0
real,0.5,104388,hollywood,0.4,1.0,0.1053,1.0,1.0,0.4658,1,8,1.0,0.0
real,0.0,104711,mixed,0.0,1.0,0.0,0.0,0.0,0.0,4,10,0.6,0.4
real,0.05,104711,mixed,0.0,1.0,0.0,0.0,0.0,0.0,4,10,0.7,0.3
real,0.1,104711,mixed,0.0,1.0,0.0,0.0,0.0,0.0,3,10,0.8,0.2
real,0.15,104711,mixed,0.0,1.0,0.0,0.0,0.0,0.0,2,9,0.9,0.1
real,0.2,104711,mixed,0.0,1.0,0.0,0.0,0.0,0.0,2,10,0.9,0.1
real,0.3,104711,mixed,0.0,1.0,0.0,0.0,0.0,0.0,1,9,1.0,0.0
real,0.4,104711,mixed,0.0,1.0,0.0,0.0,0.0,0.0,1,10,1.0,0.0
real,0.5,104711,mixed,0.0,1.0,0.0,0.0,0.0,0.0,1,9,1.0,0.0
real,0.0,105769,korean,0.1,1.0,0.0769,1.0,0.1111,0.0663,5,6,0.6,0.4
real,0.05,105769,korean,0.1,1.0,0.0769,1.0,0.1111,0.0663,4,6,0.7,0.3
real,0.1,105769,korean,0.1,1.0,0.0769,1.0,0.1429,0.0734,3,6,0.8,0.2
real,0.15,105769,korean,0.1,1.0,0.0769,1.0,0.1429,0.0734,2,6,0.9,0.1
real,0.2,105769,korean,0.1,1.0,0.0769,1.0,0.1667,0.0784,1,6,1.0,0.0
real,0.3,105769,korean,0.1,1.0,0.0769,1.0,0.1429,0.0734,1,6,1.0,0.0
real,0.4,105769,korean,0.0,1.0,0.0,0.0,0.0,0.0,2,8,1.0,0.0
real,0.5,105769,korean,0.0,1.0,0.0,0.0,0.0,0.0,2,8,1.0,0.0
real,0.0,106376,hollywood,0.1,0.7,0.1429,1.0,1.0,0.2749,2,9,0.9,0.1
real,0.05,106376,hollywood,0.1,0.7,0.1429,1.0,1.0,0.2749,2,9,0.9,0.1
real,0.1,106376,hollywood,0.1,0.7,0.1429,1.0,1.0,0.2749,1,9,1.0,0.0
real,0.15,106376,hollywood,0.1,0.7,0.1429,1.0,1.0,0.2749,1,9,1.0,0.0
real,0.2,106376,hollywood,0.1,0.7,0.1429,1.0,1.0,0.2749,1,9,1.0,0.0
real,0.3,106376,hollywood,0.1,0.7,0.1429,1.0,1.0,0.2749,1,9,1.0,0.0
real,0.4,106376,hollywood,0.2,0.7,0.2857,1.0,1.0,0.3543,1,9,1.0,0.0
real,0.5,106376,hollywood,0.2,0.7,0.2857,1.0,1.0,0.3543,1,9,1.0,0.0
real,0.0,106438,hollywood,0.3,1.0,0.0652,1.0,0.1429,0.209,2,11,0.9,0.1
real,0.05,106438,hollywood,0.3,1.0,0.0652,1.0,0.1429,0.209,2,11,0.9,0.1
real,0.1,106438,hollywood,0.3,1.0,0.0652,1.0,0.1429,0.209,2,11,0.9,0.1
real,0.15,106438,hollywood,0.3,1.0,0.0652,1.0,0.1667,0.2212,2,11,0.9,0.1
real,0.2,106438,hollywood,0.3,1.0,0.0652,1.0,0.1667,0.2212,2,11,0.9,0.1
real,0.3,106438,hollywood,0.3,1.0,0.0652,1.0,0.1667,0.2212,1,11,1.0,0.0
real,0.4,106438,hollywood,0.3,1.0,0.0652,1.0,0.1667,0.2212,1,11,1.0,0.0
real,0.5,106438,hollywood,0.3,1.0,0.0652,1.0,0.1667,0.218,1,11,1.0,0.0
real,0.0,107392,mixed,0.2,1.0,0.0426,1.0,0.1667,0.1447,4,13,0.5,0.5
real,0.05,107392,mixed,0.2,1.0,0.0426,1.0,0.2,0.1585,3,13,0.7,0.3
real,0.1,107392,mixed,0.2,1.0,0.0426,1.0,0.25,0.1732,3,13,0.8,0.2
real,0.15,107392,mixed,0.2,1.0,0.0426,1.0,0.25,0.1732,2,13,0.9,0.1
real,0.2,107392,mixed,0.2,1.0,0.0426,1.0,0.3333,0.1952,2,13,0.9,0.1
real,0.3,107392,mixed,0.2,1.0,0.0426,1.0,0.3333,0.1952,1,12,1.0,0.0
real,0.4,107392,mixed,0.2,1.0,0.0426,1.0,0.3333,0.1952,1,12,1.0,0.0
real,0.5,107392,mixed,0.2,1.0,0.0426,1.0,0.3333,0.1952,1,12,1.0,0.0
real,0.0,107416,bollywood,0.3,1.0,0.12,1.0,1.0,0.3938,3,13,0.6,0.4
real,0.05,107416,bollywood,0.2,1.0,0.08,1.0,0.5,0.2489,2,13,0.8,0.2
real,0.1,107416,bollywood,0.2,1.0,0.08,1.0,0.5,0.224,1,8,0.9,0.1
real,0.15,107416,bollywood,0.1,1.0,0.04,1.0,0.5,0.1389,1,6,1.0,0.0
real,0.2,107416,bollywood,0.1,1.0,0.04,1.0,0.5,0.1389,1,6,1.0,0.0
real,0.3,107416,bollywood,0.1,1.0,0.04,1.0,0.5,0.1389,2,6,1.0,0.0
real,0.4,107416,bollywood,0.2,1.0,0.08,1.0,0.3333,0.1834,2,8,1.0,0.0
real,0.5,107416,bollywood,0.4,1.0,0.16,1.0,0.5,0.3636,2,7,1.0,0.0
real,0.0,107595,hollywood,0.0,0.3,0.0,0.0,0.0,0.0,6,13,0.5,0.5
real,0.05,107595,hollywood,0.0,0.3,0.0,0.0,0.0,0.0,4,13,0.7,0.3
real,0.1,107595,hollywood,0.1,0.3,0.3333,1.0,0.1,0.1357,3,13,0.8,0.2
real,0.15,107595,hollywood,0.1,0.3,0.3333,1.0,0.1111,0.1413,2,13,0.9,0.1
real,0.2,107595,hollywood,0.1,0.3,0.3333,1.0,0.1111,0.1413,2,13,0.9,0.1
real,0.3,107595,hollywood,0.1,0.3,0.3333,1.0,0.125,0.148,1,13,1.0,0.0
real,0.4,107595,hollywood,0.1,0.3,0.3333,1.0,0.125,0.148,1,13,1.0,0.0
real,0.5,107595,hollywood,0.1,0.3,0.3333,1.0,0.125,0.148,1,13,1.0,0.0
real,0.0,107836,anime,0.1,0.8,0.125,1.0,1.0,0.2529,3,12,0.9,0.1
real,0.05,107836,anime,0.1,0.8,0.125,1.0,1.0,0.2529,3,12,0.9,0.1
real,0.1,107836,anime,0.1,0.8,0.125,1.0,1.0,0.2529,3,12,0.9,0.1
real,0.15,107836,anime,0.1,0.8,0.125,1.0,1.0,0.2529,2,12,1.0,0.0
real,0.2,107836,anime,0.1,0.8,0.125,1.0,1.0,0.2529,2,11,1.0,0.0
real,0.3,107836,anime,0.1,0.8,0.125,1.0,1.0,0.2529,2,11,1.0,0.0
real,0.4,107836,anime,0.1,0.8,0.125,1.0,1.0,0.2529,1,12,1.0,0.0
real,0.5,107836,anime,0.1,0.8,0.125,1.0,1.0,0.2529,1,11,1.0,0.0
real,0.0,108326,hollywood,0.0,0.9,0.0,0.0,0.0,0.0,4,8,0.5,0.5
real,0.05,108326,hollywood,0.0,0.9,0.0,0.0,0.0,0.0,3,8,0.7,0.3
real,0.1,108326,hollywood,0.0,0.9,0.0,0.0,0.0,0.0,2,8,0.8,0.2
real,0.15,108326,hollywood,0.0,0.9,0.0,0.0,0.0,0.0,1,9,0.9,0.1
real,0.2,108326,hollywood,0.0,0.9,0.0,0.0,0.0,0.0,1,8,1.0,0.0
real,0.3,108326,hollywood,0.0,0.9,0.0,0.0,0.0,0.0,1,8,1.0,0.0
real,0.4,108326,hollywood,0.0,0.9,0.0,0.0,0.0,0.0,1,9,1.0,0.0
real,0.5,108326,hollywood,0.0,0.9,0.0,0.0,0.0,0.0,1,10,1.0,0.0
real,0.0,108329,bollywood,0.5,1.0,0.1111,1.0,1.0,0.5455,2,11,0.9,0.1
real,0.05,108329,bollywood,0.6,1.0,0.1333,1.0,1.0,0.6118,1,8,1.0,0.0
real,0.1,108329,bollywood,0.6,1.0,0.1333,1.0,1.0,0.6118,1,8,1.0,0.0
real,0.15,108329,bollywood,0.6,1.0,0.1333,1.0,1.0,0.6078,1,8,1.0,0.0
real,0.2,108329,bollywood,0.6,1.0,0.1333,1.0,1.0,0.6078,1,8,1.0,0.0
real,0.3,108329,bollywood,0.6,1.0,0.1333,1.0,1.0,0.6078,2,9,1.0,0.0
real,0.4,108329,bollywood,0.6,1.0,0.1333,1.0,1.0,0.6185,2,9,1.0,0.0
real,0.5,108329,bollywood,0.6,1.0,0.1333,1.0,1.0,0.657,2,9,1.0,0.0
real,0.0,108527,anime,0.0,0.4,0.0,0.0,0.0,0.0,2,8,1.0,0.0
real,0.05,108527,anime,0.0,0.4,0.0,0.0,0.0,0.0,2,8,1.0,0.0
real,0.1,108527,anime,0.0,0.4,0.0,0.0,0.0,0.0,2,8,1.0,0.0
real,0.15,108527,anime,0.0,0.4,0.0,0.0,0.0,0.0,2,8,1.0,0.0
real,0.2,108527,anime,0.0,0.4,0.0,0.0,0.0,0.0,2,8,1.0,0.0
real,0.3,108527,anime,0.0,0.4,0.0,0.0,0.0,0.0,2,7,1.0,0.0
real,0.4,108527,anime,0.0,0.4,0.0,0.0,0.0,0.0,2,9,1.0,0.0
real,0.5,108527,anime,0.0,0.4,0.0,0.0,0.0,0.0,2,9,1.0,0.0
real,0.0,108702,bollywood,0.3,1.0,0.2727,1.0,0.25,0.2533,1,8,1.0,0.0
real,0.05,108702,bollywood,0.3,1.0,0.2727,1.0,0.25,0.2533,1,8,1.0,0.0
real,0.1,108702,bollywood,0.3,1.0,0.2727,1.0,0.25,0.2533,1,8,1.0,0.0
real,0.15,108702,bollywood,0.3,1.0,0.2727,1.0,0.25,0.2533,1,8,1.0,0.0
real,0.2,108702,bollywood,0.3,1.0,0.2727,1.0,0.25,0.2533,1,8,1.0,0.0
real,0.3,108702,bollywood,0.3,1.0,0.2727,1.0,0.25,0.2533,1,8,1.0,0.0
real,0.4,108702,bollywood,0.3,1.0,0.2727,1.0,0.25,0.2533,1,8,1.0,0.0
real,0.5,108702,bollywood,0.3,1.0,0.2727,1.0,0.25,0.2394,2,10,1.0,0.0
real,0.0,110462,korean,0.2,1.0,0.0408,1.0,1.0,0.2895,8,13,0.2,0.8
real,0.05,110462,korean,0.1,1.0,0.0204,1.0,1.0,0.2201,6,11,0.6,0.4
real,0.1,110462,korean,0.1,1.0,0.0204,1.0,1.0,0.2201,2,11,1.0,0.0
real,0.15,110462,korean,0.1,1.0,0.0204,1.0,1.0,0.2201,2,11,1.0,0.0
real,0.2,110462,korean,0.1,1.0,0.0204,1.0,1.0,0.2201,2,12,1.0,0.0
real,0.3,110462,korean,0.1,1.0,0.0204,1.0,1.0,0.2201,1,11,1.0,0.0
real,0.4,110462,korean,0.1,1.0,0.0204,1.0,1.0,0.2201,1,11,1.0,0.0
real,0.5,110462,korean,0.1,1.0,0.0204,1.0,1.0,0.2201,1,11,1.0,0.0
real,0.0,110468,anime,0.2,1.0,0.1538,1.0,1.0,0.2985,4,9,0.8,0.2
real,0.05,110468,anime,0.2,1.0,0.1538,1.0,1.0,0.2935,3,7,0.9,0.1
real,0.1,110468,anime,0.2,1.0,0.1538,1.0,1.0,0.2935,3,7,0.9,0.1
real,0.15,110468,anime,0.2,1.0,0.1538,1.0,1.0,0.2895,3,8,0.9,0.1
real,0.2,110468,anime,0.2,1.0,0.1538,1.0,1.0,0.2863,2,9,1.0,0.0
real,0.3,110468,anime,0.1,1.0,0.0769,1.0,1.0,0.2201,3,9,1.0,0.0
real,0.4,110468,anime,0.1,1.0,0.0769,1.0,1.0,0.2201,3,10,1.0,0.0
real,0.5,110468,anime,0.1,1.0,0.0769,1.0,1.0,0.2201,2,10,1.0,0.0
real,0.0,111277,hollywood,0.0,0.7,0.0,0.0,0.0,0.0,3,8,0.7,0.3
real,0.05,111277,hollywood,0.0,0.7,0.0,0.0,0.0,0.0,3,8,0.8,0.2
real,0.1,111277,hollywood,0.0,0.7,0.0,0.0,0.0,0.0,1,11,1.0,0.0
real,0.15,111277,hollywood,0.0,0.7,0.0,0.0,0.0,0.0,1,9,1.0,0.0
real,0.2,111277,hollywood,0.0,0.7,0.0,0.0,0.0,0.0,1,8,1.0,0.0
real,0.3,111277,hollywood,0.0,0.7,0.0,0.0,0.0,0.0,1,8,1.0,0.0
real,0.4,111277,hollywood,0.0,0.7,0.0,0.0,0.0,0.0,1,8,1.0,0.0
real,0.5,111277,hollywood,0.0,0.7,0.0,0.0,0.0,0.0,1,8,1.0,0.0
real,0.0,112015,mixed,0.0,1.0,0.0,0.0,0.0,0.0,6,11,0.2,0.8
real,0.05,112015,mixed,0.1,1.0,0.0159,1.0,0.1111,0.0663,6,10,0.3,0.7
real,0.1,112015,mixed,0.1,1.0,0.0159,1.0,0.25,0.0948,5,9,0.5,0.5
real,0.15,112015,mixed,0.2,1.0,0.0317,1.0,0.3333,0.1834,2,11,0.9,0.1
real,0.2,112015,mixed,0.2,1.0,0.0317,1.0,0.3333,0.1884,2,11,0.9,0.1
real,0.3,112015,mixed,0.3,1.0,0.0476,1.0,0.3333,0.2521,1,11,1.0,0.0
real,0.4,112015,mixed,0.2,1.0,0.0317,1.0,0.3333,0.1834,1,11,1.0,0.0
real,0.5,112015,mixed,0.2,1.0,0.0317,1.0,0.3333,0.1834,1,11,1.0,0.0
real,0.0,112657,bollywood,0.1,0.9,0.1111,1.0,0.1667,0.0837,3,7,0.9,0.1
real,0.05,112657,bollywood,0.1,0.9,0.1111,1.0,0.1667,0.0837,3,7,0.9,0.1
real,0.1,112657,bollywood,0.1,0.9,0.1111,1.0,0.1429,0.0783,3,7,0.9,0.1
real,0.15,112657,bollywood,0.1,0.9,0.1111,1.0,0.1667,0.0837,3,7,0.9,0.1
real,0.2,112657,bollywood,0.1,0.9,0.1111,1.0,0.1667,0.0837,3,7,0.9,0.1
real,0.3,112657,bollywood,0.1,0.9,0.1111,1.0,0.1667,0.0837,2,7,1.0,0.0
real,0.4,112657,bollywood,0.1,0.9,0.1111,1.0,0.1429,0.0783,2,7,1.0,0.0
real,0.5,112657,bollywood,0.1,0.9,0.1111,1.0,0.1111,0.0708,2,8,1.0,0.0
real,0.0,113532,anime,0.1,1.0,0.0714,1.0,0.2,0.0851,4,7,0.7,0.3
real,0.05,113532,anime,0.1,1.0,0.0714,1.0,0.2,0.0851,3,11,0.9,0.1
real,0.1,113532,anime,0.1,1.0,0.0714,1.0,0.2,0.0851,3,11,0.9,0.1
real,0.15,113532,anime,0.1,1.0,0.0714,1.0,0.25,0.0948,2,10,0.9,0.1
real,0.2,113532,anime,0.1,1.0,0.0714,1.0,0.3333,0.11,2,10,0.9,0.1
real,0.3,113532,anime,0.1,1.0,0.0714,1.0,0.3333,0.11,1,10,1.0,0.0
real,0.4,113532,anime,0.1,1.0,0.0714,1.0,0.25,0.0948,1,10,1.0,0.0
real,0.5,113532,anime,0.1,1.0,0.0714,1.0,0.2,0.0851,1,10,1.0,0.0
real,0.0,114631,hollywood,0.0,1.0,0.0,0.0,0.0,0.0,5,6,0.6,0.4
real,0.05,114631,hollywood,0.0,1.0,0.0,0.0,0.0,0.0,3,6,0.8,0.2
real,0.1,114631,hollywood,0.0,1.0,0.0,0.0,0.0,0.0,2,6,0.9,0.1
real,0.15,114631,hollywood,0.0,1.0,0.0,0.0,0.0,0.0,1,6,1.0,0.0
real,0.2,114631,hollywood,0.0,1.0,0.0,0.0,0.0,0.0,1,6,1.0,0.0
real,0.3,114631,hollywood,0.0,1.0,0.0,0.0,0.0,0.0,1,6,1.0,0.0
real,0.4,114631,hollywood,0.0,1.0,0.0,0.0,0.0,0.0,1,6,1.0,0.0
real,0.5,114631,hollywood,0.0,1.0,0.0,0.0,0.0,0.0,1,6,1.0,0.0
real,0.0,115030,bollywood,0.3,1.0,0.0375,1.0,0.25,0.2462,7,10,0.4,0.6
real,0.05,115030,bollywood,0.3,1.0,0.0375,1.0,0.3333,0.2646,7,10,0.5,0.5
real,0.1,115030,bollywood,0.4,1.0,0.05,1.0,0.5,0.382,5,9,0.7,0.3
real,0.15,115030,bollywood,0.3,1.0,0.0375,1.0,0.5,0.3341,4,9,0.8,0.2
real,0.2,115030,bollywood,0.4,1.0,0.05,1.0,1.0,0.4912,2,8,1.0,0.0
real,0.3,115030,bollywood,0.5,1.0,0.0625,1.0,1.0,0.5965,2,8,1.0,0.0
real,0.4,115030,bollywood,0.7,1.0,0.0875,1.0,1.0,0.7472,2,8,1.0,0.0
real,0.5,115030,bollywood,0.8,1.0,0.1,1.0,1.0,0.858,2,8,1.0,0.0
real,0.0,115868,hollywood,0.2,1.0,0.1333,1.0,0.2,0.1546,5,9,0.4,0.6
real,0.05,115868,hollywood,0.3,1.0,0.2,1.0,0.3333,0.2399,5,7,0.6,0.4
real,0.1,115868,hollywood,0.3,1.0,0.2,1.0,0.3333,0.2457,3,8,0.8,0.2
real,0.15,115868,hollywood,0.3,1.0,0.2,1.0,0.3333,0.2528,2,8,0.9,0.1
real,0.2,115868,hollywood,0.3,1.0,0.2,1.0,0.3333,0.2618,1,8,1.0,0.0
real,0.3,115868,hollywood,0.3,1.0,0.2,1.0,0.3333,0.2618,1,8,1.0,0.0
real,0.4,115868,hollywood,0.3,1.0,0.2,1.0,0.3333,0.2579,1,8,1.0,0.0
real,0.5,115868,hollywood,0.3,1.0,0.2,1.0,0.5,0.2867,1,8,1.0,0.0
real,0.0,117134,korean,0.1,0.8,0.125,1.0,0.1667,0.0901,6,8,0.2,0.8
real,0.05,117134,korean,0.1,0.8,0.125,1.0,0.2,0.0979,4,7,0.6,0.4
real,0.1,117134,korean,0.1,0.8,0.125,1.0,0.1,0.0731,5,5,0.7,0.3
real,0.15,117134,korean,0.0,0.8,0.0,0.0,0.0,0.0,3,5,0.9,0.1
real,0.2,117134,korean,0.0,0.8,0.0,0.0,0.0,0.0,2,9,1.0,0.0
real,0.3,117134,korean,0.0,0.8,0.0,0.0,0.0,0.0,2,9,1.0,0.0
real,0.4,117134,korean,0.0,0.8,0.0,0.0,0.0,0.0,2,12,1.0,0.0
real,0.5,117134,korean,0.0,0.8,0.0,0.0,0.0,0.0,1,11,1.0,0.0
real,0.0,117605,bollywood,0.4,1.0,0.0952,1.0,0.5,0.3382,2,11,0.9,0.1
real,0.05,117605,bollywood,0.4,1.0,0.0952,1.0,0.5,0.3382,2,11,0.9,0.1
real,0.1,117605,bollywood,0.4,1.0,0.0952,1.0,0.5,0.3453,1,11,1.0,0.0
real,0.15,117605,bollywood,0.3,1.0,0.0714,1.0,0.5,0.2785,2,11,1.0,0.0
real,0.2,117605,bollywood,0.3,1.0,0.0714,1.0,0.5,0.2719,2,11,1.0,0.0
real,0.3,117605,bollywood,0.3,1.0,0.0714,1.0,0.3333,0.2431,2,11,1.0,0.0
real,0.4,117605,bollywood,0.2,1.0,0.0476,1.0,0.2,0.1488,2,11,1.0,0.0
real,0.5,117605,bollywood,0.1,1.0,0.0238,1.0,0.125,0.0694,2,11,1.0,0.0
real,0.0,118224,anime,0.0,0.6,0.0,0.0,0.0,0.0,3,12,0.6,0.4
real,0.05,118224,anime,0.0,0.6,0.0,0.0,0.0,0.0,3,12,0.7,0.3
real,0.1,118224,anime,0.0,0.6,0.0,0.0,0.0,0.0,3,11,0.8,0.2
real,0.15,118224,anime,0.0,0.6,0.0,0.0,0.0,0.0,3,11,0.8,0.2
real,0.2,118224,anime,0.0,0.6,0.0,0.0,0.0,0.0,3,12,0.9,0.1
real,0.3,118224,anime,0.0,0.6,0.0,0.0,0.0,0.0,2,9,1.0,0.0
real,0.4,118224,anime,0.0,0.6,0.0,0.0,0.0,0.0,2,10,1.0,0.0
real,0.5,118224,anime,0.0,0.6,0.0,0.0,0.0,0.0,2,12,1.0,0.0
real,0.0,118619,hollywood,0.0,1.0,0.0,0.0,0.0,0.0,4,9,0.7,0.3
real,0.05,118619,hollywood,0.0,1.0,0.0,0.0,0.0,0.0,4,9,0.7,0.3
real,0.1,118619,hollywood,0.0,1.0,0.0,0.0,0.0,0.0,4,9,0.7,0.3
real,0.15,118619,hollywood,0.0,1.0,0.0,0.0,0.0,0.0,3,10,0.8,0.2
real,0.2,118619,hollywood,0.0,1.0,0.0,0.0,0.0,0.0,1,10,1.0,0.0
real,0.3,118619,hollywood,0.0,1.0,0.0,0.0,0.0,0.0,1,10,1.0,0.0
real,0.4,118619,hollywood,0.0,1.0,0.0,0.0,0.0,0.0,1,10,1.0,0.0
real,0.5,118619,hollywood,0.0,1.0,0.0,0.0,0.0,0.0,1,10,1.0,0.0
real,0.0,119266,hollywood,0.5,1.0,0.0595,1.0,0.5,0.5072,2,7,0.9,0.1
real,0.05,119266,hollywood,0.5,1.0,0.0595,1.0,0.5,0.5072,1,7,1.0,0.0
real,0.1,119266,hollywood,0.5,1.0,0.0595,1.0,0.5,0.5072,1,7,1.0,0.0
real,0.15,119266,hollywood,0.5,1.0,0.0595,1.0,0.5,0.5072,1,7,1.0,0.0
real,0.2,119266,hollywood,0.5,1.0,0.0595,1.0,0.5,0.5072,1,7,1.0,0.0
real,0.3,119266,hollywood,0.5,1.0,0.0595,1.0,0.5,0.5072,1,7,1.0,0.0
real,0.4,119266,hollywood,0.5,1.0,0.0595,1.0,0.5,0.5022,1,7,1.0,0.0
real,0.5,119266,hollywood,0.5,1.0,0.0595,1.0,0.5,0.4951,1,7,1.0,0.0
real,0.0,119543,hollywood,0.2,0.5,0.4,1.0,1.0,0.4413,1,8,1.0,0.0
real,0.05,119543,hollywood,0.2,0.5,0.4,1.0,1.0,0.4413,1,8,1.0,0.0
real,0.1,119543,hollywood,0.2,0.5,0.4,1.0,1.0,0.4413,1,8,1.0,0.0
real,0.15,119543,hollywood,0.2,0.5,0.4,1.0,1.0,0.4413,1,8,1.0,0.0
real,0.2,119543,hollywood,0.2,0.5,0.4,1.0,1.0,0.4413,1,7,1.0,0.0
real,0.3,119543,hollywood,0.2,0.5,0.4,1.0,1.0,0.4413,1,7,1.0,0.0
real,0.4,119543,hollywood,0.1,0.5,0.2,1.0,1.0,0.3392,1,7,1.0,0.0
real,0.5,119543,hollywood,0.1,0.5,0.2,1.0,1.0,0.3392,1,7,1.0,0.0
real,0.0,119702,hollywood,0.1,1.0,0.0476,1.0,0.1667,0.0784,2,10,0.8,0.2
real,0.05,119702,hollywood,0.1,1.0,0.0476,1.0,0.1667,0.0784,2,11,0.9,0.1
real,0.1,119702,hollywood,0.1,1.0,0.0476,1.0,0.2,0.0851,2,11,0.9,0.1
real,0.15,119702,hollywood,0.1,1.0,0.0476,1.0,0.2,0.0851,1,10,1.0,0.0
real,0.2,119702,hollywood,0.1,1.0,0.0476,1.0,0.2,0.0851,1,10,1.0,0.0
real,0.3,119702,hollywood,0.1,1.0,0.0476,1.0,0.2,0.0851,1,10,1.0,0.0
real,0.4,119702,hollywood,0.1,1.0,0.0476,1.0,0.2,0.0851,1,10,1.0,0.0
real,0.5,119702,hollywood,0.1,1.0,0.0476,1.0,0.3333,0.11,1,10,1.0,0.0
real,0.0,119840,bollywood,0.0,0.8,0.0,0.0,0.0,0.0,5,6,0.6,0.4
real,0.05,119840,bollywood,0.0,0.8,0.0,0.0,0.0,0.0,4,7,0.7,0.3
real,0.1,119840,bollywood,0.0,0.8,0.0,0.0,0.0,0.0,2,7,0.9,0.1
real,0.15,119840,bollywood,0.0,0.8,0.0,0.0,0.0,0.0,1,7,1.0,0.0
real,0.2,119840,bollywood,0.0,0.8,0.0,0.0,0.0,0.0,2,7,1.0,0.0
real,0.3,119840,bollywood,0.0,0.8,0.0,0.0,0.0,0.0,2,7,1.0,0.0
real,0.4,119840,bollywood,0.0,0.8,0.0,0.0,0.0,0.0,2,6,1.0,0.0
real,0.5,119840,bollywood,0.0,0.8,0.0,0.0,0.0,0.0,2,6,1.0,0.0
real,0.0,120115,hollywood,0.2,1.0,0.0769,1.0,0.2,0.1635,3,10,0.7,0.3
real,0.05,120115,hollywood,0.2,1.0,0.0769,1.0,0.25,0.1799,3,10,0.7,0.3
real,0.1,120115,hollywood,0.2,1.0,0.0769,1.0,0.3333,0.2048,2,7,0.9,0.1
real,0.15,120115,hollywood,0.2,1.0,0.0769,1.0,0.5,0.2337,2,7,0.9,0.1
real,0.2,120115,hollywood,0.2,1.0,0.0769,1.0,0.5,0.224,1,7,1.0,0.0
real,0.3,120115,hollywood,0.2,1.0,0.0769,1.0,0.5,0.224,1,7,1.0,0.0
real,0.4,120115,hollywood,0.3,1.0,0.1154,1.0,0.5,0.2876,1,7,1.0,0.0
real,0.5,120115,hollywood,0.2,1.0,0.0769,1.0,0.5,0.2173,1,7,1.0,0.0
real,0.0,120954,hollywood,0.5,1.0,0.1786,1.0,1.0,0.63,2,10,0.9,0.1
real,0.05,120954,hollywood,0.5,1.0,0.1786,1.0,1.0,0.63,2,10,0.9,0.1
real,0.1,120954,hollywood,0.5,1.0,0.1786,1.0,1.0,0.63,2,10,0.9,0.1
real,0.15,120954,hollywood,0.5,1.0,0.1786,1.0,1.0,0.63,2,10,0.9,0.1
real,0.2,120954,hollywood,0.5,1.0,0.1786,1.0,1.0,0.6332,1,10,1.0,0.0
real,0.3,120954,hollywood,0.5,1.0,0.1786,1.0,1.0,0.6332,1,10,1.0,0.0
real,0.4,120954,hollywood,0.5,1.0,0.1786,1.0,1.0,0.6332,1,10,1.0,0.0
real,0.5,120954,hollywood,0.5,1.0,0.1786,1.0,1.0,0.63,1,10,1.0,0.0
real,0.0,120970,mixed,0.1,0.8,0.125,1.0,1.0,0.2529,6,7,0.4,0.6
real,0.05,120970,mixed,0.1,0.8,0.125,1.0,1.0,0.2529,6,7,0.5,0.5
real,0.1,120970,mixed,0.1,0.8,0.125,1.0,1.0,0.2529,4,7,0.7,0.3
real,0.15,120970,mixed,0.1,0.8,0.125,1.0,1.0,0.2529,2,8,0.9,0.1
real,0.2,120970,mixed,0.1,0.8,0.125,1.0,1.0,0.2529,1,8,1.0,0.0
real,0.3,120970,mixed,0.1,0.8,0.125,1.0,1.0,0.2529,1,8,1.0,0.0
real,0.4,120970,mixed,0.1,0.8,0.125,1.0,1.0,0.2529,1,5,1.0,0.0
real,0.5,120970,mixed,0.1,0.8,0.125,1.0,1.0,0.2529,1,5,1.0,0.0
real,0.0,121004,anime,0.2,0.5,0.4,1.0,1.0,0.4704,2,8,1.0,0.0
real,0.05,121004,anime,0.2,0.5,0.4,1.0,1.0,0.4704,2,8,1.0,0.0
real,0.1,121004,anime,0.2,0.5,0.4,1.0,1.0,0.4704,2,9,1.0,0.0
real,0.15,121004,anime,0.2,0.5,0.4,1.0,1.0,0.4704,2,9,1.0,0.0
real,0.2,121004,anime,0.2,0.5,0.4,1.0,1.0,0.4704,2,9,1.0,0.0
real,0.3,121004,anime,0.2,0.5,0.4,1.0,1.0,0.4704,2,10,1.0,0.0
real,0.4,121004,anime,0.2,0.5,0.4,1.0,1.0,0.4522,2,10,1.0,0.0
real,0.5,121004,anime,0.2,0.5,0.4,1.0,0.3333,0.2717,2,10,1.0,0.0
real,0.0,121553,hollywood,0.0,1.0,0.0,0.0,0.0,0.0,5,8,0.5,0.5
real,0.05,121553,hollywood,0.0,1.0,0.0,0.0,0.0,0.0,4,7,0.6,0.4
real,0.1,121553,hollywood,0.1,1.0,0.0526,1.0,0.1,0.0636,2,6,0.8,0.2
real,0.15,121553,hollywood,0.1,1.0,0.0526,1.0,0.1,0.0636,2,6,0.8,0.2
real,0.2,121553,hollywood,0.1,1.0,0.0526,1.0,0.125,0.0694,1,7,1.0,0.0
real,0.3,121553,hollywood,0.1,1.0,0.0526,1.0,0.125,0.0694,1,6,1.0,0.0
real,0.4,121553,hollywood,0.1,1.0,0.0526,1.0,0.125,0.0694,1,6,1.0,0.0
real,0.5,121553,hollywood,0.1,1.0,0.0526,1.0,0.125,0.0694,1,6,1.0,0.0
real,0.0,122648,bollywood,0.2,0.7,0.2857,1.0,0.5,0.2713,7,7,0.2,0.8
real,0.05,122648,bollywood,0.2,0.7,0.2857,1.0,0.5,0.2918,7,7,0.2,0.8
real,0.1,122648,bollywood,0.2,0.7,0.2857,1.0,0.5,0.2918,7,9,0.4,0.6
real,0.15,122648,bollywood,0.2,0.7,0.2857,1.0,0.5,0.3109,5,9,0.6,0.4
real,0.2,122648,bollywood,0.2,0.7,0.2857,1.0,0.5,0.2918,5,9,0.7,0.3
real,0.3,122648,bollywood,0.2,0.7,0.2857,1.0,0.5,0.2529,4,8,0.8,0.2
real,0.4,122648,bollywood,0.1,0.7,0.1429,1.0,0.5,0.1734,2,8,1.0,0.0
real,0.5,122648,bollywood,0.1,0.7,0.1429,1.0,0.25,0.1184,2,11,1.0,0.0
real,0.0,123689,korean,0.1,1.0,0.0323,1.0,0.1429,0.0734,4,6,0.7,0.3
real,0.05,123689,korean,0.1,1.0,0.0323,1.0,0.1429,0.0734,3,6,0.8,0.2
real,0.1,123689,korean,0.1,1.0,0.0323,1.0,0.1,0.0636,3,6,0.8,0.2
real,0.15,123689,korean,0.0,1.0,0.0,0.0,0.0,0.0,3,6,0.9,0.1
real,0.2,123689,korean,0.0,1.0,0.0,0.0,0.0,0.0,3,6,0.9,0.1
real,0.3,123689,korean,0.0,1.0,0.0,0.0,0.0,0.0,2,7,1.0,0.0
real,0.4,123689,korean,0.0,1.0,0.0,0.0,0.0,0.0,2,7,1.0,0.0
real,0.5,123689,korean,0.0,1.0,0.0,0.0,0.0,0.0,1,9,1.0,0.0
real,0.0,124056,anime,0.1,0.4,0.25,1.0,0.3333,0.1952,5,11,0.7,0.3
real,0.05,124056,anime,0.1,0.4,0.25,1.0,0.3333,0.1952,5,11,0.7,0.3
real,0.1,124056,anime,0.1,0.4,0.25,1.0,0.3333,0.1952,3,9,0.9,0.1
real,0.15,124056,anime,0.1,0.4,0.25,1.0,0.3333,0.1952,3,8,0.9,0.1
real,0.2,124056,anime,0.1,0.4,0.25,1.0,0.3333,0.1952,2,8,1.0,0.0
real,0.3,124056,anime,0.1,0.4,0.25,1.0,0.3333,0.1952,2,9,1.0,0.0
real,0.4,124056,anime,0.1,0.4,0.25,1.0,0.3333,0.1952,2,9,1.0,0.0
real,0.5,124056,anime,0.1,0.4,0.25,1.0,0.3333,0.1952,2,9,1.0,0.0
real,0.0,124844,korean,0.0,1.0,0.0,0.0,0.0,0.0,4,9,0.7,0.3
real,0.05,124844,korean,0.0,1.0,0.0,0.0,0.0,0.0,4,9,0.7,0.3
real,0.1,124844,korean,0.0,1.0,0.0,0.0,0.0,0.0,3,9,0.8,0.2
real,0.15,124844,korean,0.0,1.0,0.0,0.0,0.0,0.0,2,8,0.9,0.1
real,0.2,124844,korean,0.0,1.0,0.0,0.0,0.0,0.0,1,8,1.0,0.0
real,0.3,124844,korean,0.0,1.0,0.0,0.0,0.0,0.0,2,10,1.0,0.0
real,0.4,124844,korean,0.0,1.0,0.0,0.0,0.0,0.0,2,11,1.0,0.0
real,0.5,124844,korean,0.0,1.0,0.0,0.0,0.0,0.0,2,11,1.0,0.0
real,0.0,126486,bollywood,0.1,0.6,0.1667,1.0,0.5,0.1909,5,7,0.4,0.6
real,0.05,126486,bollywood,0.1,0.6,0.1667,1.0,0.5,0.1909,5,5,0.6,0.4
real,0.1,126486,bollywood,0.2,0.6,0.3333,1.0,0.5,0.282,4,5,0.7,0.3
real,0.15,126486,bollywood,0.2,0.6,0.3333,1.0,0.5,0.2864,3,7,0.9,0.1
real,0.2,126486,bollywood,0.2,0.6,0.3333,1.0,0.5,0.2864,3,7,0.9,0.1
real,0.3,126486,bollywood,0.2,0.6,0.3333,1.0,0.5,0.2987,2,8,1.0,0.0
real,0.4,126486,bollywood,0.2,0.6,0.3333,1.0,0.5,0.2987,2,7,1.0,0.0
real,0.5,126486,bollywood,0.2,0.6,0.3333,1.0,0.3333,0.2591,2,6,1.0,0.0
real,0.0,126499,anime,0.2,1.0,0.1818,1.0,0.5,0.2051,3,13,0.9,0.1
real,0.05,126499,anime,0.1,1.0,0.0909,1.0,1.0,0.2201,3,13,0.9,0.1
real,0.1,126499,anime,0.1,1.0,0.0909,1.0,1.0,0.2201,3,13,0.9,0.1
real,0.15,126499,anime,0.1,1.0,0.0909,1.0,1.0,0.2201,3,13,0.9,0.1
real,0.2,126499,anime,0.1,1.0,0.0909,1.0,1.0,0.2201,2,12,1.0,0.0
real,0.3,126499,anime,0.1,1.0,0.0909,1.0,1.0,0.2201,2,12,1.0,0.0
real,0.4,126499,anime,0.1,1.0,0.0909,1.0,1.0,0.2201,2,12,1.0,0.0
real,0.5,126499,anime,0.2,1.0,0.1818,1.0,1.0,0.2863,2,12,1.0,0.0
real,0.0,127071,hollywood,0.0,1.0,0.0,0.0,0.0,0.0,5,14,0.4,0.6
real,0.05,127071,hollywood,0.0,1.0,0.0,0.0,0.0,0.0,5,13,0.5,0.5
real,0.1,127071,hollywood,0.1,1.0,0.0455,1.0,0.125,0.0694,3,15,0.8,0.2
real,0.15,127071,hollywood,0.2,1.0,0.0909,1.0,0.125,0.1331,2,13,0.9,0.1
real,0.2,127071,hollywood,0.2,1.0,0.0909,1.0,0.1667,0.1447,1,11,1.0,0.0
real,0.3,127071,hollywood,0.2,1.0,0.0909,1.0,0.2,0.1514,1,11,1.0,0.0
real,0.4,127071,hollywood,0.2,1.0,0.0909,1.0,0.1667,0.1447,1,11,1.0,0.0
real,0.5,127071,hollywood,0.2,1.0,0.0909,1.0,0.1429,0.1396,1,11,1.0,0.0
real,0.0,127157,hollywood,0.2,1.0,0.0645,1.0,0.2,0.1488,3,9,0.7,0.3
real,0.05,127157,hollywood,0.2,1.0,0.0645,1.0,0.2,0.1585,3,9,0.8,0.2
real,0.1,127157,hollywood,0.4,1.0,0.129,1.0,0.2,0.2916,1,9,1.0,0.0
real,0.15,127157,hollywood,0.4,1.0,0.129,1.0,0.2,0.2916,1,9,1.0,0.0
real,0.2,127157,hollywood,0.4,1.0,0.129,1.0,0.2,0.2942,1,9,1.0,0.0
real,0.3,127157,hollywood,0.4,1.0,0.129,1.0,0.2,0.2942,1,9,1.0,0.0
real,0.4,127157,hollywood,0.4,1.0,0.129,1.0,0.25,0.3038,1,9,1.0,0.0
real,0.5,127157,hollywood,0.4,1.0,0.129,1.0,0.3333,0.3191,1,9,1.0,0.0
real,0.0,127334,anime,0.0,0.6,0.0,0.0,0.0,0.0,1,9,1.0,0.0
real,0.05,127334,anime,0.0,0.6,0.0,0.0,0.0,0.0,1,9,1.0,0.0
real,0.1,127334,anime,0.0,0.6,0.0,0.0,0.0,0.0,2,8,1.0,0.0
real,0.15,127334,anime,0.0,0.6,0.0,0.0,0.0,0.0,2,8,1.0,0.0
real,0.2,127334,anime,0.0,0.6,0.0,0.0,0.0,0.0,2,8,1.0,0.0
real,0.3,127334,anime,0.0,0.6,0.0,0.0,0.0,0.0,2,8,1.0,0.0
real,0.4,127334,anime,0.0,0.6,0.0,0.0,0.0,0.0,2,9,1.0,0.0
real,0.5,127334,anime,0.1,0.6,0.1667,1.0,0.1667,0.1078,2,9,1.0,0.0
real,0.0,127880,bollywood,0.2,1.0,0.2,1.0,0.1429,0.1396,4,6,0.7,0.3
real,0.05,127880,bollywood,0.2,1.0,0.2,1.0,0.2,0.1514,3,6,0.8,0.2
real,0.1,127880,bollywood,0.2,1.0,0.2,1.0,0.2,0.1585,2,7,0.9,0.1
real,0.15,127880,bollywood,0.2,1.0,0.2,1.0,0.2,0.1585,2,7,1.0,0.0
real,0.2,127880,bollywood,0.2,1.0,0.2,1.0,0.2,0.1546,2,7,1.0,0.0
real,0.3,127880,bollywood,0.3,1.0,0.3,1.0,0.1667,0.2154,2,6,1.0,0.0
real,0.4,127880,bollywood,0.3,1.0,0.3,1.0,0.2,0.2279,2,6,1.0,0.0
real,0.5,127880,bollywood,0.4,1.0,0.4,1.0,0.5,0.3569,2,7,1.0,0.0
real,0.0,128076,mixed,0.3,0.8,0.375,1.0,1.0,0.4884,2,11,1.0,0.0
real,0.05,128076,mixed,0.3,0.8,0.375,1.0,1.0,0.4884,2,10,1.0,0.0
real,0.1,128076,mixed,0.3,0.8,0.375,1.0,1.0,0.4884,2,10,1.0,0.0
real,0.15,128076,mixed,0.3,0.8,0.375,1.0,1.0,0.4884,2,10,1.0,0.0
real,0.2,128076,mixed,0.3,0.8,0.375,1.0,1.0,0.4884,2,10,1.0,0.0
real,0.3,128076,mixed,0.3,0.8,0.375,1.0,1.0,0.4773,2,9,1.0,0.0
real,0.4,128076,mixed,0.2,0.8,0.25,1.0,0.5,0.2861,2,9,1.0,0.0
real,0.5,128076,mixed,0.2,0.8,0.25,1.0,0.5,0.2685,2,9,1.0,0.0
real,0.0,128779,bollywood,0.0,1.0,0.0,0.0,0.0,0.0,3,10,0.8,0.2
real,0.05,128779,bollywood,0.0,1.0,0.0,0.0,0.0,0.0,3,10,0.8,0.2
real,0.1,128779,bollywood,0.0,1.0,0.0,0.0,0.0,0.0,3,10,0.8,0.2
real,0.15,128779,bollywood,0.1,1.0,0.0909,1.0,0.1,0.0636,2,10,0.9,0.1
real,0.2,128779,bollywood,0.1,1.0,0.0909,1.0,0.125,0.0694,3,10,0.9,0.1
real,0.3,128779,bollywood,0.2,1.0,0.1818,1.0,0.5,0.2051,2,8,1.0,0.0
real,0.4,128779,bollywood,0.2,1.0,0.1818,1.0,0.5,0.2337,2,8,1.0,0.0
real,0.5,128779,bollywood,0.4,1.0,0.3636,1.0,0.5,0.3909,2,8,1.0,0.0
real,0.0,128890,hollywood,0.0,0.4,0.0,0.0,0.0,0.0,2,12,0.8,0.2
real,0.05,128890,hollywood,0.0,0.4,0.0,0.0,0.0,0.0,2,12,0.8,0.2
real,0.1,128890,hollywood,0.0,0.4,0.0,0.0,0.0,0.0,2,10,0.9,0.1
real,0.15,128890,hollywood,0.0,0.4,0.0,0.0,0.0,0.0,1,11,1.0,0.0
real,0.2,128890,hollywood,0.0,0.4,0.0,0.0,0.0,0.0,1,11,1.0,0.0
real,0.3,128890,hollywood,0.0,0.4,0.0,0.0,0.0,0.0,1,11,1.0,0.0
real,0.4,128890,hollywood,0.0,0.4,0.0,0.0,0.0,0.0,1,11,1.0,0.0
real,0.5,128890,hollywood,0.0,0.4,0.0,0.0,0.0,0.0,1,11,1.0,0.0
real,0.0,128920,bollywood,0.1,1.0,0.0833,1.0,1.0,0.2201,3,8,0.8,0.2
real,0.05,128920,bollywood,0.1,1.0,0.0833,1.0,1.0,0.2201,2,8,0.9,0.1
real,0.1,128920,bollywood,0.1,1.0,0.0833,1.0,1.0,0.2201,2,8,1.0,0.0
real,0.15,128920,bollywood,0.1,1.0,0.0833,1.0,1.0,0.2201,2,8,1.0,0.0
real,0.2,128920,bollywood,0.1,1.0,0.0833,1.0,1.0,0.2201,2,8,1.0,0.0
real,0.3,128920,bollywood,0.1,1.0,0.0833,1.0,1.0,0.2201,2,8,1.0,0.0
real,0.4,128920,bollywood,0.1,1.0,0.0833,1.0,1.0,0.2201,2,8,1.0,0.0
real,0.5,128920,bollywood,0.1,1.0,0.0833,1.0,1.0,0.2201,2,11,1.0,0.0
real,0.0,129964,korean,0.0,0.7,0.0,0.0,0.0,0.0,5,6,0.6,0.4
real,0.05,129964,korean,0.0,0.7,0.0,0.0,0.0,0.0,5,6,0.7,0.3
real,0.1,129964,korean,0.0,0.7,0.0,0.0,0.0,0.0,4,6,0.8,0.2
real,0.15,129964,korean,0.0,0.7,0.0,0.0,0.0,0.0,3,6,0.9,0.1
real,0.2,129964,korean,0.0,0.7,0.0,0.0,0.0,0.0,2,6,1.0,0.0
real,0.3,129964,korean,0.0,0.7,0.0,0.0,0.0,0.0,2,6,1.0,0.0
real,0.4,129964,korean,0.0,0.7,0.0,0.0,0.0,0.0,2,6,1.0,0.0
real,0.5,129964,korean,0.0,0.7,0.0,0.0,0.0,0.0,2,7,1.0,0.0
real,0.0,130288,anime,0.0,0.7,0.0,0.0,0.0,0.0,7,10,0.0,1.0
real,0.05,130288,anime,0.1,0.7,0.1429,1.0,0.125,0.0867,7,11,0.2,0.8
real,0.1,130288,anime,0.1,0.7,0.1429,1.0,0.3333,0.1374,6,11,0.3,0.7
real,0.15,130288,anime,0.1,0.7,0.1429,1.0,1.0,0.2749,5,12,0.4,0.6
real,0.2,130288,anime,0.1,0.7,0.1429,1.0,1.0,0.2749,4,14,0.7,0.3
real,0.3,130288,anime,0.1,0.7,0.1429,1.0,0.5,0.1734,1,14,1.0,0.0
real,0.4,130288,anime,0.1,0.7,0.1429,1.0,0.5,0.1734,1,14,1.0,0.0
real,0.5,130288,anime,0.1,0.7,0.1429,1.0,0.5,0.1734,1,14,1.0,0.0
real,0.0,130678,hollywood,0.4,1.0,0.0412,1.0,0.3333,0.3398,3,15,0.6,0.4
real,0.05,130678,hollywood,0.5,1.0,0.0515,1.0,0.5,0.471,3,15,0.7,0.3
real,0.1,130678,hollywood,0.6,1.0,0.0619,1.0,0.5,0.5431,2,16,0.9,0.1
real,0.15,130678,hollywood,0.6,1.0,0.0619,1.0,0.5,0.5364,2,16,0.9,0.1
real,0.2,130678,hollywood,0.6,1.0,0.0619,1.0,0.5,0.5364,2,16,0.9,0.1
real,0.3,130678,hollywood,0.6,1.0,0.0619,1.0,1.0,0.6582,2,16,0.9,0.1
real,0.4,130678,hollywood,0.7,1.0,0.0722,1.0,0.5,0.6189,1,12,1.0,0.0
real,0.5,130678,hollywood,0.6,1.0,0.0619,1.0,0.5,0.5552,1,12,1.0,0.0
real,0.0,132225,bollywood,0.1,1.0,0.0455,1.0,1.0,0.2201,3,9,0.8,0.2
real,0.05,132225,bollywood,0.1,1.0,0.0455,1.0,1.0,0.2201,3,9,0.8,0.2
real,0.1,132225,bollywood,0.1,1.0,0.0455,1.0,1.0,0.2201,2,9,0.9,0.1
real,0.15,132225,bollywood,0.1,1.0,0.0455,1.0,1.0,0.2201,2,9,0.9,0.1
real,0.2,132225,bollywood,0.1,1.0,0.0455,1.0,1.0,0.2201,2,9,0.9,0.1
real,0.3,132225,bollywood,0.1,1.0,0.0455,1.0,1.0,0.2201,2,9,1.0,0.0
real,0.4,132225,bollywood,0.2,1.0,0.0909,1.0,1.0,0.2895,2,9,1.0,0.0
real,0.5,132225,bollywood,0.2,1.0,0.0909,1.0,1.0,0.3149,2,9,1.0,0.0
real,0.0,132721,mixed,0.7,1.0,0.0166,1.0,1.0,0.7885,6,11,0.3,0.7
real,0.05,132721,mixed,0.8,1.0,0.019,1.0,1.0,0.858,5,9,0.6,0.4
real,0.1,132721,mixed,0.7,1.0,0.0166,1.0,1.0,0.7859,1,8,1.0,0.0
real,0.15,132721,mixed,0.7,1.0,0.0166,1.0,1.0,0.7885,1,8,1.0,0.0
real,0.2,132721,mixed,0.7,1.0,0.0166,1.0,1.0,0.7917,1,7,1.0,0.0
real,0.3,132721,mixed,0.7,1.0,0.0166,1.0,1.0,0.7917,1,7,1.0,0.0
real,0.4,132721,mixed,0.8,1.0,0.019,1.0,1.0,0.8553,1,5,1.0,0.0
real,0.5,132721,mixed,0.8,1.0,0.019,1.0,1.0,0.8553,1,5,1.0,0.0
real,0.0,132835,hollywood,0.1,1.0,0.0132,1.0,0.1429,0.0734,6,13,0.3,0.7
real,0.05,132835,hollywood,0.1,1.0,0.0132,1.0,0.1,0.0636,5,12,0.4,0.6
real,0.1,132835,hollywood,0.1,1.0,0.0132,1.0,0.1,0.0636,5,12,0.4,0.6
real,0.15,132835,hollywood,0.0,1.0,0.0,0.0,0.0,0.0,3,13,0.7,0.3
real,0.2,132835,hollywood,0.0,1.0,0.0,0.0,0.0,0.0,3,12,0.8,0.2
real,0.3,132835,hollywood,0.0,1.0,0.0,0.0,0.0,0.0,1,11,1.0,0.0
real,0.4,132835,hollywood,0.0,1.0,0.0,0.0,0.0,0.0,1,11,1.0,0.0
real,0.5,132835,hollywood,0.0,1.0,0.0,0.0,0.0,0.0,1,11,1.0,0.0
real,0.0,133008,hollywood,0.1,1.0,0.0833,1.0,1.0,0.2201,2,10,0.9,0.1
real,0.05,133008,hollywood,0.1,1.0,0.0833,1.0,1.0,0.2201,1,10,1.0,0.0
real,0.1,133008,hollywood,0.1,1.0,0.0833,1.0,1.0,0.2201,1,10,1.0,0.0
real,0.15,133008,hollywood,0.1,1.0,0.0833,1.0,1.0,0.2201,1,10,1.0,0.0
real,0.2,133008,hollywood,0.1,1.0,0.0833,1.0,1.0,0.2201,1,10,1.0,0.0
real,0.3,133008,hollywood,0.1,1.0,0.0833,1.0,1.0,0.2201,1,11,1.0,0.0
real,0.4,133008,hollywood,0.1,1.0,0.0833,1.0,1.0,0.2201,1,13,1.0,0.0
real,0.5,133008,hollywood,0.1,1.0,0.0833,1.0,1.0,0.2201,1,13,1.0,0.0
real,0.0,133189,bollywood,0.1,0.7,0.1429,1.0,0.1,0.0795,5,10,0.5,0.5
real,0.05,133189,bollywood,0.1,0.7,0.1429,1.0,0.1429,0.0916,4,6,0.7,0.3
real,0.1,133189,bollywood,0.1,0.7,0.1429,1.0,0.1667,0.0979,3,6,0.8,0.2
real,0.15,133189,bollywood,0.1,0.7,0.1429,1.0,0.1667,0.0979,2,6,0.9,0.1
real,0.2,133189,bollywood,0.1,0.7,0.1429,1.0,0.2,0.1063,3,6,0.9,0.1
real,0.3,133189,bollywood,0.1,0.7,0.1429,1.0,0.1667,0.0979,2,6,1.0,0.0
real,0.4,133189,bollywood,0.1,0.7,0.1429,1.0,0.1667,0.0979,2,6,1.0,0.0
real,0.5,133189,bollywood,0.1,0.7,0.1429,1.0,0.1429,0.0916,2,8,1.0,0.0
real,0.0,135685,mixed,0.2,1.0,0.05,1.0,0.25,0.161,5,7,0.6,0.4
real,0.05,135685,mixed,0.2,1.0,0.05,1.0,0.3333,0.1834,4,7,0.7,0.3
real,0.1,135685,mixed,0.3,1.0,0.075,1.0,0.3333,0.2521,2,7,0.9,0.1
real,0.15,135685,mixed,0.3,1.0,0.075,1.0,0.5,0.2809,2,7,0.9,0.1
real,0.2,135685,mixed,0.3,1.0,0.075,1.0,0.5,0.2835,1,7,1.0,0.0
real,0.3,135685,mixed,0.3,1.0,0.075,1.0,0.5,0.2835,1,7,1.0,0.0
real,0.4,135685,mixed,0.3,1.0,0.075,1.0,0.5,0.2835,1,7,1.0,0.0
real,0.5,135685,mixed,0.3,1.0,0.075,1.0,0.5,0.2835,1,7,1.0,0.0
real,0.0,136072,anime,0.2,0.7,0.2857,1.0,1.0,0.3728,2,12,1.0,0.0
real,0.05,136072,anime,0.2,0.7,0.2857,1.0,1.0,0.4123,2,12,1.0,0.0
real,0.1,136072,anime,0.2,0.7,0.2857,1.0,1.0,0.4123,2,12,1.0,0.0
real,0.15,136072,anime,0.2,0.7,0.2857,1.0,1.0,0.4123,2,12,1.0,0.0
real,0.2,136072,anime,0.3,0.7,0.4286,1.0,0.5,0.3903,2,12,1.0,0.0
real,0.3,136072,anime,0.3,0.7,0.4286,1.0,0.5,0.3936,2,12,1.0,0.0
real,0.4,136072,anime,0.3,0.7,0.4286,1.0,0.5,0.4025,1,11,1.0,0.0
real,0.5,136072,anime,0.2,0.7,0.2857,1.0,0.5,0.3109,1,11,1.0,0.0
real,0.0,136461,hollywood,0.1,1.0,0.0263,1.0,0.1111,0.0663,4,4,0.4,0.6
real,0.05,136461,hollywood,0.1,1.0,0.0263,1.0,0.1429,0.0734,4,4,0.4,0.6
real,0.1,136461,hollywood,0.1,1.0,0.0263,1.0,0.2,0.0851,3,4,0.6,0.4
real,0.15,136461,hollywood,0.1,1.0,0.0263,1.0,0.25,0.0948,3,4,0.7,0.3
real,0.2,136461,hollywood,0.2,1.0,0.0526,1.0,0.25,0.1584,2,7,0.9,0.1
real,0.3,136461,hollywood,0.2,1.0,0.0526,1.0,0.3333,0.1795,1,7,1.0,0.0
real,0.4,136461,hollywood,0.2,1.0,0.0526,1.0,0.25,0.1732,1,7,1.0,0.0
real,0.5,136461,hollywood,0.3,1.0,0.0789,1.0,0.25,0.2466,1,7,1.0,0.0
real,0.0,138193,anime,0.0,1.0,0.0,0.0,0.0,0.0,3,9,0.9,0.1
real,0.05,138193,anime,0.0,1.0,0.0,0.0,0.0,0.0,2,9,1.0,0.0
real,0.1,138193,anime,0.0,1.0,0.0,0.0,0.0,0.0,2,9,1.0,0.0
real,0.15,138193,anime,0.0,1.0,0.0,0.0,0.0,0.0,2,9,1.0,0.0
real,0.2,138193,anime,0.0,1.0,0.0,0.0,0.0,0.0,2,9,1.0,0.0
real,0.3,138193,anime,0.0,1.0,0.0,0.0,0.0,0.0,2,10,1.0,0.0
real,0.4,138193,anime,0.0,1.0,0.0,0.0,0.0,0.0,2,10,1.0,0.0
real,0.5,138193,anime,0.0,1.0,0.0,0.0,0.0,0.0,1,10,1.0,0.0
real,0.0,139133,bollywood,0.0,0.9,0.0,0.0,0.0,0.0,5,10,0.7,0.3
real,0.05,139133,bollywood,0.0,0.9,0.0,0.0,0.0,0.0,4,10,0.8,0.2
real,0.1,139133,bollywood,0.0,0.9,0.0,0.0,0.0,0.0,3,11,0.9,0.1
real,0.15,139133,bollywood,0.0,0.9,0.0,0.0,0.0,0.0,2,11,1.0,0.0
real,0.2,139133,bollywood,0.0,0.9,0.0,0.0,0.0,0.0,2,11,1.0,0.0
real,0.3,139133,bollywood,0.0,0.9,0.0,0.0,0.0,0.0,2,8,1.0,0.0
real,0.4,139133,bollywood,0.0,0.9,0.0,0.0,0.0,0.0,2,8,1.0,0.0
real,0.5,139133,bollywood,0.0,0.9,0.0,0.0,0.0,0.0,1,10,1.0,0.0
real,0.0,140059,korean,0.1,0.7,0.1429,1.0,0.1,0.0795,4,4,0.6,0.4
real,0.05,140059,korean,0.1,0.7,0.1429,1.0,0.1,0.0795,4,4,0.6,0.4
real,0.1,140059,korean,0.1,0.7,0.1429,1.0,0.1429,0.0916,5,4,0.7,0.3
real,0.15,140059,korean,0.2,0.7,0.2857,1.0,0.1429,0.1744,3,4,0.9,0.1
real,0.2,140059,korean,0.2,0.7,0.2857,1.0,0.2,0.1891,2,4,1.0,0.0
real,0.3,140059,korean,0.2,0.7,0.2857,1.0,0.3333,0.2202,2,4,1.0,0.0
real,0.4,140059,korean,0.1,0.7,0.1429,1.0,0.5,0.1734,2,6,1.0,0.0
real,0.5,140059,korean,0.1,0.7,0.1429,1.0,0.5,0.1734,2,7,1.0,0.0
real,0.0,141125,anime,0.1,1.0,0.0833,1.0,0.2,0.0851,4,8,0.7,0.3
real,0.05,141125,anime,0.1,1.0,0.0833,1.0,0.25,0.0948,4,8,0.7,0.3
real,0.1,141125,anime,0.2,1.0,0.1667,1.0,0.25,0.1642,3,10,0.8,0.2
real,0.15,141125,anime,0.3,1.0,0.25,1.0,0.2,0.2298,3,9,0.9,0.1
real,0.2,141125,anime,0.3,1.0,0.25,1.0,0.3333,0.2457,3,9,0.9,0.1
real,0.3,141125,anime,0.3,1.0,0.25,1.0,1.0,0.3715,2,10,1.0,0.0
real,0.4,141125,anime,0.3,1.0,0.25,1.0,1.0,0.3786,2,10,1.0,0.0
real,0.5,141125,anime,0.3,1.0,0.25,1.0,1.0,0.3938,1,10,1.0,0.0
real,0.0,142252,hollywood,0.1,1.0,0.0127,1.0,0.1667,0.0784,3,9,0.8,0.2
real,0.05,142252,hollywood,0.2,1.0,0.0253,1.0,0.2,0.1488,2,9,0.9,0.1
real,0.1,142252,hollywood,0.3,1.0,0.038,1.0,0.2,0.215,1,8,1.0,0.0
real,0.15,142252,hollywood,0.3,1.0,0.038,1.0,0.2,0.215,1,8,1.0,0.0
real,0.2,142252,hollywood,0.3,1.0,0.038,1.0,0.2,0.215,1,8,1.0,0.0
real,0.3,142252,hollywood,0.3,1.0,0.038,1.0,0.2,0.215,1,8,1.0,0.0
real,0.4,142252,hollywood,0.3,1.0,0.038,1.0,0.2,0.2208,1,8,1.0,0.0
real,0.5,142252,hollywood,0.3,1.0,0.038,1.0,0.2,0.2208,1,8,1.0,0.0
real,0.0,142918,anime,0.2,1.0,0.125,1.0,0.25,0.1682,3,8,0.8,0.2
real,0.05,142918,anime,0.2,1.0,0.125,1.0,0.25,0.1732,3,10,0.9,0.1
real,0.1,142918,anime,0.2,1.0,0.125,1.0,0.25,0.1732,3,10,0.9,0.1
real,0.15,142918,anime,0.2,1.0,0.125,1.0,0.25,0.1799,2,10,1.0,0.0
real,0.2,142918,anime,0.2,1.0,0.125,1.0,0.3333,0.1834,2,10,1.0,0.0
real,0.3,142918,anime,0.2,1.0,0.125,1.0,0.5,0.2051,2,10,1.0,0.0
real,0.4,142918,anime,0.1,1.0,0.0625,1.0,0.3333,0.11,2,10,1.0,0.0
real,0.5,142918,anime,0.1,1.0,0.0625,1.0,0.25,0.0948,2,11,1.0,0.0
real,0.0,143139,bollywood,0.2,1.0,0.1667,1.0,1.0,0.2837,3,12,0.6,0.4
real,0.05,143139,bollywood,0.2,1.0,0.1667,1.0,1.0,0.2985,2,10,0.9,0.1
real,0.1,143139,bollywood,0.2,1.0,0.1667,1.0,1.0,0.2985,1,9,1.0,0.0
real,0.15,143139,bollywood,0.2,1.0,0.1667,1.0,1.0,0.2985,1,9,1.0,0.0
real,0.2,143139,bollywood,0.2,1.0,0.1667,1.0,1.0,0.3052,2,9,1.0,0.0
real,0.3,143139,bollywood,0.2,1.0,0.1667,1.0,1.0,0.2985,2,9,1.0,0.0
real,0.4,143139,bollywood,0.2,1.0,0.1667,1.0,1.0,0.2935,2,9,1.0,0.0
real,0.5,143139,bollywood,0.2,1.0,0.1667,1.0,1.0,0.2863,2,9,1.0,0.0
real,0.0,144129,bollywood,0.1,1.0,0.0667,1.0,0.1667,0.0784,7,8,0.1,0.9
real,0.05,144129,bollywood,0.2,1.0,0.1333,1.0,0.3333,0.1737,6,6,0.2,0.8
real,0.1,144129,bollywood,0.2,1.0,0.1333,1.0,0.5,0.2122,6,6,0.2,0.8
real,0.15,144129,bollywood,0.2,1.0,0.1333,1.0,0.5,0.2489,6,7,0.3,0.7
real,0.2,144129,bollywood,0.2,1.0,0.1333,1.0,0.5,0.2489,6,7,0.4,0.6
real,0.3,144129,bollywood,0.2,1.0,0.1333,1.0,1.0,0.359,3,6,0.8,0.2
real,0.4,144129,bollywood,0.2,1.0,0.1333,1.0,1.0,0.359,2,7,0.9,0.1
real,0.5,144129,bollywood,0.2,1.0,0.1333,1.0,1.0,0.359,1,7,1.0,0.0
real,0.0,145047,hollywood,0.2,1.0,0.0364,1.0,0.3333,0.1763,2,10,0.9,0.1
real,0.05,145047,hollywood,0.2,1.0,0.0364,1.0,0.3333,0.1763,2,10,0.9,0.1
real,0.1,145047,hollywood,0.2,1.0,0.0364,1.0,0.3333,0.1795,1,10,1.0,0.0
real,0.15,145047,hollywood,0.3,1.0,0.0545,1.0,0.3333,0.2431,1,10,1.0,0.0
real,0.2,145047,hollywood,0.3,1.0,0.0545,1.0,0.3333,0.2431,1,10,1.0,0.0
real,0.3,145047,hollywood,0.3,1.0,0.0545,1.0,0.3333,0.2431,1,10,1.0,0.0
real,0.4,145047,hollywood,0.2,1.0,0.0364,1.0,0.5,0.2083,1,10,1.0,0.0
real,0.5,145047,hollywood,0.2,1.0,0.0364,1.0,0.5,0.2083,1,10,1.0,0.0
real,0.0,145174,mixed,0.1,1.0,0.0222,1.0,0.2,0.0851,5,7,0.4,0.6
real,0.05,145174,mixed,0.2,1.0,0.0444,1.0,0.3333,0.1763,4,7,0.6,0.4
real,0.1,145174,mixed,0.2,1.0,0.0444,1.0,0.5,0.2122,4,7,0.7,0.3
real,0.15,145174,mixed,0.2,1.0,0.0444,1.0,0.5,0.2173,2,10,0.9,0.1
real,0.2,145174,mixed,0.2,1.0,0.0444,1.0,0.5,0.2173,1,9,1.0,0.0
real,0.3,145174,mixed,0.2,1.0,0.0444,1.0,0.5,0.2173,1,9,1.0,0.0
real,0.4,145174,mixed,0.2,1.0,0.0444,1.0,0.5,0.2173,1,9,1.0,0.0
real,0.5,145174,mixed,0.2,1.0,0.0444,1.0,0.5,0.2173,1,9,1.0,0.0
real,0.0,145593,bollywood,0.0,1.0,0.0,0.0,0.0,0.0,4,9,0.3,0.7
real,0.05,145593,bollywood,0.1,1.0,0.1,1.0,0.1,0.0636,4,8,0.4,0.6
real,0.1,145593,bollywood,0.2,1.0,0.2,1.0,0.125,0.1357,4,7,0.5,0.5
real,0.15,145593,bollywood,0.2,1.0,0.2,1.0,0.125,0.1357,3,8,0.6,0.4
real,0.2,145593,bollywood,0.2,1.0,0.2,1.0,0.2,0.1635,3,8,0.6,0.4
real,0.3,145593,bollywood,0.2,1.0,0.2,1.0,0.25,0.1799,2,10,1.0,0.0
real,0.4,145593,bollywood,0.2,1.0,0.2,1.0,0.2,0.1635,2,11,1.0,0.0
real,0.5,145593,bollywood,0.2,1.0,0.2,1.0,0.1667,0.1518,2,11,1.0,0.0
real,0.0,145643,anime,0.1,0.4,0.25,1.0,0.1111,0.1175,3,8,0.9,0.1
real,0.05,145643,anime,0.1,0.4,0.25,1.0,0.1111,0.1175,2,8,1.0,0.0
real,0.1,145643,anime,0.1,0.4,0.25,1.0,0.1,0.1128,2,8,1.0,0.0
real,0.15,145643,anime,0.0,0.4,0.0,0.0,0.0,0.0,2,8,1.0,0.0
real,0.2,145643,anime,0.0,0.4,0.0,0.0,0.0,0.0,2,8,1.0,0.0
real,0.3,145643,anime,0.0,0.4,0.0,0.0,0.0,0.0,2,8,1.0,0.0
real,0.4,145643,anime,0.0,0.4,0.0,0.0,0.0,0.0,2,8,1.0,0.0
real,0.5,145643,anime,0.0,0.4,0.0,0.0,0.0,0.0,2,8,1.0,0.0
real,0.0,146256,anime,0.1,0.9,0.1111,1.0,1.0,0.235,6,11,0.3,0.7
real,0.05,146256,anime,0.1,0.9,0.1111,1.0,1.0,0.235,6,11,0.4,0.6
real,0.1,146256,anime,0.1,0.9,0.1111,1.0,1.0,0.235,4,12,0.7,0.3
real,0.15,146256,anime,0.1,0.9,0.1111,1.0,1.0,0.235,4,12,0.8,0.2
real,0.2,146256,anime,0.1,0.9,0.1111,1.0,1.0,0.235,3,11,0.9,0.1
real,0.3,146256,anime,0.2,0.9,0.2222,1.0,1.0,0.3092,2,10,1.0,0.0
real,0.4,146256,anime,0.2,0.9,0.2222,1.0,1.0,0.326,2,10,1.0,0.0
real,0.5,146256,anime,0.2,0.9,0.2222,1.0,1.0,0.326,1,10,1.0,0.0
real,0.0,146335,anime,0.1,1.0,0.1,1.0,0.125,0.0694,6,12,0.4,0.6
real,0.05,146335,anime,0.1,1.0,0.1,1.0,0.1111,0.0663,5,13,0.6,0.4
real,0.1,146335,anime,0.0,1.0,0.0,0.0,0.0,0.0,4,12,0.7,0.3
real,0.15,146335,anime,0.0,1.0,0.0,0.0,0.0,0.0,3,9,0.9,0.1
real,0.2,146335,anime,0.0,1.0,0.0,0.0,0.0,0.0,2,9,1.0,0.0
real,0.3,146335,anime,0.0,1.0,0.0,0.0,0.0,0.0,2,8,1.0,0.0
real,0.4,146335,anime,0.0,1.0,0.0,0.0,0.0,0.0,2,8,1.0,0.0
real,0.5,146335,anime,0.0,1.0,0.0,0.0,0.0,0.0,2,8,1.0,0.0
real,0.0,146788,mixed,0.0,1.0,0.0,0.0,0.0,0.0,5,10,0.6,0.4
real,0.05,146788,mixed,0.1,1.0,0.0286,1.0,0.1,0.0636,4,10,0.7,0.3
real,0.1,146788,mixed,0.1,1.0,0.0286,1.0,0.125,0.0694,2,9,0.9,0.1
real,0.15,146788,mixed,0.1,1.0,0.0286,1.0,0.125,0.0694,2,9,0.9,0.1
real,0.2,146788,mixed,0.1,1.0,0.0286,1.0,0.125,0.0694,2,9,0.9,0.1
real,0.3,146788,mixed,0.1,1.0,0.0286,1.0,0.125,0.0694,1,9,1.0,0.0
real,0.4,146788,mixed,0.2,1.0,0.0571,1.0,0.125,0.1357,1,9,1.0,0.0
real,0.5,146788,mixed,0.2,1.0,0.0571,1.0,0.125,0.1357,1,10,1.0,0.0
real,0.0,146834,anime,0.1,0.7,0.1429,1.0,1.0,0.2749,2,7,1.0,0.0
real,0.05,146834,anime,0.1,0.7,0.1429,1.0,1.0,0.2749,2,7,1.0,0.0
real,0.1,146834,anime,0.1,0.7,0.1429,1.0,1.0,0.2749,2,7,1.0,0.0
real,0.15,146834,anime,0.1,0.7,0.1429,1.0,1.0,0.2749,2,7,1.0,0.0
real,0.2,146834,anime,0.1,0.7,0.1429,1.0,1.0,0.2749,2,7,1.0,0.0
real,0.3,146834,anime,0.1,0.7,0.1429,1.0,1.0,0.2749,2,8,1.0,0.0
real,0.4,146834,anime,0.1,0.7,0.1429,1.0,1.0,0.2749,2,10,1.0,0.0
real,0.5,146834,anime,0.1,0.7,0.1429,1.0,1.0,0.2749,2,10,1.0,0.0
real,0.0,147373,mixed,0.1,0.9,0.1111,1.0,0.2,0.0909,4,9,0.7,0.3
real,0.05,147373,mixed,0.2,0.9,0.2222,1.0,0.3333,0.1855,4,9,0.7,0.3
real,0.1,147373,mixed,0.2,0.9,0.2222,1.0,0.5,0.2224,2,9,0.9,0.1
real,0.15,147373,mixed,0.2,0.9,0.2222,1.0,0.5,0.2266,2,9,0.9,0.1
real,0.2,147373,mixed,0.2,0.9,0.2222,1.0,0.5,0.2392,1,9,1.0,0.0
real,0.3,147373,mixed,0.2,0.9,0.2222,1.0,0.5,0.2392,1,9,1.0,0.0
real,0.4,147373,mixed,0.2,0.9,0.2222,1.0,0.5,0.2392,1,9,1.0,0.0
real,0.5,147373,mixed,0.2,0.9,0.2222,1.0,0.5,0.2392,1,9,1.0,0.0
real,0.0,147669,anime,0.0,0.8,0.0,0.0,0.0,0.0,5,13,0.3,0.7
real,0.05,147669,anime,0.0,0.8,0.0,0.0,0.0,0.0,5,13,0.6,0.4
real,0.1,147669,anime,0.0,0.8,0.0,0.0,0.0,0.0,4,13,0.7,0.3
real,0.15,147669,anime,0.0,0.8,0.0,0.0,0.0,0.0,3,13,0.8,0.2
real,0.2,147669,anime,0.0,0.8,0.0,0.0,0.0,0.0,3,13,0.9,0.1
real,0.3,147669,anime,0.0,0.8,0.0,0.0,0.0,0.0,2,13,1.0,0.0
real,0.4,147669,anime,0.0,0.8,0.0,0.0,0.0,0.0,2,13,1.0,0.0
real,0.5,147669,anime,0.0,0.8,0.0,0.0,0.0,0.0,2,13,1.0,0.0
real,0.0,147689,hollywood,0.0,0.9,0.0,0.0,0.0,0.0,2,11,0.9,0.1
real,0.05,147689,hollywood,0.0,0.9,0.0,0.0,0.0,0.0,2,11,0.9,0.1
real,0.1,147689,hollywood,0.0,0.9,0.0,0.0,0.0,0.0,2,11,0.9,0.1
real,0.15,147689,hollywood,0.0,0.9,0.0,0.0,0.0,0.0,2,11,0.9,0.1
real,0.2,147689,hollywood,0.0,0.9,0.0,0.0,0.0,0.0,2,11,0.9,0.1
real,0.3,147689,hollywood,0.0,0.9,0.0,0.0,0.0,0.0,1,10,1.0,0.0
real,0.4,147689,hollywood,0.0,0.9,0.0,0.0,0.0,0.0,1,10,1.0,0.0
real,0.5,147689,hollywood,0.0,0.9,0.0,0.0,0.0,0.0,1,10,1.0,0.0
real,0.0,147805,anime,0.0,0.9,0.0,0.0,0.0,0.0,2,10,1.0,0.0
real,0.05,147805,anime,0.1,0.9,0.1111,1.0,0.1,0.0679,2,10,1.0,0.0
real,0.1,147805,anime,0.1,0.9,0.1111,1.0,0.125,0.0741,2,10,1.0,0.0
real,0.15,147805,anime,0.1,0.9,0.1111,1.0,0.1429,0.0783,2,11,1.0,0.0
real,0.2,147805,anime,0.1,0.9,0.1111,1.0,0.1667,0.0837,2,11,1.0,0.0
real,0.3,147805,anime,0.1,0.9,0.1111,1.0,0.1667,0.0837,2,11,1.0,0.0
real,0.4,147805,anime,0.1,0.9,0.1111,1.0,0.2,0.0909,2,11,1.0,0.0
real,0.5,147805,anime,0.1,0.9,0.1111,1.0,0.1429,0.0783,1,11,1.0,0.0
real,0.0,148011,bollywood,0.4,1.0,0.0519,1.0,0.3333,0.3191,5,12,0.6,0.4
real,0.05,148011,bollywood,0.5,1.0,0.0649,1.0,0.3333,0.4042,5,14,0.7,0.3
real,0.1,148011,bollywood,0.5,1.0,0.0649,1.0,0.3333,0.4189,4,13,0.8,0.2
real,0.15,148011,bollywood,0.5,1.0,0.0649,1.0,0.5,0.4697,4,13,0.8,0.2
real,0.2,148011,bollywood,0.6,1.0,0.0779,1.0,0.5,0.5431,3,13,0.9,0.1
real,0.3,148011,bollywood,0.8,1.0,0.1039,1.0,1.0,0.8486,2,13,1.0,0.0
real,0.4,148011,bollywood,0.9,1.0,0.1169,1.0,1.0,0.9266,2,10,1.0,0.0
real,0.5,148011,bollywood,0.8,1.0,0.1039,1.0,1.0,0.8701,2,9,1.0,0.0
real,0.0,148019,hollywood,0.2,1.0,0.0526,1.0,1.0,0.2895,3,10,0.6,0.4
real,0.05,148019,hollywood,0.3,1.0,0.0789,1.0,1.0,0.3531,3,10,0.7,0.3
real,0.1,148019,hollywood,0.3,1.0,0.0789,1.0,1.0,0.3647,3,10,0.7,0.3
real,0.15,148019,hollywood,0.3,1.0,0.0789,1.0,1.0,0.3747,3,10,0.8,0.2
real,0.2,148019,hollywood,0.3,1.0,0.0789,1.0,1.0,0.3786,2,10,0.9,0.1
real,0.3,148019,hollywood,0.3,1.0,0.0789,1.0,1.0,0.3786,1,7,1.0,0.0
real,0.4,148019,hollywood,0.4,1.0,0.1053,1.0,1.0,0.4383,1,9,1.0,0.0
real,0.5,148019,hollywood,0.4,1.0,0.1053,1.0,1.0,0.4284,1,9,1.0,0.0
real,0.0,148296,korean,0.1,1.0,0.0909,1.0,0.5,0.1389,6,10,0.3,0.7
real,0.05,148296,korean,0.1,1.0,0.0909,1.0,0.5,0.1389,6,10,0.3,0.7
real,0.1,148296,korean,0.1,1.0,0.0909,1.0,0.3333,0.11,7,9,0.6,0.4
real,0.15,148296,korean,0.1,1.0,0.0909,1.0,0.25,0.0948,6,10,0.7,0.3
real,0.2,148296,korean,0.1,1.0,0.0909,1.0,0.1429,0.0734,5,11,0.8,0.2
real,0.3,148296,korean,0.0,1.0,0.0,0.0,0.0,0.0,3,12,1.0,0.0
real,0.4,148296,korean,0.0,1.0,0.0,0.0,0.0,0.0,2,13,1.0,0.0
real,0.5,148296,korean,0.0,1.0,0.0,0.0,0.0,0.0,2,13,1.0,0.0
real,0.0,148334,bollywood,0.1,1.0,0.0333,1.0,1.0,0.2201,3,10,0.6,0.4
real,0.05,148334,bollywood,0.1,1.0,0.0333,1.0,1.0,0.2201,3,10,0.7,0.3
real,0.1,148334,bollywood,0.1,1.0,0.0333,1.0,1.0,0.2201,3,10,0.7,0.3
real,0.15,148334,bollywood,0.1,1.0,0.0333,1.0,1.0,0.2201,2,9,0.8,0.2
real,0.2,148334,bollywood,0.1,1.0,0.0333,1.0,1.0,0.2201,2,9,0.8,0.2
real,0.3,148334,bollywood,0.1,1.0,0.0333,1.0,1.0,0.2201,2,9,1.0,0.0
real,0.4,148334,bollywood,0.1,1.0,0.0333,1.0,1.0,0.2201,2,9,1.0,0.0
real,0.5,148334,bollywood,0.1,1.0,0.0333,1.0,1.0,0.2201,2,11,1.0,0.0
real,0.0,148827,mixed,0.0,1.0,0.0,0.0,0.0,0.0,4,6,0.5,0.5
real,0.05,148827,mixed,0.0,1.0,0.0,0.0,0.0,0.0,3,8,0.6,0.4
real,0.1,148827,mixed,0.0,1.0,0.0,0.0,0.0,0.0,3,8,0.6,0.4
real,0.15,148827,mixed,0.0,1.0,0.0,0.0,0.0,0.0,3,8,0.7,0.3
real,0.2,148827,mixed,0.1,1.0,0.0833,1.0,0.1429,0.0734,1,8,1.0,0.0
real,0.3,148827,mixed,0.1,1.0,0.0833,1.0,0.125,0.0694,1,8,1.0,0.0
real,0.4,148827,mixed,0.1,1.0,0.0833,1.0,0.125,0.0694,1,8,1.0,0.0
real,0.5,148827,mixed,0.1,1.0,0.0833,1.0,0.125,0.0694,1,8,1.0,0.0
real,0.0,149589,hollywood,0.5,0.8,0.625,1.0,1.0,0.7323,1,7,1.0,0.0
real,0.05,149589,hollywood,0.5,0.8,0.625,1.0,1.0,0.7323,1,7,1.0,0.0
real,0.1,149589,hollywood,0.5,0.8,0.625,1.0,1.0,0.7323,1,7,1.0,0.0
real,0.15,149589,hollywood,0.5,0.8,0.625,1.0,1.0,0.7323,1,7,1.0,0.0
real,0.2,149589,hollywood,0.5,0.8,0.625,1.0,1.0,0.7323,1,7,1.0,0.0
real,0.3,149589,hollywood,0.5,0.8,0.625,1.0,1.0,0.7323,1,7,1.0,0.0
real,0.4,149589,hollywood,0.5,0.8,0.625,1.0,1.0,0.7323,1,7,1.0,0.0
real,0.5,149589,hollywood,0.5,0.8,0.625,1.0,1.0,0.7323,1,7,1.0,0.0
real,0.0,149746,bollywood,0.7,1.0,0.1373,1.0,1.0,0.7695,1,8,1.0,0.0
real,0.05,149746,bollywood,0.7,1.0,0.1373,1.0,1.0,0.7695,1,8,1.0,0.0
real,0.1,149746,bollywood,0.7,1.0,0.1373,1.0,1.0,0.7695,1,9,1.0,0.0
real,0.15,149746,bollywood,0.7,1.0,0.1373,1.0,1.0,0.7859,1,9,1.0,0.0
real,0.2,149746,bollywood,0.7,1.0,0.1373,1.0,1.0,0.7859,1,9,1.0,0.0
real,0.3,149746,bollywood,0.7,1.0,0.1373,1.0,1.0,0.7859,1,9,1.0,0.0
real,0.4,149746,bollywood,0.7,1.0,0.1373,1.0,1.0,0.7885,1,9,1.0,0.0
real,0.5,149746,bollywood,0.8,1.0,0.1569,1.0,1.0,0.863,2,10,1.0,0.0
real,0.0,150120,hollywood,0.3,1.0,0.0526,1.0,0.3333,0.2736,4,13,0.6,0.4
real,0.05,150120,hollywood,0.4,1.0,0.0702,1.0,0.3333,0.3469,3,13,0.7,0.3
real,0.1,150120,hollywood,0.4,1.0,0.0702,1.0,1.0,0.5077,3,12,0.7,0.3
real,0.15,150120,hollywood,0.4,1.0,0.0702,1.0,1.0,0.5384,2,8,0.9,0.1
real,0.2,150120,hollywood,0.4,1.0,0.0702,1.0,1.0,0.5424,1,8,1.0,0.0
real,0.3,150120,hollywood,0.4,1.0,0.0702,1.0,1.0,0.5424,1,8,1.0,0.0
real,0.4,150120,hollywood,0.4,1.0,0.0702,1.0,1.0,0.5424,1,8,1.0,0.0
real,0.5,150120,hollywood,0.4,1.0,0.0702,1.0,1.0,0.5424,1,6,1.0,0.0
real,0.0,150810,korean,0.0,1.0,0.0,0.0,0.0,0.0,3,10,0.7,0.3
real,0.05,150810,korean,0.1,1.0,0.1,1.0,0.1429,0.0734,4,8,0.7,0.3
real,0.1,150810,korean,0.1,1.0,0.1,1.0,0.25,0.0948,4,10,0.8,0.2
real,0.15,150810,korean,0.1,1.0,0.1,1.0,0.5,0.1389,3,10,0.9,0.1
real,0.2,150810,korean,0.1,1.0,0.1,1.0,1.0,0.2201,3,10,0.9,0.1
real,0.3,150810,korean,0.1,1.0,0.1,1.0,1.0,0.2201,2,8,1.0,0.0
real,0.4,150810,korean,0.1,1.0,0.1,1.0,1.0,0.2201,2,7,1.0,0.0
real,0.5,150810,korean,0.1,1.0,0.1,1.0,1.0,0.2201,1,7,1.0,0.0
real,0.0,151038,hollywood,0.7,1.0,0.5,1.0,1.0,0.7695,3,10,0.8,0.2
real,0.05,151038,hollywood,0.7,1.0,0.5,1.0,1.0,0.7936,2,6,0.9,0.1
real,0.1,151038,hollywood,0.7,1.0,0.5,1.0,1.0,0.7968,1,6,1.0,0.0
real,0.15,151038,hollywood,0.7,1.0,0.5,1.0,1.0,0.7968,1,6,1.0,0.0
real,0.2,151038,hollywood,0.7,1.0,0.5,1.0,1.0,0.7968,1,6,1.0,0.0
real,0.3,151038,hollywood,0.7,1.0,0.5,1.0,1.0,0.7968,1,6,1.0,0.0
real,0.4,151038,hollywood,0.7,1.0,0.5,1.0,1.0,0.7936,1,6,1.0,0.0
real,0.5,151038,hollywood,0.7,1.0,0.5,1.0,1.0,0.7885,1,6,1.0,0.0
real,0.0,153408,anime,0.4,1.0,0.25,1.0,0.3333,0.3133,2,6,1.0,0.0
real,0.05,153408,anime,0.4,1.0,0.25,1.0,0.3333,0.3133,2,6,1.0,0.0
real,0.1,153408,anime,0.4,1.0,0.25,1.0,0.3333,0.3165,2,6,1.0,0.0
real,0.15,153408,anime,0.3,1.0,0.1875,1.0,0.3333,0.2528,2,6,1.0,0.0
real,0.2,153408,anime,0.3,1.0,0.1875,1.0,0.3333,0.2528,2,6,1.0,0.0
real,0.3,153408,anime,0.3,1.0,0.1875,1.0,0.3333,0.2614,2,6,1.0,0.0
real,0.4,153408,anime,0.4,1.0,0.25,1.0,0.5,0.3503,2,6,1.0,0.0
real,0.5,153408,anime,0.3,1.0,0.1875,1.0,1.0,0.3785,2,9,1.0,0.0
real,0.0,153419,hollywood,0.2,1.0,0.0339,1.0,1.0,0.2837,4,6,0.5,0.5
real,0.05,153419,hollywood,0.3,1.0,0.0508,1.0,1.0,0.35,3,6,0.6,0.4
real,0.1,153419,hollywood,0.3,1.0,0.0508,1.0,1.0,0.3836,3,6,0.8,0.2
real,0.15,153419,hollywood,0.3,1.0,0.0508,1.0,1.0,0.3836,1,6,1.0,0.0
real,0.2,153419,hollywood,0.3,1.0,0.0508,1.0,1.0,0.3836,1,6,1.0,0.0
real,0.3,153419,hollywood,0.3,1.0,0.0508,1.0,1.0,0.3786,1,6,1.0,0.0
real,0.4,153419,hollywood,0.3,1.0,0.0508,1.0,1.0,0.3843,1,6,1.0,0.0
real,0.5,153419,hollywood,0.2,1.0,0.0339,1.0,1.0,0.3301,1,7,1.0,0.0
real,0.0,153638,mixed,0.0,1.0,0.0,0.0,0.0,0.0,3,8,0.7,0.3
real,0.05,153638,mixed,0.0,1.0,0.0,0.0,0.0,0.0,3,8,0.7,0.3
real,0.1,153638,mixed,0.0,1.0,0.0,0.0,0.0,0.0,3,8,0.8,0.2
real,0.15,153638,mixed,0.0,1.0,0.0,0.0,0.0,0.0,1,10,1.0,0.0
real,0.2,153638,mixed,0.0,1.0,0.0,0.0,0.0,0.0,1,10,1.0,0.0
real,0.3,153638,mixed,0.0,1.0,0.0,0.0,0.0,0.0,1,9,1.0,0.0
real,0.4,153638,mixed,0.0,1.0,0.0,0.0,0.0,0.0,1,9,1.0,0.0
real,0.5,153638,mixed,0.0,1.0,0.0,0.0,0.0,0.0,1,10,1.0,0.0
real,0.0,155361,korean,0.1,0.6,0.1667,1.0,0.1429,0.1009,5,5,0.6,0.4
real,0.05,155361,korean,0.1,0.6,0.1667,1.0,0.25,0.1303,4,5,0.7,0.3
real,0.1,155361,korean,0.1,0.6,0.1667,1.0,0.5,0.1909,3,5,0.9,0.1
real,0.15,155361,korean,0.2,0.6,0.3333,1.0,1.0,0.3937,3,5,0.9,0.1
real,0.2,155361,korean,0.3,0.6,0.5,1.0,1.0,0.4946,2,5,1.0,0.0
real,0.3,155361,korean,0.3,0.6,0.5,1.0,1.0,0.5275,2,9,1.0,0.0
real,0.4,155361,korean,0.4,0.6,0.6667,1.0,1.0,0.6185,1,9,1.0,0.0
real,0.5,155361,korean,0.4,0.6,0.6667,1.0,1.0,0.6185,1,9,1.0,0.0
real,0.0,156029,mixed,0.0,0.7,0.0,0.0,0.0,0.0,2,8,0.8,0.2
real,0.05,156029,mixed,0.0,0.7,0.0,0.0,0.0,0.0,2,8,0.9,0.1
real,0.1,156029,mixed,0.0,0.7,0.0,0.0,0.0,0.0,1,7,1.0,0.0
real,0.15,156029,mixed,0.1,0.7,0.1429,1.0,0.1,0.0795,1,7,1.0,0.0
real,0.2,156029,mixed,0.1,0.7,0.1429,1.0,0.1,0.0795,1,7,1.0,0.0
real,0.3,156029,mixed,0.1,0.7,0.1429,1.0,0.125,0.0867,1,7,1.0,0.0
real,0.4,156029,mixed,0.1,0.7,0.1429,1.0,0.1,0.0795,1,7,1.0,0.0
real,0.5,156029,mixed,0.1,0.7,0.1429,1.0,0.1,0.0795,1,6,1.0,0.0
real,0.0,156103,korean,0.0,1.0,0.0,0.0,0.0,0.0,5,6,0.6,0.4
real,0.05,156103,korean,0.0,1.0,0.0,0.0,0.0,0.0,5,6,0.7,0.3
real,0.1,156103,korean,0.0,1.0,0.0,0.0,0.0,0.0,5,6,0.7,0.3
real,0.15,156103,korean,0.0,1.0,0.0,0.0,0.0,0.0,4,6,0.8,0.2
real,0.2,156103,korean,0.0,1.0,0.0,0.0,0.0,0.0,4,6,0.8,0.2
real,0.3,156103,korean,0.0,1.0,0.0,0.0,0.0,0.0,2,7,1.0,0.0
real,0.4,156103,korean,0.0,1.0,0.0,0.0,0.0,0.0,2,8,1.0,0.0
real,0.5,156103,korean,0.0,1.0,0.0,0.0,0.0,0.0,1,7,1.0,0.0
real,0.0,156315,korean,0.0,1.0,0.0,0.0,0.0,0.0,3,9,0.8,0.2
real,0.05,156315,korean,0.0,1.0,0.0,0.0,0.0,0.0,3,9,0.8,0.2
real,0.1,156315,korean,0.1,1.0,0.1,1.0,0.1111,0.0663,1,9,1.0,0.0
real,0.15,156315,korean,0.2,1.0,0.2,1.0,0.1111,0.1299,2,9,1.0,0.0
real,0.2,156315,korean,0.2,1.0,0.2,1.0,0.1429,0.137,2,9,1.0,0.0
real,0.3,156315,korean,0.3,1.0,0.3,1.0,1.0,0.3689,2,9,1.0,0.0
real,0.4,156315,korean,0.2,1.0,0.2,1.0,1.0,0.359,2,11,1.0,0.0
real,0.5,156315,korean,0.2,1.0,0.2,1.0,1.0,0.359,2,12,1.0,0.0
real,0.0,156418,bollywood,0.3,1.0,0.0536,1.0,0.25,0.2426,2,5,0.9,0.1
real,0.05,156418,bollywood,0.3,1.0,0.0536,1.0,0.25,0.2426,2,5,0.9,0.1
real,0.1,156418,bollywood,0.3,1.0,0.0536,1.0,0.25,0.2426,2,5,0.9,0.1
real,0.15,156418,bollywood,0.3,1.0,0.0536,1.0,0.25,0.2426,2,5,0.9,0.1
real,0.2,156418,bollywood,0.3,1.0,0.0536,1.0,0.3333,0.2579,3,5,0.9,0.1
real,0.3,156418,bollywood,0.3,1.0,0.0536,1.0,0.3333,0.2579,2,5,1.0,0.0
real,0.4,156418,bollywood,0.3,1.0,0.0536,1.0,0.25,0.2426,2,5,1.0,0.0
real,0.5,156418,bollywood,0.3,1.0,0.0536,1.0,0.25,0.2426,2,5,1.0,0.0
real,0.0,156606,bollywood,0.1,0.8,0.125,1.0,1.0,0.2529,5,9,0.6,0.4
real,0.05,156606,bollywood,0.1,0.8,0.125,1.0,1.0,0.2529,4,9,0.8,0.2
real,0.1,156606,bollywood,0.1,0.8,0.125,1.0,1.0,0.2529,4,9,0.8,0.2
real,0.15,156606,bollywood,0.1,0.8,0.125,1.0,1.0,0.2529,2,8,1.0,0.0
real,0.2,156606,bollywood,0.1,0.8,0.125,1.0,1.0,0.2529,2,8,1.0,0.0
real,0.3,156606,bollywood,0.1,0.8,0.125,1.0,0.3333,0.1265,2,9,1.0,0.0
real,0.4,156606,bollywood,0.1,0.8,0.125,1.0,0.2,0.0979,2,9,1.0,0.0
real,0.5,156606,bollywood,0.1,0.8,0.125,1.0,0.125,0.0798,2,9,1.0,0.0
real,0.0,156841,anime,0.1,1.0,0.1,1.0,0.25,0.0948,5,11,0.6,0.4
real,0.05,156841,anime,0.1,1.0,0.1,1.0,0.25,0.0948,3,11,0.9,0.1
real,0.1,156841,anime,0.1,1.0,0.1,1.0,0.3333,0.11,2,11,1.0,0.0
real,0.15,156841,anime,0.1,1.0,0.1,1.0,0.3333,0.11,2,11,1.0,0.0
real,0.2,156841,anime,0.2,1.0,0.2,1.0,0.3333,0.1763,2,11,1.0,0.0
real,0.3,156841,anime,0.3,1.0,0.3,1.0,0.3333,0.2743,2,12,1.0,0.0
real,0.4,156841,anime,0.3,1.0,0.3,1.0,0.5,0.3341,2,12,1.0,0.0
real,0.5,156841,anime,0.4,1.0,0.4,1.0,0.5,0.4221,2,11,1.0,0.0
real,0.0,157361,hollywood,0.1,1.0,0.0172,1.0,0.25,0.0948,4,13,0.5,0.5
real,0.05,157361,hollywood,0.1,1.0,0.0172,1.0,0.5,0.1389,4,13,0.7,0.3
real,0.1,157361,hollywood,0.1,1.0,0.0172,1.0,0.5,0.1389,3,13,0.8,0.2
real,0.15,157361,hollywood,0.1,1.0,0.0172,1.0,0.5,0.1389,1,11,1.0,0.0
real,0.2,157361,hollywood,0.1,1.0,0.0172,1.0,0.5,0.1389,1,11,1.0,0.0
real,0.3,157361,hollywood,0.1,1.0,0.0172,1.0,0.5,0.1389,1,11,1.0,0.0
real,0.4,157361,hollywood,0.1,1.0,0.0172,1.0,0.5,0.1389,1,11,1.0,0.0
real,0.5,157361,hollywood,0.1,1.0,0.0172,1.0,0.5,0.1389,1,11,1.0,0.0
real,0.0,158152,anime,0.4,1.0,0.3077,1.0,1.0,0.4847,3,9,0.9,0.1
real,0.05,158152,anime,0.4,1.0,0.3077,1.0,1.0,0.5271,3,9,0.9,0.1
real,0.1,158152,anime,0.4,1.0,0.3077,1.0,1.0,0.5474,2,9,1.0,0.0
real,0.15,158152,anime,0.4,1.0,0.3077,1.0,1.0,0.5541,2,8,1.0,0.0
real,0.2,158152,anime,0.4,1.0,0.3077,1.0,1.0,0.5638,2,8,1.0,0.0
real,0.3,158152,anime,0.4,1.0,0.3077,1.0,1.0,0.5638,1,8,1.0,0.0
real,0.4,158152,anime,0.4,1.0,0.3077,1.0,1.0,0.5638,1,8,1.0,0.0
real,0.5,158152,anime,0.4,1.0,0.3077,1.0,1.0,0.5541,1,9,1.0,0.0
real,0.0,158154,mixed,0.1,1.0,0.0208,1.0,0.125,0.0694,3,7,0.9,0.1
real,0.05,158154,mixed,0.1,1.0,0.0208,1.0,0.2,0.0851,3,7,0.9,0.1
real,0.1,158154,mixed,0.1,1.0,0.0208,1.0,0.2,0.0851,3,7,0.9,0.1
real,0.15,158154,mixed,0.1,1.0,0.0208,1.0,0.25,0.0948,2,7,1.0,0.0
real,0.2,158154,mixed,0.1,1.0,0.0208,1.0,0.3333,0.11,2,8,1.0,0.0
real,0.3,158154,mixed,0.1,1.0,0.0208,1.0,1.0,0.2201,2,9,1.0,0.0
real,0.4,158154,mixed,0.1,1.0,0.0208,1.0,1.0,0.2201,2,10,1.0,0.0
real,0.5,158154,mixed,0.1,1.0,0.0208,1.0,1.0,0.2201,1,9,1.0,0.0
real,0.0,158414,korean,0.4,1.0,0.2105,1.0,1.0,0.5541,2,10,0.9,0.1
real,0.05,158414,korean,0.4,1.0,0.2105,1.0,1.0,0.5541,1,10,1.0,0.0
real,0.1,158414,korean,0.4,1.0,0.2105,1.0,1.0,0.5541,1,10,1.0,0.0
real,0.15,158414,korean,0.4,1.0,0.2105,1.0,1.0,0.5541,1,10,1.0,0.0
real,0.2,158414,korean,0.5,1.0,0.2632,1.0,1.0,0.6325,2,10,1.0,0.0
real,0.3,158414,korean,0.5,1.0,0.2632,1.0,1.0,0.6372,2,10,1.0,0.0
real,0.4,158414,korean,0.5,1.0,0.2632,1.0,1.0,0.6178,2,10,1.0,0.0
real,0.5,158414,korean,0.4,1.0,0.2105,1.0,1.0,0.4748,2,9,1.0,0.0
real,0.0,158781,korean,0.1,1.0,0.0769,1.0,0.125,0.0694,1,5,1.0,0.0
real,0.05,158781,korean,0.1,1.0,0.0769,1.0,0.125,0.0694,1,5,1.0,0.0
real,0.1,158781,korean,0.1,1.0,0.0769,1.0,0.125,0.0694,1,5,1.0,0.0
real,0.15,158781,korean,0.1,1.0,0.0769,1.0,0.125,0.0694,1,5,1.0,0.0
real,0.2,158781,korean,0.1,1.0,0.0769,1.0,0.125,0.0694,1,5,1.0,0.0
real,0.3,158781,korean,0.1,1.0,0.0769,1.0,0.1,0.0636,2,7,1.0,0.0
real,0.4,158781,korean,0.0,1.0,0.0,0.0,0.0,0.0,2,10,1.0,0.0
real,0.5,158781,korean,0.0,1.0,0.0,0.0,0.0,0.0,2,11,1.0,0.0
real,0.0,159105,hollywood,0.2,1.0,0.1333,1.0,0.5,0.224,1,9,1.0,0.0
real,0.05,159105,hollywood,0.2,1.0,0.1333,1.0,0.5,0.224,1,9,1.0,0.0
real,0.1,159105,hollywood,0.2,1.0,0.1333,1.0,0.5,0.224,1,9,1.0,0.0
real,0.15,159105,hollywood,0.2,1.0,0.1333,1.0,0.5,0.224,1,9,1.0,0.0
real,0.2,159105,hollywood,0.2,1.0,0.1333,1.0,0.5,0.224,1,9,1.0,0.0
real,0.3,159105,hollywood,0.2,1.0,0.1333,1.0,0.5,0.224,1,9,1.0,0.0
real,0.4,159105,hollywood,0.2,1.0,0.1333,1.0,0.5,0.224,1,9,1.0,0.0
real,0.5,159105,hollywood,0.2,1.0,0.1333,1.0,0.5,0.224,1,9,1.0,0.0
real,0.0,159486,korean,0.0,1.0,0.0,0.0,0.0,0.0,5,13,0.6,0.4
real,0.05,159486,korean,0.0,1.0,0.0,0.0,0.0,0.0,5,13,0.7,0.3
real,0.1,159486,korean,0.0,1.0,0.0,0.0,0.0,0.0,4,13,0.9,0.1
real,0.15,159486,korean,0.0,1.0,0.0,0.0,0.0,0.0,3,13,1.0,0.0
real,0.2,159486,korean,0.0,1.0,0.0,0.0,0.0,0.0,3,12,1.0,0.0
real,0.3,159486,korean,0.0,1.0,0.0,0.0,0.0,0.0,3,12,1.0,0.0
real,0.4,159486,korean,0.0,1.0,0.0,0.0,0.0,0.0,2,13,1.0,0.0
real,0.5,159486,korean,0.0,1.0,0.0,0.0,0.0,0.0,2,13,1.0,0.0
real,0.0,159849,hollywood,0.1,1.0,0.0714,1.0,0.1,0.0636,3,5,0.8,0.2
real,0.05,159849,hollywood,0.0,1.0,0.0,0.0,0.0,0.0,2,4,0.9,0.1
real,0.1,159849,hollywood,0.0,1.0,0.0,0.0,0.0,0.0,2,4,0.9,0.1
real,0.15,159849,hollywood,0.0,1.0,0.0,0.0,0.0,0.0,2,4,0.9,0.1
real,0.2,159849,hollywood,0.0,1.0,0.0,0.0,0.0,0.0,2,4,0.9,0.1
real,0.3,159849,hollywood,0.1,1.0,0.0714,1.0,0.1,0.0636,1,5,1.0,0.0
real,0.4,159849,hollywood,0.1,1.0,0.0714,1.0,0.1,0.0636,1,5,1.0,0.0
real,0.5,159849,hollywood,0.1,1.0,0.0714,1.0,0.1,0.0636,1,5,1.0,0.0
real,0.0,160112,mixed,0.2,0.8,0.25,1.0,1.0,0.3508,6,7,0.5,0.5
real,0.05,160112,mixed,0.2,0.8,0.25,1.0,1.0,0.3619,3,8,0.8,0.2
real,0.1,160112,mixed,0.2,0.8,0.25,1.0,1.0,0.3619,2,6,0.9,0.1
real,0.15,160112,mixed,0.2,0.8,0.25,1.0,1.0,0.3619,1,6,1.0,0.0
real,0.2,160112,mixed,0.2,0.8,0.25,1.0,1.0,0.3619,1,6,1.0,0.0
real,0.3,160112,mixed,0.2,0.8,0.25,1.0,1.0,0.3619,1,6,1.0,0.0
real,0.4,160112,mixed,0.2,0.8,0.25,1.0,1.0,0.3619,1,6,1.0,0.0
real,0.5,160112,mixed,0.2,0.8,0.25,1.0,1.0,0.3619,1,6,1.0,0.0
real,0.0,161055,anime,0.2,0.5,0.4,1.0,0.3333,0.3008,3,10,0.9,0.1
real,0.05,161055,anime,0.2,0.5,0.4,1.0,0.5,0.3452,3,10,0.9,0.1
real,0.1,161055,anime,0.2,0.5,0.4,1.0,0.5,0.3601,2,9,1.0,0.0
real,0.15,161055,anime,0.2,0.5,0.4,1.0,0.5,0.3601,2,9,1.0,0.0
real,0.2,161055,anime,0.2,0.5,0.4,1.0,0.5,0.3836,2,9,1.0,0.0
real,0.3,161055,anime,0.2,0.5,0.4,1.0,0.5,0.3836,2,9,1.0,0.0
real,0.4,161055,anime,0.2,0.5,0.4,1.0,1.0,0.5087,2,9,1.0,0.0
real,0.5,161055,anime,0.2,0.5,0.4,1.0,1.0,0.5087,2,9,1.0,0.0
real,0.0,161239,hollywood,0.1,1.0,0.0345,1.0,0.5,0.1389,6,7,0.4,0.6
real,0.05,161239,hollywood,0.1,1.0,0.0345,1.0,1.0,0.2201,6,8,0.5,0.5
real,0.1,161239,hollywood,0.1,1.0,0.0345,1.0,1.0,0.2201,5,9,0.6,0.4
real,0.15,161239,hollywood,0.1,1.0,0.0345,1.0,1.0,0.2201,4,10,0.7,0.3
real,0.2,161239,hollywood,0.1,1.0,0.0345,1.0,1.0,0.2201,2,10,0.9,0.1
real,0.3,161239,hollywood,0.1,1.0,0.0345,1.0,1.0,0.2201,1,10,1.0,0.0
real,0.4,161239,hollywood,0.2,1.0,0.069,1.0,1.0,0.2837,1,11,1.0,0.0
real,0.5,161239,hollywood,0.2,1.0,0.069,1.0,1.0,0.2837,1,11,1.0,0.0
real,0.0,161392,hollywood,0.2,1.0,0.1538,1.0,1.0,0.3149,1,7,1.0,0.0
real,0.05,161392,hollywood,0.2,1.0,0.1538,1.0,1.0,0.3149,1,7,1.0,0.0
real,0.1,161392,hollywood,0.2,1.0,0.1538,1.0,1.0,0.3149,1,7,1.0,0.0
real,0.15,161392,hollywood,0.2,1.0,0.1538,1.0,1.0,0.3149,1,7,1.0,0.0
real,0.2,161392,hollywood,0.2,1.0,0.1538,1.0,1.0,0.3149,1,7,1.0,0.0
real,0.3,161392,hollywood,0.2,1.0,0.1538,1.0,1.0,0.3149,1,7,1.0,0.0
real,0.4,161392,hollywood,0.2,1.0,0.1538,1.0,1.0,0.3149,1,8,1.0,0.0
real,0.5,161392,hollywood,0.2,1.0,0.1538,1.0,1.0,0.3052,1,8,1.0,0.0
real,0.0,161643,bollywood,0.2,1.0,0.1667,1.0,1.0,0.2935,3,9,0.8,0.2
real,0.05,161643,bollywood,0.2,1.0,0.1667,1.0,1.0,0.2935,2,9,0.9,0.1
real,0.1,161643,bollywood,0.2,1.0,0.1667,1.0,1.0,0.2935,2,9,0.9,0.1
real,0.15,161643,bollywood,0.2,1.0,0.1667,1.0,1.0,0.2935,2,9,0.9,0.1
real,0.2,161643,bollywood,0.3,1.0,0.25,1.0,1.0,0.3571,1,9,1.0,0.0
real,0.3,161643,bollywood,0.3,1.0,0.25,1.0,1.0,0.3531,1,9,1.0,0.0
real,0.4,161643,bollywood,0.3,1.0,0.25,1.0,1.0,0.35,1,9,1.0,0.0
real,0.5,161643,bollywood,0.1,1.0,0.0833,1.0,1.0,0.2201,2,10,1.0,0.0
real,0.0,162458,anime,0.0,0.5,0.0,0.0,0.0,0.0,3,11,0.9,0.1
real,0.05,162458,anime,0.1,0.5,0.2,1.0,0.1,0.098,2,10,1.0,0.0
real,0.1,162458,anime,0.1,0.5,0.2,1.0,0.1,0.098,2,10,1.0,0.0
real,0.15,162458,anime,0.1,0.5,0.2,1.0,0.1,0.098,2,10,1.0,0.0
real,0.2,162458,anime,0.1,0.5,0.2,1.0,0.1111,0.1021,2,10,1.0,0.0
real,0.3,162458,anime,0.1,0.5,0.2,1.0,0.1111,0.1021,2,11,1.0,0.0
real,0.4,162458,anime,0.1,0.5,0.2,1.0,0.1667,0.1208,2,11,1.0,0.0
real,0.5,162458,anime,0.1,0.5,0.2,1.0,0.1429,0.1131,2,11,1.0,0.0
real,0.0,163083,bollywood,0.1,1.0,0.0278,1.0,1.0,0.2201,1,9,1.0,0.0
real,0.05,163083,bollywood,0.1,1.0,0.0278,1.0,1.0,0.2201,1,9,1.0,0.0
real,0.1,163083,bollywood,0.1,1.0,0.0278,1.0,1.0,0.2201,1,9,1.0,0.0
real,0.15,163083,bollywood,0.1,1.0,0.0278,1.0,1.0,0.2201,1,9,1.0,0.0
real,0.2,163083,bollywood,0.1,1.0,0.0278,1.0,1.0,0.2201,1,9,1.0,0.0
real,0.3,163083,bollywood,0.1,1.0,0.0278,1.0,1.0,0.2201,1,9,1.0,0.0
real,0.4,163083,bollywood,0.1,1.0,0.0278,1.0,1.0,0.2201,1,9,1.0,0.0
real,0.5,163083,bollywood,0.1,1.0,0.0278,1.0,1.0,0.2201,1,9,1.0,0.0
real,0.0,163893,hollywood,0.1,1.0,0.02,1.0,0.3333,0.11,3,8,0.7,0.3
real,0.05,163893,hollywood,0.1,1.0,0.02,1.0,0.3333,0.11,3,7,0.8,0.2
real,0.1,163893,hollywood,0.1,1.0,0.02,1.0,0.5,0.1389,2,6,0.9,0.1
real,0.15,163893,hollywood,0.1,1.0,0.02,1.0,0.5,0.1389,2,6,0.9,0.1
real,0.2,163893,hollywood,0.1,1.0,0.02,1.0,0.5,0.1389,1,6,1.0,0.0
real,0.3,163893,hollywood,0.2,1.0,0.04,1.0,0.5,0.2025,1,6,1.0,0.0
real,0.4,163893,hollywood,0.2,1.0,0.04,1.0,0.5,0.2051,1,6,1.0,0.0
real,0.5,163893,hollywood,0.2,1.0,0.04,1.0,0.5,0.2051,1,6,1.0,0.0
real,0.0,164614,mixed,0.2,0.9,0.2222,1.0,0.3333,0.2085,2,6,0.9,0.1
real,0.05,164614,mixed,0.2,0.9,0.2222,1.0,0.3333,0.2085,2,6,0.9,0.1
real,0.1,164614,mixed,0.2,0.9,0.2222,1.0,0.3333,0.2012,2,7,0.9,0.1
real,0.15,164614,mixed,0.2,0.9,0.2222,1.0,0.3333,0.1959,2,7,0.9,0.1
real,0.2,164614,mixed,0.2,0.9,0.2222,1.0,0.3333,0.1959,2,7,0.9,0.1
real,0.3,164614,mixed,0.1,0.9,0.1111,1.0,0.3333,0.1175,1,7,1.0,0.0
real,0.4,164614,mixed,0.1,0.9,0.1111,1.0,0.25,0.1012,1,7,1.0,0.0
real,0.5,164614,mixed,0.1,0.9,0.1111,1.0,0.2,0.0909,1,7,1.0,0.0
real,0.0,164984,korean,0.1,1.0,0.0526,1.0,0.1,0.0636,5,6,0.6,0.4
real,0.05,164984,korean,0.0,1.0,0.0,0.0,0.0,0.0,2,8,0.9,0.1
real,0.1,164984,korean,0.0,1.0,0.0,0.0,0.0,0.0,2,8,0.9,0.1
real,0.15,164984,korean,0.0,1.0,0.0,0.0,0.0,0.0,1,8,1.0,0.0
real,0.2,164984,korean,0.0,1.0,0.0,0.0,0.0,0.0,2,9,1.0,0.0
real,0.3,164984,korean,0.0,1.0,0.0,0.0,0.0,0.0,2,9,1.0,0.0
real,0.4,164984,korean,0.0,1.0,0.0,0.0,0.0,0.0,2,7,1.0,0.0
real,0.5,164984,korean,0.0,1.0,0.0,0.0,0.0,0.0,2,7,1.0,0.0
real,0.0,165276,bollywood,0.1,0.9,0.1111,1.0,0.125,0.0741,7,9,0.4,0.6
real,0.05,165276,bollywood,0.2,0.9,0.2222,1.0,0.2,0.1617,6,9,0.5,0.5
real,0.1,165276,bollywood,0.2,0.9,0.2222,1.0,0.25,0.1796,5,8,0.6,0.4
real,0.15,165276,bollywood,0.2,0.9,0.2222,1.0,0.3333,0.2012,3,10,0.8,0.2
real,0.2,165276,bollywood,0.2,0.9,0.2222,1.0,0.3333,0.2085,2,11,0.9,0.1
real,0.3,165276,bollywood,0.2,0.9,0.2222,1.0,0.3333,0.2085,1,9,1.0,0.0
real,0.4,165276,bollywood,0.2,0.9,0.2222,1.0,0.3333,0.2085,2,7,1.0,0.0
real,0.5,165276,bollywood,0.2,0.9,0.2222,1.0,0.125,0.1421,2,7,1.0,0.0
real,0.0,165516,hollywood,0.3,1.0,0.1364,1.0,0.5,0.3188,1,7,1.0,0.0
real,0.05,165516,hollywood,0.3,1.0,0.1364,1.0,0.5,0.3188,1,7,1.0,0.0
real,0.1,165516,hollywood,0.3,1.0,0.1364,1.0,0.5,0.3188,1,7,1.0,0.0
real,0.15,165516,hollywood,0.3,1.0,0.1364,1.0,0.5,0.3188,1,7,1.0,0.0
real,0.2,165516,hollywood,0.3,1.0,0.1364,1.0,0.5,0.3188,1,7,1.0,0.0
real,0.3,165516,hollywood,0.3,1.0,0.1364,1.0,0.5,0.3188,1,7,1.0,0.0
real,0.4,165516,hollywood,0.3,1.0,0.1364,1.0,0.3333,0.29,1,7,1.0,0.0
real,0.5,165516,hollywood,0.3,1.0,0.1364,1.0,0.3333,0.29,1,7,1.0,0.0
real,0.0,165577,anime,0.0,0.7,0.0,0.0,0.0,0.0,4,7,0.7,0.3
real,0.05,165577,anime,0.0,0.7,0.0,0.0,0.0,0.0,4,7,0.7,0.3
real,0.1,165577,anime,0.0,0.7,0.0,0.0,0.0,0.0,3,8,0.9,0.1
real,0.15,165577,anime,0.0,0.7,0.0,0.0,0.0,0.0,2,8,1.0,0.0
real,0.2,165577,anime,0.0,0.7,0.0,0.0,0.0,0.0,2,8,1.0,0.0
real,0.3,165577,anime,0.0,0.7,0.0,0.0,0.0,0.0,2,8,1.0,0.0
real,0.4,165577,anime,0.0,0.7,0.0,0.0,0.0,0.0,2,9,1.0,0.0
real,0.5,165577,anime,0.0,0.7,0.0,0.0,0.0,0.0,2,10,1.0,0.0
real,0.0,166278,hollywood,0.1,1.0,0.0909,1.0,1.0,0.2201,3,11,0.6,0.4
real,0.05,166278,hollywood,0.1,1.0,0.0909,1.0,1.0,0.2201,3,9,0.7,0.3
real,0.1,166278,hollywood,0.1,1.0,0.0909,1.0,1.0,0.2201,3,9,0.8,0.2
real,0.15,166278,hollywood,0.2,1.0,0.1818,1.0,1.0,0.2863,1,8,1.0,0.0
real,0.2,166278,hollywood,0.2,1.0,0.1818,1.0,0.5,0.2025,1,8,1.0,0.0
real,0.3,166278,hollywood,0.2,1.0,0.1818,1.0,0.5,0.2025,1,8,1.0,0.0
real,0.4,166278,hollywood,0.2,1.0,0.1818,1.0,0.5,0.2025,1,8,1.0,0.0
real,0.5,166278,hollywood,0.1,1.0,0.0909,1.0,0.5,0.1389,1,10,1.0,0.0
real,0.0,166434,hollywood,0.2,1.0,0.0408,1.0,1.0,0.2935,4,14,0.7,0.3
real,0.05,166434,hollywood,0.3,1.0,0.0612,1.0,1.0,0.3621,3,14,0.8,0.2
real,0.1,166434,hollywood,0.3,1.0,0.0612,1.0,1.0,0.3647,2,13,0.9,0.1
real,0.15,166434,hollywood,0.3,1.0,0.0612,1.0,1.0,0.3715,2,13,0.9,0.1
real,0.2,166434,hollywood,0.3,1.0,0.0612,1.0,1.0,0.3747,1,8,1.0,0.0
real,0.3,166434,hollywood,0.3,1.0,0.0612,1.0,1.0,0.3786,1,8,1.0,0.0
real,0.4,166434,hollywood,0.3,1.0,0.0612,1.0,1.0,0.3786,1,8,1.0,0.0
real,0.5,166434,hollywood,0.3,1.0,0.0612,1.0,1.0,0.3836,1,8,1.0,0.0
real,0.0,166732,anime,0.0,0.9,0.0,0.0,0.0,0.0,3,9,0.9,0.1
real,0.05,166732,anime,0.0,0.9,0.0,0.0,0.0,0.0,2,9,1.0,0.0
real,0.1,166732,anime,0.0,0.9,0.0,0.0,0.0,0.0,2,9,1.0,0.0
real,0.15,166732,anime,0.0,0.9,0.0,0.0,0.0,0.0,2,10,1.0,0.0
real,0.2,166732,anime,0.0,0.9,0.0,0.0,0.0,0.0,2,10,1.0,0.0
real,0.3,166732,anime,0.0,0.9,0.0,0.0,0.0,0.0,2,10,1.0,0.0
real,0.4,166732,anime,0.0,0.9,0.0,0.0,0.0,0.0,2,10,1.0,0.0
real,0.5,166732,anime,0.0,0.9,0.0,0.0,0.0,0.0,2,10,1.0,0.0
real,0.0,166817,hollywood,0.3,1.0,0.1304,1.0,1.0,0.4,4,9,0.7,0.3
real,0.05,166817,hollywood,0.3,1.0,0.1304,1.0,1.0,0.4153,4,9,0.7,0.3
real,0.1,166817,hollywood,0.3,1.0,0.1304,1.0,1.0,0.4249,2,7,0.9,0.1
real,0.15,166817,hollywood,0.4,1.0,0.1739,1.0,1.0,0.4885,1,7,1.0,0.0
real,0.2,166817,hollywood,0.4,1.0,0.1739,1.0,1.0,0.4885,1,7,1.0,0.0
real,0.3,166817,hollywood,0.4,1.0,0.1739,1.0,1.0,0.4912,1,7,1.0,0.0
real,0.4,166817,hollywood,0.4,1.0,0.1739,1.0,1.0,0.4912,1,7,1.0,0.0
real,0.5,166817,hollywood,0.4,1.0,0.1739,1.0,1.0,0.4912,1,6,1.0,0.0
real,0.0,166985,anime,0.0,1.0,0.0,0.0,0.0,0.0,4,8,0.6,0.4
real,0.05,166985,anime,0.0,1.0,0.0,0.0,0.0,0.0,4,8,0.6,0.4
real,0.1,166985,anime,0.0,1.0,0.0,0.0,0.0,0.0,4,11,0.7,0.3
real,0.15,166985,anime,0.0,1.0,0.0,0.0,0.0,0.0,4,11,0.8,0.2
real,0.2,166985,anime,0.0,1.0,0.0,0.0,0.0,0.0,2,12,1.0,0.0
real,0.3,166985,anime,0.1,1.0,0.1,1.0,0.1111,0.0663,2,12,1.0,0.0
real,0.4,166985,anime,0.1,1.0,0.1,1.0,0.125,0.0694,2,12,1.0,0.0
real,0.5,166985,anime,0.1,1.0,0.1,1.0,0.125,0.0694,2,11,1.0,0.0
real,0.0,168503,korean,0.1,0.6,0.1667,1.0,0.5,0.1909,8,10,0.2,0.8
real,0.05,168503,korean,0.1,0.6,0.1667,1.0,0.5,0.1909,8,10,0.2,0.8
real,0.1,168503,korean,0.1,0.6,0.1667,1.0,0.3333,0.1513,8,10,0.2,0.8
real,0.15,168503,korean,0.1,0.6,0.1667,1.0,0.3333,0.1513,8,10,0.3,0.7
real,0.2,168503,korean,0.1,0.6,0.1667,1.0,0.25,0.1303,5,11,0.6,0.4
real,0.3,168503,korean,0.0,0.6,0.0,0.0,0.0,0.0,3,11,0.9,0.1
real,0.4,168503,korean,0.0,0.6,0.0,0.0,0.0,0.0,2,11,1.0,0.0
real,0.5,168503,korean,0.0,0.6,0.0,0.0,0.0,0.0,2,12,1.0,0.0
real,0.0,168673,hollywood,0.1,0.8,0.125,1.0,0.5,0.1596,3,12,0.8,0.2
real,0.05,168673,hollywood,0.1,0.8,0.125,1.0,0.5,0.1596,2,11,0.9,0.1
real,0.1,168673,hollywood,0.1,0.8,0.125,1.0,0.5,0.1596,1,11,1.0,0.0
real,0.15,168673,hollywood,0.1,0.8,0.125,1.0,0.5,0.1596,1,11,1.0,0.0
real,0.2,168673,hollywood,0.1,0.8,0.125,1.0,0.5,0.1596,1,11,1.0,0.0
real,0.3,168673,hollywood,0.1,0.8,0.125,1.0,0.5,0.1596,1,11,1.0,0.0
real,0.4,168673,hollywood,0.1,0.8,0.125,1.0,0.5,0.1596,1,11,1.0,0.0
real,0.5,168673,hollywood,0.1,0.8,0.125,1.0,0.5,0.1596,1,11,1.0,0.0
real,0.0,168760,hollywood,0.3,1.0,0.0625,1.0,0.2,0.2279,2,10,0.8,0.2
real,0.05,168760,hollywood,0.3,1.0,0.0625,1.0,0.25,0.2376,2,10,0.8,0.2
real,0.1,168760,hollywood,0.3,1.0,0.0625,1.0,0.3333,0.2618,2,8,0.9,0.1
real,0.15,168760,hollywood,0.3,1.0,0.0625,1.0,0.3333,0.2736,2,8,0.9,0.1
real,0.2,168760,hollywood,0.3,1.0,0.0625,1.0,0.3333,0.2686,1,9,1.0,0.0
real,0.3,168760,hollywood,0.3,1.0,0.0625,1.0,0.5,0.2974,1,9,1.0,0.0
real,0.4,168760,hollywood,0.3,1.0,0.0625,1.0,0.5,0.2974,1,9,1.0,0.0
real,0.5,168760,hollywood,0.3,1.0,0.0625,1.0,0.5,0.2974,1,9,1.0,0.0
real,0.0,169899,hollywood,0.4,1.0,0.1111,1.0,1.0,0.4734,1,11,1.0,0.0
real,0.05,169899,hollywood,0.4,1.0,0.1111,1.0,1.0,0.4734,1,11,1.0,0.0
real,0.1,169899,hollywood,0.4,1.0,0.1111,1.0,1.0,0.4695,1,11,1.0,0.0
real,0.15,169899,hollywood,0.4,1.0,0.1111,1.0,1.0,0.4695,1,11,1.0,0.0
real,0.2,169899,hollywood,0.4,1.0,0.1111,1.0,1.0,0.4695,1,11,1.0,0.0
real,0.3,169899,hollywood,0.4,1.0,0.1111,1.0,1.0,0.4666,1,11,1.0,0.0
real,0.4,169899,hollywood,0.4,1.0,0.1111,1.0,1.0,0.4666,1,11,1.0,0.0
real,0.5,169899,hollywood,0.4,1.0,0.1111,1.0,1.0,0.4409,1,11,1.0,0.0
real,0.0,170038,mixed,0.0,1.0,0.0,0.0,0.0,0.0,6,12,0.5,0.5
real,0.05,170038,mixed,0.2,1.0,0.0952,1.0,0.125,0.1331,3,10,0.8,0.2
real,0.1,170038,mixed,0.2,1.0,0.0952,1.0,0.1429,0.137,2,11,0.9,0.1
real,0.15,170038,mixed,0.2,1.0,0.0952,1.0,0.125,0.1357,1,11,1.0,0.0
real,0.2,170038,mixed,0.2,1.0,0.0952,1.0,0.125,0.1357,1,10,1.0,0.0
real,0.3,170038,mixed,0.1,1.0,0.0476,1.0,0.1,0.0636,1,12,1.0,0.0
real,0.4,170038,mixed,0.0,1.0,0.0,0.0,0.0,0.0,1,12,1.0,0.0
real,0.5,170038,mixed,0.0,1.0,0.0,0.0,0.0,0.0,1,12,1.0,0.0
real,0.0,170801,bollywood,0.0,1.0,0.0,0.0,0.0,0.0,5,9,0.4,0.6
real,0.05,170801,bollywood,0.0,1.0,0.0,0.0,0.0,0.0,5,9,0.4,0.6
real,0.1,170801,bollywood,0.0,1.0,0.0,0.0,0.0,0.0,4,8,0.6,0.4
real,0.15,170801,bollywood,0.0,1.0,0.0,0.0,0.0,0.0,3,8,0.7,0.3
real,0.2,170801,bollywood,0.0,1.0,0.0,0.0,0.0,0.0,3,8,0.8,0.2
real,0.3,170801,bollywood,0.0,1.0,0.0,0.0,0.0,0.0,1,8,1.0,0.0
real,0.4,170801,bollywood,0.1,1.0,0.0435,1.0,0.2,0.0851,2,9,1.0,0.0
real,0.5,170801,bollywood,0.1,1.0,0.0435,1.0,1.0,0.2201,2,9,1.0,0.0
real,0.0,170834,hollywood,0.1,0.9,0.1111,1.0,0.1667,0.0837,2,8,0.9,0.1
real,0.05,170834,hollywood,0.1,0.9,0.1111,1.0,0.1667,0.0837,2,8,0.9,0.1
real,0.1,170834,hollywood,0.1,0.9,0.1111,1.0,0.2,0.0909,2,8,0.9,0.1
real,0.15,170834,hollywood,0.1,0.9,0.1111,1.0,0.2,0.0909,1,9,1.0,0.0
real,0.2,170834,hollywood,0.1,0.9,0.1111,1.0,0.2,0.0909,1,9,1.0,0.0
real,0.3,170834,hollywood,0.1,0.9,0.1111,1.0,0.2,0.0909,1,9,1.0,0.0
real,0.4,170834,hollywood,0.1,0.9,0.1111,1.0,0.2,0.0909,1,9,1.0,0.0
real,0.5,170834,hollywood,0.1,0.9,0.1111,1.0,0.1667,0.0837,1,9,1.0,0.0
real,0.0,171931,korean,0.0,0.9,0.0,0.0,0.0,0.0,4,9,0.6,0.4
real,0.05,171931,korean,0.0,0.9,0.0,0.0,0.0,0.0,2,9,0.8,0.2
real,0.1,171931,korean,0.0,0.9,0.0,0.0,0.0,0.0,2,9,0.9,0.1
real,0.15,171931,korean,0.0,0.9,0.0,0.0,0.0,0.0,2,9,0.9,0.1
real,0.2,171931,korean,0.0,0.9,0.0,0.0,0.0,0.0,2,8,1.0,0.0
real,0.3,171931,korean,0.1,0.9,0.1111,1.0,0.1429,0.0783,2,9,1.0,0.0
real,0.4,171931,korean,0.1,0.9,0.1111,1.0,0.25,0.1012,2,9,1.0,0.0
real,0.5,171931,korean,0.1,0.9,0.1111,1.0,0.3333,0.1175,1,9,1.0,0.0
real,0.0,173975,hollywood,0.2,1.0,0.0333,1.0,0.5,0.2025,3,9,0.7,0.3
real,0.05,173975,hollywood,0.3,1.0,0.05,1.0,0.5,0.2719,2,10,0.9,0.1
real,0.1,173975,hollywood,0.3,1.0,0.05,1.0,0.5,0.2719,2,10,0.9,0.1
real,0.15,173975,hollywood,0.3,1.0,0.05,1.0,0.5,0.2758,2,10,0.9,0.1
real,0.2,173975,hollywood,0.3,1.0,0.05,1.0,0.5,0.2835,1,11,1.0,0.0
real,0.3,173975,hollywood,0.3,1.0,0.05,1.0,0.5,0.2835,1,11,1.0,0.0
real,0.4,173975,hollywood,0.3,1.0,0.05,1.0,0.5,0.2835,1,11,1.0,0.0
real,0.5,173975,hollywood,0.3,1.0,0.05,1.0,0.5,0.2903,1,11,1.0,0.0
real,0.0,174012,hollywood,0.1,1.0,0.0714,1.0,0.5,0.1389,2,10,0.9,0.1
real,0.05,174012,hollywood,0.1,1.0,0.0714,1.0,0.5,0.1389,1,10,1.0,0.0
real,0.1,174012,hollywood,0.1,1.0,0.0714,1.0,0.5,0.1389,1,10,1.0,0.0
real,0.15,174012,hollywood,0.1,1.0,0.0714,1.0,0.5,0.1389,1,10,1.0,0.0
real,0.2,174012,hollywood,0.1,1.0,0.0714,1.0,0.5,0.1389,1,10,1.0,0.0
real,0.3,174012,hollywood,0.1,1.0,0.0714,1.0,0.5,0.1389,1,10,1.0,0.0
real,0.4,174012,hollywood,0.1,1.0,0.0714,1.0,0.5,0.1389,1,10,1.0,0.0
real,0.5,174012,hollywood,0.1,1.0,0.0714,1.0,0.5,0.1389,1,10,1.0,0.0
real,0.0,174161,korean,0.1,0.6,0.1667,1.0,0.25,0.1303,3,4,0.8,0.2
real,0.05,174161,korean,0.1,0.6,0.1667,1.0,0.25,0.1303,4,4,0.8,0.2
real,0.1,174161,korean,0.1,0.6,0.1667,1.0,0.3333,0.1513,4,4,0.8,0.2
real,0.15,174161,korean,0.1,0.6,0.1667,1.0,0.5,0.1909,4,4,0.8,0.2
real,0.2,174161,korean,0.1,0.6,0.1667,1.0,0.3333,0.1513,3,4,0.9,0.1
real,0.3,174161,korean,0.2,0.6,0.3333,1.0,0.3333,0.2591,2,7,1.0,0.0
real,0.4,174161,korean,0.2,0.6,0.3333,1.0,0.3333,0.2591,2,7,1.0,0.0
real,0.5,174161,korean,0.1,0.6,0.1667,1.0,0.3333,0.1513,1,9,1.0,0.0
real,0.0,174751,bollywood,0.0,1.0,0.0,0.0,0.0,0.0,5,8,0.7,0.3
real,0.05,174751,bollywood,0.1,1.0,0.0588,1.0,0.1111,0.0663,3,8,0.9,0.1
real,0.1,174751,bollywood,0.1,1.0,0.0588,1.0,0.1111,0.0663,3,8,0.9,0.1
real,0.15,174751,bollywood,0.1,1.0,0.0588,1.0,0.125,0.0694,3,8,0.9,0.1
real,0.2,174751,bollywood,0.2,1.0,0.1176,1.0,0.125,0.1331,2,8,1.0,0.0
real,0.3,174751,bollywood,0.2,1.0,0.1176,1.0,0.125,0.1331,2,8,1.0,0.0
real,0.4,174751,bollywood,0.2,1.0,0.1176,1.0,0.1667,0.142,2,9,1.0,0.0
real,0.5,174751,bollywood,0.2,1.0,0.1176,1.0,0.125,0.1331,2,9,1.0,0.0
real,0.0,175571,hollywood,0.1,1.0,0.0263,1.0,0.125,0.0694,5,13,0.5,0.5
real,0.05,175571,hollywood,0.1,1.0,0.0263,1.0,0.125,0.0694,5,13,0.5,0.5
real,0.1,175571,hollywood,0.1,1.0,0.0263,1.0,0.1429,0.0734,5,13,0.5,0.5
real,0.15,175571,hollywood,0.2,1.0,0.0526,1.0,0.1429,0.137,4,13,0.6,0.4
real,0.2,175571,hollywood,0.2,1.0,0.0526,1.0,0.1667,0.1447,4,13,0.7,0.3
real,0.3,175571,hollywood,0.2,1.0,0.0526,1.0,0.3333,0.1795,2,9,0.9,0.1
real,0.4,175571,hollywood,0.2,1.0,0.0526,1.0,0.3333,0.1834,1,9,1.0,0.0
real,0.5,175571,hollywood,0.2,1.0,0.0526,1.0,0.3333,0.1834,1,9,1.0,0.0
real,0.0,176248,bollywood,0.0,0.7,0.0,0.0,0.0,0.0,3,8,0.9,0.1
real,0.05,176248,bollywood,0.0,0.7,0.0,0.0,0.0,0.0,3,8,0.9,0.1
real,0.1,176248,bollywood,0.0,0.7,0.0,0.0,0.0,0.0,3,8,0.9,0.1
real,0.15,176248,bollywood,0.0,0.7,0.0,0.0,0.0,0.0,3,8,0.9,0.1
real,0.2,176248,bollywood,0.0,0.7,0.0,0.0,0.0,0.0,3,8,0.9,0.1
real,0.3,176248,bollywood,0.1,0.7,0.1429,1.0,0.1,0.0795,2,9,1.0,0.0
real,0.4,176248,bollywood,0.1,0.7,0.1429,1.0,0.1111,0.0827,2,10,1.0,0.0
real,0.5,176248,bollywood,0.0,0.7,0.0,0.0,0.0,0.0,2,9,1.0,0.0
real,0.0,176900,hollywood,0.0,0.7,0.0,0.0,0.0,0.0,6,9,0.4,0.6
real,0.05,176900,hollywood,0.0,0.7,0.0,0.0,0.0,0.0,5,8,0.6,0.4
real,0.1,176900,hollywood,0.0,0.7,0.0,0.0,0.0,0.0,4,8,0.7,0.3
real,0.15,176900,hollywood,0.0,0.7,0.0,0.0,0.0,0.0,3,8,0.8,0.2
real,0.2,176900,hollywood,0.0,0.7,0.0,0.0,0.0,0.0,3,8,0.8,0.2
real,0.3,176900,hollywood,0.0,0.7,0.0,0.0,0.0,0.0,1,7,1.0,0.0
real,0.4,176900,hollywood,0.0,0.7,0.0,0.0,0.0,0.0,1,7,1.0,0.0
real,0.5,176900,hollywood,0.0,0.7,0.0,0.0,0.0,0.0,1,8,1.0,0.0
real,0.0,178491,hollywood,0.1,0.8,0.125,1.0,0.25,0.1089,1,9,1.0,0.0
real,0.05,178491,hollywood,0.1,0.8,0.125,1.0,0.25,0.1089,1,9,1.0,0.0
real,0.1,178491,hollywood,0.1,0.8,0.125,1.0,0.25,0.1089,1,9,1.0,0.0
real,0.15,178491,hollywood,0.1,0.8,0.125,1.0,0.25,0.1089,1,9,1.0,0.0
real,0.2,178491,hollywood,0.1,0.8,0.125,1.0,0.25,0.1089,1,9,1.0,0.0
real,0.3,178491,hollywood,0.1,0.8,0.125,1.0,0.25,0.1089,1,9,1.0,0.0
real,0.4,178491,hollywood,0.1,0.8,0.125,1.0,0.3333,0.1265,1,9,1.0,0.0
real,0.5,178491,hollywood,0.1,0.8,0.125,1.0,0.3333,0.1265,1,9,1.0,0.0
real,0.0,178792,korean,0.0,0.5,0.0,0.0,0.0,0.0,6,11,0.7,0.3
real,0.05,178792,korean,0.0,0.5,0.0,0.0,0.0,0.0,5,11,0.8,0.2
real,0.1,178792,korean,0.0,0.5,0.0,0.0,0.0,0.0,4,11,0.9,0.1
real,0.15,178792,korean,0.0,0.5,0.0,0.0,0.0,0.0,3,11,1.0,0.0
real,0.2,178792,korean,0.0,0.5,0.0,0.0,0.0,0.0,3,11,1.0,0.0
real,0.3,178792,korean,0.0,0.5,0.0,0.0,0.0,0.0,2,12,1.0,0.0
real,0.4,178792,korean,0.0,0.5,0.0,0.0,0.0,0.0,2,12,1.0,0.0
real,0.5,178792,korean,0.0,0.5,0.0,0.0,0.0,0.0,2,10,1.0,0.0
real,0.0,179329,bollywood,0.0,0.7,0.0,0.0,0.0,0.0,2,7,0.9,0.1
real,0.05,179329,bollywood,0.0,0.7,0.0,0.0,0.0,0.0,1,6,1.0,0.0
real,0.1,179329,bollywood,0.0,0.7,0.0,0.0,0.0,0.0,1,6,1.0,0.0
real,0.15,179329,bollywood,0.0,0.7,0.0,0.0,0.0,0.0,1,6,1.0,0.0
real,0.2,179329,bollywood,0.0,0.7,0.0,0.0,0.0,0.0,2,8,1.0,0.0
real,0.3,179329,bollywood,0.0,0.7,0.0,0.0,0.0,0.0,2,8,1.0,0.0
real,0.4,179329,bollywood,0.0,0.7,0.0,0.0,0.0,0.0,2,8,1.0,0.0
real,0.5,179329,bollywood,0.2,0.7,0.2857,1.0,0.1429,0.1711,2,9,1.0,0.0
real,0.0,179987,korean,0.0,1.0,0.0,0.0,0.0,0.0,5,11,0.7,0.3
real,0.05,179987,korean,0.0,1.0,0.0,0.0,0.0,0.0,4,10,0.8,0.2
real,0.1,179987,korean,0.1,1.0,0.0769,1.0,0.1429,0.0734,4,10,0.9,0.1
real,0.15,179987,korean,0.1,1.0,0.0769,1.0,0.2,0.0851,3,10,1.0,0.0
real,0.2,179987,korean,0.1,1.0,0.0769,1.0,0.2,0.0851,3,11,1.0,0.0
real,0.3,179987,korean,0.1,1.0,0.0769,1.0,0.2,0.0851,2,12,1.0,0.0
real,0.4,179987,korean,0.1,1.0,0.0769,1.0,0.2,0.0851,2,12,1.0,0.0
real,0.5,179987,korean,0.1,1.0,0.0769,1.0,0.2,0.0851,2,12,1.0,0.0
real,0.0,180491,mixed,0.2,0.8,0.25,1.0,0.5,0.2357,5,3,0.6,0.4
real,0.05,180491,mixed,0.2,0.8,0.25,1.0,0.5,0.2439,5,3,0.6,0.4
real,0.1,180491,mixed,0.2,0.8,0.25,1.0,0.2,0.1822,2,3,0.9,0.1
real,0.15,180491,mixed,0.2,0.8,0.25,1.0,0.1667,0.1744,2,3,0.9,0.1
real,0.2,180491,mixed,0.1,0.8,0.125,1.0,0.1667,0.0901,1,5,1.0,0.0
real,0.3,180491,mixed,0.1,0.8,0.125,1.0,0.1667,0.0901,1,5,1.0,0.0
real,0.4,180491,mixed,0.1,0.8,0.125,1.0,0.1667,0.0901,1,3,1.0,0.0
real,0.5,180491,mixed,0.1,0.8,0.125,1.0,0.1429,0.0843,1,3,1.0,0.0
real,0.0,180559,anime,0.0,0.5,0.0,0.0,0.0,0.0,3,7,0.9,0.1
real,0.05,180559,anime,0.0,0.5,0.0,0.0,0.0,0.0,3,7,0.9,0.1
real,0.1,180559,anime,0.0,0.5,0.0,0.0,0.0,0.0,2,7,1.0,0.0
real,0.15,180559,anime,0.0,0.5,0.0,0.0,0.0,0.0,2,7,1.0,0.0
real,0.2,180559,anime,0.0,0.5,0.0,0.0,0.0,0.0,2,7,1.0,0.0
real,0.3,180559,anime,0.0,0.5,0.0,0.0,0.0,0.0,2,7,1.0,0.0
real,0.4,180559,anime,0.0,0.5,0.0,0.0,0.0,0.0,1,7,1.0,0.0
real,0.5,180559,anime,0.0,0.5,0.0,0.0,0.0,0.0,1,9,1.0,0.0
real,0.0,180976,anime,0.0,1.0,0.0,0.0,0.0,0.0,3,12,0.8,0.2
real,0.05,180976,anime,0.0,1.0,0.0,0.0,0.0,0.0,3,12,0.8,0.2
real,0.1,180976,anime,0.0,1.0,0.0,0.0,0.0,0.0,3,12,0.9,0.1
real,0.15,180976,anime,0.0,1.0,0.0,0.0,0.0,0.0,3,12,0.9,0.1
real,0.2,180976,anime,0.1,1.0,0.0833,1.0,0.1,0.0636,2,12,1.0,0.0
real,0.3,180976,anime,0.1,1.0,0.0833,1.0,0.125,0.0694,2,13,1.0,0.0
real,0.4,180976,anime,0.1,1.0,0.0833,1.0,0.25,0.0948,2,13,1.0,0.0
real,0.5,180976,anime,0.1,1.0,0.0833,1.0,0.5,0.1389,1,13,1.0,0.0
real,0.0,181758,bollywood,0.0,0.3,0.0,0.0,0.0,0.0,5,9,0.6,0.4
real,0.05,181758,bollywood,0.0,0.3,0.0,0.0,0.0,0.0,5,9,0.7,0.3
real,0.1,181758,bollywood,0.0,0.3,0.0,0.0,0.0,0.0,4,9,0.8,0.2
real,0.15,181758,bollywood,0.0,0.3,0.0,0.0,0.0,0.0,2,9,1.0,0.0
real,0.2,181758,bollywood,0.0,0.3,0.0,0.0,0.0,0.0,2,9,1.0,0.0
real,0.3,181758,bollywood,0.0,0.3,0.0,0.0,0.0,0.0,2,9,1.0,0.0
real,0.4,181758,bollywood,0.0,0.3,0.0,0.0,0.0,0.0,2,9,1.0,0.0
real,0.5,181758,bollywood,0.1,0.3,0.3333,1.0,0.1667,0.1672,2,8,1.0,0.0
real,0.0,181820,anime,0.0,0.4,0.0,0.0,0.0,0.0,4,13,0.5,0.5
real,0.05,181820,anime,0.0,0.4,0.0,0.0,0.0,0.0,4,11,0.6,0.4
real,0.1,181820,anime,0.1,0.4,0.25,1.0,0.1,0.1128,4,11,0.7,0.3
real,0.15,181820,anime,0.2,0.4,0.5,1.0,0.1111,0.2304,3,10,0.8,0.2
real,0.2,181820,anime,0.2,0.4,0.5,1.0,0.1111,0.2304,3,10,0.8,0.2
real,0.3,181820,anime,0.3,0.4,0.75,1.0,0.125,0.3535,2,10,0.9,0.1
real,0.4,181820,anime,0.3,0.4,0.75,1.0,0.1429,0.3605,1,10,1.0,0.0
real,0.5,181820,anime,0.1,0.4,0.25,1.0,0.25,0.1681,1,11,1.0,0.0
real,0.0,181891,korean,0.1,1.0,0.0476,1.0,1.0,0.2201,3,5,0.8,0.2
real,0.05,181891,korean,0.1,1.0,0.0476,1.0,1.0,0.2201,3,5,0.9,0.1
real,0.1,181891,korean,0.1,1.0,0.0476,1.0,1.0,0.2201,3,5,0.9,0.1
real,0.15,181891,korean,0.1,1.0,0.0476,1.0,0.5,0.1389,2,6,1.0,0.0
real,0.2,181891,korean,0.1,1.0,0.0476,1.0,0.3333,0.11,2,6,1.0,0.0
real,0.3,181891,korean,0.1,1.0,0.0476,1.0,0.3333,0.11,2,7,1.0,0.0
real,0.4,181891,korean,0.1,1.0,0.0476,1.0,0.2,0.0851,2,7,1.0,0.0
real,0.5,181891,korean,0.0,1.0,0.0,0.0,0.0,0.0,1,7,1.0,0.0
real,0.0,183690,hollywood,0.1,1.0,0.0714,1.0,1.0,0.2201,6,8,0.5,0.5
real,0.05,183690,hollywood,0.2,1.0,0.1429,1.0,1.0,0.2863,5,9,0.6,0.4
real,0.1,183690,hollywood,0.2,1.0,0.1429,1.0,1.0,0.2935,4,10,0.7,0.3
real,0.15,183690,hollywood,0.2,1.0,0.1429,1.0,1.0,0.2985,2,11,0.9,0.1
real,0.2,183690,hollywood,0.2,1.0,0.1429,1.0,1.0,0.2985,1,11,1.0,0.0
real,0.3,183690,hollywood,0.2,1.0,0.1429,1.0,1.0,0.2985,1,11,1.0,0.0
real,0.4,183690,hollywood,0.2,1.0,0.1429,1.0,1.0,0.2985,1,11,1.0,0.0
real,0.5,183690,hollywood,0.2,1.0,0.1429,1.0,1.0,0.2935,1,11,1.0,0.0
real,0.0,184831,hollywood,0.0,1.0,0.0,0.0,0.0,0.0,4,8,0.6,0.4
real,0.05,184831,hollywood,0.0,1.0,0.0,0.0,0.0,0.0,3,9,0.7,0.3
real,0.1,184831,hollywood,0.0,1.0,0.0,0.0,0.0,0.0,1,10,1.0,0.0
real,0.15,184831,hollywood,0.0,1.0,0.0,0.0,0.0,0.0,1,10,1.0,0.0
real,0.2,184831,hollywood,0.0,1.0,0.0,0.0,0.0,0.0,1,10,1.0,0.0
real,0.3,184831,hollywood,0.0,1.0,0.0,0.0,0.0,0.0,1,10,1.0,0.0
real,0.4,184831,hollywood,0.0,1.0,0.0,0.0,0.0,0.0,1,10,1.0,0.0
real,0.5,184831,hollywood,0.0,1.0,0.0,0.0,0.0,0.0,1,10,1.0,0.0
real,0.0,184993,mixed,0.1,1.0,0.0909,1.0,0.3333,0.11,7,10,0.3,0.7
real,0.05,184993,mixed,0.1,1.0,0.0909,1.0,1.0,0.2201,5,10,0.5,0.5
real,0.1,184993,mixed,0.1,1.0,0.0909,1.0,1.0,0.2201,5,11,0.6,0.4
real,0.15,184993,mixed,0.1,1.0,0.0909,1.0,1.0,0.2201,3,12,0.8,0.2
real,0.2,184993,mixed,0.1,1.0,0.0909,1.0,1.0,0.2201,3,12,0.8,0.2
real,0.3,184993,mixed,0.1,1.0,0.0909,1.0,1.0,0.2201,1,9,1.0,0.0
real,0.4,184993,mixed,0.1,1.0,0.0909,1.0,0.5,0.1389,1,9,1.0,0.0
real,0.5,184993,mixed,0.1,1.0,0.0909,1.0,0.5,0.1389,1,9,1.0,0.0
real,0.0,185292,hollywood,0.0,0.8,0.0,0.0,0.0,0.0,2,11,0.9,0.1
real,0.05,185292,hollywood,0.0,0.8,0.0,0.0,0.0,0.0,2,11,0.9,0.1
real,0.1,185292,hollywood,0.0,0.8,0.0,0.0,0.0,0.0,1,11,1.0,0.0
real,0.15,185292,hollywood,0.0,0.8,0.0,0.0,0.0,0.0,1,11,1.0,0.0
real,0.2,185292,hollywood,0.0,0.8,0.0,0.0,0.0,0.0,1,11,1.0,0.0
real,0.3,185292,hollywood,0.0,0.8,0.0,0.0,0.0,0.0,1,11,1.0,0.0
real,0.4,185292,hollywood,0.0,0.8,0.0,0.0,0.0,0.0,1,11,1.0,0.0
real,0.5,185292,hollywood,0.0,0.8,0.0,0.0,0.0,0.0,1,11,1.0,0.0
real,0.0,185468,hollywood,0.0,1.0,0.0,0.0,0.0,0.0,3,7,0.8,0.2
real,0.05,185468,hollywood,0.0,1.0,0.0,0.0,0.0,0.0,2,7,0.9,0.1
real,0.1,185468,hollywood,0.0,1.0,0.0,0.0,0.0,0.0,2,7,0.9,0.1
real,0.15,185468,hollywood,0.0,1.0,0.0,0.0,0.0,0.0,1,7,1.0,0.0
real,0.2,185468,hollywood,0.0,1.0,0.0,0.0,0.0,0.0,1,7,1.0,0.0
real,0.3,185468,hollywood,0.0,1.0,0.0,0.0,0.0,0.0,1,7,1.0,0.0
real,0.4,185468,hollywood,0.0,1.0,0.0,0.0,0.0,0.0,1,7,1.0,0.0
real,0.5,185468,hollywood,0.0,1.0,0.0,0.0,0.0,0.0,1,7,1.0,0.0
real,0.0,185871,hollywood,0.4,1.0,0.0494,1.0,0.5,0.4288,2,10,0.7,0.3
real,0.05,185871,hollywood,0.4,1.0,0.0494,1.0,1.0,0.5232,2,10,0.8,0.2
real,0.1,185871,hollywood,0.4,1.0,0.0494,1.0,1.0,0.5353,1,9,0.9,0.1
real,0.15,185871,hollywood,0.4,1.0,0.0494,1.0,1.0,0.5353,1,8,1.0,0.0
real,0.2,185871,hollywood,0.4,1.0,0.0494,1.0,1.0,0.5353,1,8,1.0,0.0
real,0.3,185871,hollywood,0.5,1.0,0.0617,1.0,1.0,0.5989,1,5,1.0,0.0
real,0.4,185871,hollywood,0.5,1.0,0.0617,1.0,1.0,0.5989,1,5,1.0,0.0
real,0.5,185871,hollywood,0.5,1.0,0.0617,1.0,1.0,0.5989,1,5,1.0,0.0
real,0.0,185891,hollywood,0.1,1.0,0.0909,1.0,0.1429,0.0734,5,12,0.3,0.7
real,0.05,185891,hollywood,0.1,1.0,0.0909,1.0,0.1111,0.0663,5,10,0.5,0.5
real,0.1,185891,hollywood,0.0,1.0,0.0,0.0,0.0,0.0,5,10,0.6,0.4
real,0.15,185891,hollywood,0.0,1.0,0.0,0.0,0.0,0.0,2,9,0.9,0.1
real,0.2,185891,hollywood,0.0,1.0,0.0,0.0,0.0,0.0,2,9,0.9,0.1
real,0.3,185891,hollywood,0.0,1.0,0.0,0.0,0.0,0.0,1,8,1.0,0.0
real,0.4,185891,hollywood,0.0,1.0,0.0,0.0,0.0,0.0,1,8,1.0,0.0
real,0.5,185891,hollywood,0.0,1.0,0.0,0.0,0.0,0.0,1,8,1.0,0.0
real,0.0,186015,hollywood,0.1,0.3,0.3333,1.0,0.2,0.1815,2,8,0.9,0.1
real,0.05,186015,hollywood,0.1,0.3,0.3333,1.0,0.2,0.1815,1,7,1.0,0.0
real,0.1,186015,hollywood,0.1,0.3,0.3333,1.0,0.2,0.1815,1,7,1.0,0.0
real,0.15,186015,hollywood,0.1,0.3,0.3333,1.0,0.2,0.1815,1,7,1.0,0.0
real,0.2,186015,hollywood,0.1,0.3,0.3333,1.0,0.2,0.1815,1,7,1.0,0.0
real,0.3,186015,hollywood,0.1,0.3,0.3333,1.0,0.2,0.1815,1,7,1.0,0.0
real,0.4,186015,hollywood,0.1,0.3,0.3333,1.0,0.2,0.1815,1,7,1.0,0.0
real,0.5,186015,hollywood,0.1,0.3,0.3333,1.0,0.2,0.1815,1,7,1.0,0.0
real,0.0,186763,mixed,0.0,1.0,0.0,0.0,0.0,0.0,5,10,0.6,0.4
real,0.05,186763,mixed,0.0,1.0,0.0,0.0,0.0,0.0,4,10,0.7,0.3
real,0.1,186763,mixed,0.0,1.0,0.0,0.0,0.0,0.0,4,10,0.8,0.2
real,0.15,186763,mixed,0.0,1.0,0.0,0.0,0.0,0.0,2,10,1.0,0.0
real,0.2,186763,mixed,0.0,1.0,0.0,0.0,0.0,0.0,2,10,1.0,0.0
real,0.3,186763,mixed,0.0,1.0,0.0,0.0,0.0,0.0,2,10,1.0,0.0
real,0.4,186763,mixed,0.0,1.0,0.0,0.0,0.0,0.0,2,10,1.0,0.0
real,0.5,186763,mixed,0.1,1.0,0.0588,1.0,0.1429,0.0734,1,9,1.0,0.0
real,0.0,187192,hollywood,0.1,0.4,0.25,1.0,0.5,0.2463,1,8,1.0,0.0
real,0.05,187192,hollywood,0.1,0.4,0.25,1.0,0.5,0.2463,1,8,1.0,0.0
real,0.1,187192,hollywood,0.1,0.4,0.25,1.0,0.5,0.2463,1,8,1.0,0.0
real,0.15,187192,hollywood,0.1,0.4,0.25,1.0,0.5,0.2463,1,8,1.0,0.0
real,0.2,187192,hollywood,0.1,0.4,0.25,1.0,0.5,0.2463,1,8,1.0,0.0
real,0.3,187192,hollywood,0.1,0.4,0.25,1.0,0.5,0.2463,1,8,1.0,0.0
real,0.4,187192,hollywood,0.1,0.4,0.25,1.0,0.3333,0.1952,1,8,1.0,0.0
real,0.5,187192,hollywood,0.1,0.4,0.25,1.0,0.3333,0.1952,1,8,1.0,0.0
real,0.0,187263,hollywood,0.3,1.0,0.2143,1.0,0.3333,0.2579,2,10,0.9,0.1
real,0.05,187263,hollywood,0.3,1.0,0.2143,1.0,0.3333,0.2618,1,10,1.0,0.0
real,0.1,187263,hollywood,0.3,1.0,0.2143,1.0,0.3333,0.2618,1,10,1.0,0.0
real,0.15,187263,hollywood,0.3,1.0,0.2143,1.0,0.3333,0.2686,1,10,1.0,0.0
real,0.2,187263,hollywood,0.3,1.0,0.2143,1.0,0.3333,0.2686,1,10,1.0,0.0
real,0.3,187263,hollywood,0.3,1.0,0.2143,1.0,0.3333,0.2743,1,10,1.0,0.0
real,0.4,187263,hollywood,0.3,1.0,0.2143,1.0,0.3333,0.2711,1,10,1.0,0.0
real,0.5,187263,hollywood,0.2,1.0,0.1429,1.0,0.3333,0.1952,1,10,1.0,0.0
real,0.0,187725,korean,0.0,0.3,0.0,0.0,0.0,0.0,6,7,0.4,0.6
real,0.05,187725,korean,0.0,0.3,0.0,0.0,0.0,0.0,4,8,0.7,0.3
real,0.1,187725,korean,0.0,0.3,0.0,0.0,0.0,0.0,3,7,0.9,0.1
real,0.15,187725,korean,0.0,0.3,0.0,0.0,0.0,0.0,3,8,0.9,0.1
real,0.2,187725,korean,0.0,0.3,0.0,0.0,0.0,0.0,3,9,0.9,0.1
real,0.3,187725,korean,0.0,0.3,0.0,0.0,0.0,0.0,2,10,1.0,0.0
real,0.4,187725,korean,0.0,0.3,0.0,0.0,0.0,0.0,2,11,1.0,0.0
real,0.5,187725,korean,0.0,0.3,0.0,0.0,0.0,0.0,1,11,1.0,0.0
real,0.0,188107,bollywood,0.0,0.4,0.0,0.0,0.0,0.0,7,11,0.1,0.9
real,0.05,188107,bollywood,0.0,0.4,0.0,0.0,0.0,0.0,7,11,0.3,0.7
real,0.1,188107,bollywood,0.0,0.4,0.0,0.0,0.0,0.0,5,9,0.5,0.5
real,0.15,188107,bollywood,0.0,0.4,0.0,0.0,0.0,0.0,4,9,0.6,0.4
real,0.2,188107,bollywood,0.0,0.4,0.0,0.0,0.0,0.0,4,11,0.8,0.2
real,0.3,188107,bollywood,0.0,0.4,0.0,0.0,0.0,0.0,2,12,1.0,0.0
real,0.4,188107,bollywood,0.0,0.4,0.0,0.0,0.0,0.0,2,13,1.0,0.0
real,0.5,188107,bollywood,0.0,0.4,0.0,0.0,0.0,0.0,1,11,1.0,0.0
real,0.0,188378,mixed,0.1,1.0,0.0588,1.0,1.0,0.2201,5,9,0.5,0.5
real,0.05,188378,mixed,0.1,1.0,0.0588,1.0,1.0,0.2201,5,9,0.6,0.4
real,0.1,188378,mixed,0.1,1.0,0.0588,1.0,1.0,0.2201,3,8,0.8,0.2
real,0.15,188378,mixed,0.1,1.0,0.0588,1.0,1.0,0.2201,3,8,0.8,0.2
real,0.2,188378,mixed,0.1,1.0,0.0588,1.0,1.0,0.2201,2,8,0.9,0.1
real,0.3,188378,mixed,0.1,1.0,0.0588,1.0,1.0,0.2201,1,5,1.0,0.0
real,0.4,188378,mixed,0.1,1.0,0.0588,1.0,1.0,0.2201,1,5,1.0,0.0
real,0.5,188378,mixed,0.1,1.0,0.0588,1.0,1.0,0.2201,1,5,1.0,0.0
real,0.0,188862,anime,0.0,0.6,0.0,0.0,0.0,0.0,3,9,0.8,0.2
real,0.05,188862,anime,0.0,0.6,0.0,0.0,0.0,0.0,3,9,0.8,0.2
real,0.1,188862,anime,0.0,0.6,0.0,0.0,0.0,0.0,3,9,0.9,0.1
real,0.15,188862,anime,0.0,0.6,0.0,0.0,0.0,0.0,3,10,0.9,0.1
real,0.2,188862,anime,0.0,0.6,0.0,0.0,0.0,0.0,2,10,1.0,0.0
real,0.3,188862,anime,0.0,0.6,0.0,0.0,0.0,0.0,2,10,1.0,0.0
real,0.4,188862,anime,0.0,0.6,0.0,0.0,0.0,0.0,2,9,1.0,0.0
real,0.5,188862,anime,0.0,0.6,0.0,0.0,0.0,0.0,2,8,1.0,0.0
real,0.0,189764,anime,0.0,0.5,0.0,0.0,0.0,0.0,4,11,0.6,0.4
real,0.05,189764,anime,0.0,0.5,0.0,0.0,0.0,0.0,4,11,0.8,0.2
real,0.1,189764,anime,0.0,0.5,0.0,0.0,0.0,0.0,3,10,0.9,0.1
real,0.15,189764,anime,0.0,0.5,0.0,0.0,0.0,0.0,2,11,1.0,0.0
real,0.2,189764,anime,0.0,0.5,0.0,0.0,0.0,0.0,2,11,1.0,0.0
real,0.3,189764,anime,0.0,0.5,0.0,0.0,0.0,0.0,1,9,1.0,0.0
real,0.4,189764,anime,0.0,0.5,0.0,0.0,0.0,0.0,1,10,1.0,0.0
real,0.5,189764,anime,0.0,0.5,0.0,0.0,0.0,0.0,1,10,1.0,0.0
real,0.0,189975,anime,0.1,1.0,0.027,1.0,0.1667,0.0784,3,10,0.7,0.3
real,0.05,189975,anime,0.1,1.0,0.027,1.0,0.1667,0.0784,3,12,0.8,0.2
real,0.1,189975,anime,0.1,1.0,0.027,1.0,0.2,0.0851,3,12,0.8,0.2
real,0.15,189975,anime,0.1,1.0,0.027,1.0,0.2,0.0851,3,12,0.9,0.1
real,0.2,189975,anime,0.1,1.0,0.027,1.0,0.2,0.0851,3,12,0.9,0.1
real,0.3,189975,anime,0.1,1.0,0.027,1.0,0.2,0.0851,3,13,0.9,0.1
real,0.4,189975,anime,0.1,1.0,0.027,1.0,0.25,0.0948,3,13,0.9,0.1
real,0.5,189975,anime,0.1,1.0,0.027,1.0,0.1667,0.0784,2,11,1.0,0.0
real,0.0,190590,hollywood,0.0,0.6,0.0,0.0,0.0,0.0,4,12,0.8,0.2
real,0.05,190590,hollywood,0.0,0.6,0.0,0.0,0.0,0.0,3,12,0.9,0.1
real,0.1,190590,hollywood,0.0,0.6,0.0,0.0,0.0,0.0,3,11,0.9,0.1
real,0.15,190590,hollywood,0.0,0.6,0.0,0.0,0.0,0.0,2,11,1.0,0.0
real,0.2,190590,hollywood,0.0,0.6,0.0,0.0,0.0,0.0,2,11,1.0,0.0
real,0.3,190590,hollywood,0.0,0.6,0.0,0.0,0.0,0.0,2,9,1.0,0.0
real,0.4,190590,hollywood,0.0,0.6,0.0,0.0,0.0,0.0,2,11,1.0,0.0
real,0.5,190590,hollywood,0.0,0.6,0.0,0.0,0.0,0.0,2,11,1.0,0.0
real,0.0,191349,anime,0.4,1.0,0.2857,1.0,1.0,0.5474,2,11,1.0,0.0
real,0.05,191349,anime,0.4,1.0,0.2857,1.0,1.0,0.5271,2,11,1.0,0.0
real,0.1,191349,anime,0.4,1.0,0.2857,1.0,0.5,0.4171,2,11,1.0,0.0
real,0.15,191349,anime,0.4,1.0,0.2857,1.0,0.5,0.4007,2,11,1.0,0.0
real,0.2,191349,anime,0.5,1.0,0.3571,1.0,0.5,0.4355,2,12,1.0,0.0
real,0.3,191349,anime,0.3,1.0,0.2143,1.0,0.25,0.2376,2,12,1.0,0.0
real,0.4,191349,anime,0.1,1.0,0.0714,1.0,0.2,0.0851,1,11,1.0,0.0
real,0.5,191349,anime,0.0,1.0,0.0,0.0,0.0,0.0,1,11,1.0,0.0
real,0.0,191691,korean,0.4,1.0,0.3636,1.0,1.0,0.4698,4,7,0.6,0.4
real,0.05,191691,korean,0.4,1.0,0.3636,1.0,1.0,0.4722,5,7,0.7,0.3
real,0.1,191691,korean,0.4,1.0,0.3636,1.0,1.0,0.4666,4,7,0.8,0.2
real,0.15,191691,korean,0.4,1.0,0.3636,1.0,1.0,0.4784,4,7,0.8,0.2
real,0.2,191691,korean,0.4,1.0,0.3636,1.0,1.0,0.4666,3,6,0.9,0.1
real,0.3,191691,korean,0.3,1.0,0.2727,1.0,1.0,0.4323,2,6,1.0,0.0
real,0.4,191691,korean,0.3,1.0,0.2727,1.0,1.0,0.3843,2,6,1.0,0.0
real,0.5,191691,korean,0.2,1.0,0.1818,1.0,1.0,0.3052,2,6,1.0,0.0
real,0.0,191793,hollywood,0.1,1.0,0.0385,1.0,0.1429,0.0734,4,9,0.6,0.4
real,0.05,191793,hollywood,0.1,1.0,0.0385,1.0,0.125,0.0694,4,9,0.7,0.3
real,0.1,191793,hollywood,0.2,1.0,0.0769,1.0,0.1667,0.142,3,9,0.8,0.2
real,0.15,191793,hollywood,0.2,1.0,0.0769,1.0,0.1667,0.1478,2,9,0.9,0.1
real,0.2,191793,hollywood,0.2,1.0,0.0769,1.0,0.1667,0.1478,1,9,1.0,0.0
real,0.3,191793,hollywood,0.2,1.0,0.0769,1.0,0.1667,0.1518,1,9,1.0,0.0
real,0.4,191793,hollywood,0.2,1.0,0.0769,1.0,0.25,0.161,1,9,1.0,0.0
real,0.5,191793,hollywood,0.2,1.0,0.0769,1.0,0.5,0.2083,1,9,1.0,0.0
real,0.0,192591,hollywood,0.0,0.5,0.0,0.0,0.0,0.0,1,7,1.0,0.0
real,0.05,192591,hollywood,0.0,0.5,0.0,0.0,0.0,0.0,1,7,1.0,0.0
real,0.1,192591,hollywood,0.0,0.5,0.0,0.0,0.0,0.0,1,7,1.0,0.0
real,0.15,192591,hollywood,0.0,0.5,0.0,0.0,0.0,0.0,1,7,1.0,0.0
real,0.2,192591,hollywood,0.0,0.5,0.0,0.0,0.0,0.0,1,7,1.0,0.0
real,0.3,192591,hollywood,0.0,0.5,0.0,0.0,0.0,0.0,1,7,1.0,0.0
real,0.4,192591,hollywood,0.0,0.5,0.0,0.0,0.0,0.0,1,7,1.0,0.0
real,0.5,192591,hollywood,0.0,0.5,0.0,0.0,0.0,0.0,1,7,1.0,0.0
real,0.0,192720,hollywood,0.1,0.5,0.2,1.0,1.0,0.3392,1,8,1.0,0.0
real,0.05,192720,hollywood,0.1,0.5,0.2,1.0,1.0,0.3392,1,8,1.0,0.0
real,0.1,192720,hollywood,0.1,0.5,0.2,1.0,1.0,0.3392,1,8,1.0,0.0
real,0.15,192720,hollywood,0.1,0.5,0.2,1.0,1.0,0.3392,1,8,1.0,0.0
real,0.2,192720,hollywood,0.1,0.5,0.2,1.0,1.0,0.3392,1,8,1.0,0.0
real,0.3,192720,hollywood,0.1,0.5,0.2,1.0,1.0,0.3392,1,8,1.0,0.0
real,0.4,192720,hollywood,0.1,0.5,0.2,1.0,1.0,0.3392,1,8,1.0,0.0
real,0.5,192720,hollywood,0.1,0.5,0.2,1.0,1.0,0.3392,1,8,1.0,0.0
real,0.0,193002,anime,0.0,0.2,0.0,0.0,0.0,0.0,4,8,0.8,0.2
real,0.05,193002,anime,0.0,0.2,0.0,0.0,0.0,0.0,4,8,0.8,0.2
real,0.1,193002,anime,0.0,0.2,0.0,0.0,0.0,0.0,3,10,0.9,0.1
real,0.15,193002,anime,0.0,0.2,0.0,0.0,0.0,0.0,2,11,1.0,0.0
real,0.2,193002,anime,0.0,0.2,0.0,0.0,0.0,0.0,2,11,1.0,0.0
real,0.3,193002,anime,0.0,0.2,0.0,0.0,0.0,0.0,2,11,1.0,0.0
real,0.4,193002,anime,0.0,0.2,0.0,0.0,0.0,0.0,2,10,1.0,0.0
real,0.5,193002,anime,0.0,0.2,0.0,0.0,0.0,0.0,1,10,1.0,0.0
real,0.0,193201,mixed,0.1,1.0,0.0909,1.0,0.5,0.1389,7,7,0.2,0.8
real,0.05,193201,mixed,0.1,1.0,0.0909,1.0,0.3333,0.11,6,7,0.3,0.7
real,0.1,193201,mixed,0.1,1.0,0.0909,1.0,0.3333,0.11,5,7,0.4,0.6
real,0.15,193201,mixed,0.1,1.0,0.0909,1.0,0.25,0.0948,5,7,0.5,0.5
real,0.2,193201,mixed,0.1,1.0,0.0909,1.0,0.2,0.0851,4,8,0.7,0.3
real,0.3,193201,mixed,0.0,1.0,0.0,0.0,0.0,0.0,1,7,1.0,0.0
real,0.4,193201,mixed,0.0,1.0,0.0,0.0,0.0,0.0,1,7,1.0,0.0
real,0.5,193201,mixed,0.0,1.0,0.0,0.0,0.0,0.0,1,7,1.0,0.0
real,0.0,193252,hollywood,0.0,1.0,0.0,0.0,0.0,0.0,1,10,0.9,0.1
real,0.05,193252,hollywood,0.0,1.0,0.0,0.0,0.0,0.0,1,10,0.9,0.1
real,0.1,193252,hollywood,0.0,1.0,0.0,0.0,0.0,0.0,1,10,1.0,0.0
real,0.15,193252,hollywood,0.0,1.0,0.0,0.0,0.0,0.0,1,10,1.0,0.0
real,0.2,193252,hollywood,0.0,1.0,0.0,0.0,0.0,0.0,1,10,1.0,0.0
real,0.3,193252,hollywood,0.0,1.0,0.0,0.0,0.0,0.0,1,10,1.0,0.0
real,0.4,193252,hollywood,0.0,1.0,0.0,0.0,0.0,0.0,1,10,1.0,0.0
real,0.5,193252,hollywood,0.0,1.0,0.0,0.0,0.0,0.0,1,10,1.0,0.0
real,0.0,193503,korean,0.0,1.0,0.0,0.0,0.0,0.0,5,5,0.6,0.4
real,0.05,193503,korean,0.1,1.0,0.0238,1.0,0.1,0.0636,4,5,0.7,0.3
real,0.1,193503,korean,0.1,1.0,0.0238,1.0,0.1111,0.0663,4,5,0.7,0.3
real,0.15,193503,korean,0.1,1.0,0.0238,1.0,0.1111,0.0663,3,5,0.8,0.2
real,0.2,193503,korean,0.1,1.0,0.0238,1.0,0.1111,0.0663,3,5,0.8,0.2
real,0.3,193503,korean,0.1,1.0,0.0238,1.0,0.125,0.0694,2,7,1.0,0.0
real,0.4,193503,korean,0.1,1.0,0.0238,1.0,0.1429,0.0734,2,7,1.0,0.0
real,0.5,193503,korean,0.1,1.0,0.0238,1.0,0.2,0.0851,1,9,1.0,0.0
real,0.0,193917,hollywood,0.0,1.0,0.0,0.0,0.0,0.0,5,11,0.6,0.4
real,0.05,193917,hollywood,0.0,1.0,0.0,0.0,0.0,0.0,3,11,0.8,0.2
real,0.1,193917,hollywood,0.0,1.0,0.0,0.0,0.0,0.0,2,12,0.9,0.1
real,0.15,193917,hollywood,0.0,1.0,0.0,0.0,0.0,0.0,2,12,0.9,0.1
real,0.2,193917,hollywood,0.0,1.0,0.0,0.0,0.0,0.0,1,12,1.0,0.0
real,0.3,193917,hollywood,0.0,1.0,0.0,0.0,0.0,0.0,1,12,1.0,0.0
real,0.4,193917,hollywood,0.0,1.0,0.0,0.0,0.0,0.0,1,12,1.0,0.0
real,0.5,193917,hollywood,0.0,1.0,0.0,0.0,0.0,0.0,1,12,1.0,0.0
real,0.0,194635,bollywood,0.0,1.0,0.0,0.0,0.0,0.0,3,11,0.7,0.3
real,0.05,194635,bollywood,0.1,1.0,0.1,1.0,0.1,0.0636,3,10,0.8,0.2
real,0.1,194635,bollywood,0.1,1.0,0.1,1.0,0.1,0.0636,3,10,0.8,0.2
real,0.15,194635,bollywood,0.1,1.0,0.1,1.0,0.1111,0.0663,2,10,0.9,0.1
real,0.2,194635,bollywood,0.1,1.0,0.1,1.0,0.1,0.0636,2,10,0.9,0.1
real,0.3,194635,bollywood,0.0,1.0,0.0,0.0,0.0,0.0,2,12,1.0,0.0
real,0.4,194635,bollywood,0.0,1.0,0.0,0.0,0.0,0.0,2,11,1.0,0.0
real,0.5,194635,bollywood,0.0,1.0,0.0,0.0,0.0,0.0,2,11,1.0,0.0
real,0.0,194707,anime,0.1,0.9,0.1111,1.0,0.2,0.0909,6,12,0.5,0.5
real,0.05,194707,anime,0.1,0.9,0.1111,1.0,0.1429,0.0783,6,13,0.6,0.4
real,0.1,194707,anime,0.1,0.9,0.1111,1.0,0.125,0.0741,5,13,0.7,0.3
real,0.15,194707,anime,0.0,0.9,0.0,0.0,0.0,0.0,3,13,0.9,0.1
real,0.2,194707,anime,0.0,0.9,0.0,0.0,0.0,0.0,2,13,1.0,0.0
real,0.3,194707,anime,0.0,0.9,0.0,0.0,0.0,0.0,2,12,1.0,0.0
real,0.4,194707,anime,0.0,0.9,0.0,0.0,0.0,0.0,2,12,1.0,0.0
real,0.5,194707,anime,0.0,0.9,0.0,0.0,0.0,0.0,2,12,1.0,0.0
real,0.0,195289,hollywood,0.1,0.6,0.1667,1.0,0.5,0.1909,1,9,1.0,0.0
real,0.05,195289,hollywood,0.1,0.6,0.1667,1.0,0.5,0.1909,1,9,1.0,0.0
real,0.1,195289,hollywood,0.1,0.6,0.1667,1.0,0.5,0.1909,1,9,1.0,0.0
real,0.15,195289,hollywood,0.1,0.6,0.1667,1.0,0.5,0.1909,1,9,1.0,0.0
real,0.2,195289,hollywood,0.1,0.6,0.1667,1.0,0.5,0.1909,1,9,1.0,0.0
real,0.3,195289,hollywood,0.1,0.6,0.1667,1.0,0.5,0.1909,1,9,1.0,0.0
real,0.4,195289,hollywood,0.1,0.6,0.1667,1.0,0.5,0.1909,1,9,1.0,0.0
real,0.5,195289,hollywood,0.1,0.6,0.1667,1.0,0.5,0.1909,1,9,1.0,0.0
real,0.0,196359,korean,0.2,0.7,0.2857,1.0,0.3333,0.2291,1,7,1.0,0.0
real,0.05,196359,korean,0.2,0.7,0.2857,1.0,0.3333,0.2291,1,7,1.0,0.0
real,0.1,196359,korean,0.2,0.7,0.2857,1.0,0.3333,0.2291,1,7,1.0,0.0
real,0.15,196359,korean,0.2,0.7,0.2857,1.0,0.3333,0.2291,1,7,1.0,0.0
real,0.2,196359,korean,0.2,0.7,0.2857,1.0,0.3333,0.2291,1,7,1.0,0.0
real,0.3,196359,korean,0.2,0.7,0.2857,1.0,0.3333,0.2291,1,7,1.0,0.0
real,0.4,196359,korean,0.2,0.7,0.2857,1.0,0.3333,0.2291,2,9,1.0,0.0
real,0.5,196359,korean,0.1,0.7,0.1429,1.0,0.3333,0.1374,2,10,1.0,0.0
real,0.0,197755,hollywood,0.0,1.0,0.0,0.0,0.0,0.0,5,9,0.6,0.4
real,0.05,197755,hollywood,0.2,1.0,0.0476,1.0,0.125,0.1331,3,9,0.8,0.2
real,0.1,197755,hollywood,0.2,1.0,0.0476,1.0,0.1429,0.1428,2,9,0.9,0.1
real,0.15,197755,hollywood,0.2,1.0,0.0476,1.0,0.1429,0.1428,1,10,1.0,0.0
real,0.2,197755,hollywood,0.2,1.0,0.0476,1.0,0.1667,0.1478,1,10,1.0,0.0
real,0.3,197755,hollywood,0.2,1.0,0.0476,1.0,0.2,0.1546,1,10,1.0,0.0
real,0.4,197755,hollywood,0.2,1.0,0.0476,1.0,0.2,0.1635,1,10,1.0,0.0
real,0.5,197755,hollywood,0.2,1.0,0.0476,1.0,0.25,0.1732,1,10,1.0,0.0
real,0.0,198215,anime,0.2,1.0,0.1111,1.0,0.5,0.2489,2,7,1.0,0.0
real,0.05,198215,anime,0.2,1.0,0.1111,1.0,0.5,0.2489,2,7,1.0,0.0
real,0.1,198215,anime,0.2,1.0,0.1111,1.0,0.5,0.2489,2,7,1.0,0.0
real,0.15,198215,anime,0.2,1.0,0.1111,1.0,0.5,0.2489,2,7,1.0,0.0
real,0.2,198215,anime,0.2,1.0,0.1111,1.0,0.5,0.2489,2,10,1.0,0.0
real,0.3,198215,anime,0.2,1.0,0.1111,1.0,0.5,0.2489,2,10,1.0,0.0
real,0.4,198215,anime,0.2,1.0,0.1111,1.0,0.5,0.2489,2,10,1.0,0.0
real,0.5,198215,anime,0.2,1.0,0.1111,1.0,1.0,0.359,2,10,1.0,0.0
real,0.0,198841,korean,0.0,0.4,0.0,0.0,0.0,0.0,3,4,0.9,0.1
real,0.05,198841,korean,0.0,0.4,0.0,0.0,0.0,0.0,3,4,0.9,0.1
real,0.1,198841,korean,0.0,0.4,0.0,0.0,0.0,0.0,2,4,1.0,0.0
real,0.15,198841,korean,0.0,0.4,0.0,0.0,0.0,0.0,2,4,1.0,0.0
real,0.2,198841,korean,0.0,0.4,0.0,0.0,0.0,0.0,2,4,1.0,0.0
real,0.3,198841,korean,0.0,0.4,0.0,0.0,0.0,0.0,2,5,1.0,0.0
real,0.4,198841,korean,0.0,0.4,0.0,0.0,0.0,0.0,2,6,1.0,0.0
real,0.5,198841,korean,0.0,0.4,0.0,0.0,0.0,0.0,2,10,1.0,0.0
real,0.0,199143,bollywood,0.4,1.0,0.026,1.0,0.3333,0.3347,6,11,0.4,0.6
real,0.05,199143,bollywood,0.4,1.0,0.026,1.0,0.3333,0.347,6,11,0.4,0.6
real,0.1,199143,bollywood,0.7,1.0,0.0455,1.0,0.25,0.531,4,11,0.7,0.3
real,0.15,199143,bollywood,0.7,1.0,0.0455,1.0,0.3333,0.5626,3,10,0.8,0.2
real,0.2,199143,bollywood,0.7,1.0,0.0455,1.0,0.5,0.6036,2,9,1.0,0.0
real,0.3,199143,bollywood,0.7,1.0,0.0455,1.0,0.5,0.6062,2,9,1.0,0.0
real,0.4,199143,bollywood,0.8,1.0,0.0519,1.0,1.0,0.7511,2,8,1.0,0.0
real,0.5,199143,bollywood,0.7,1.0,0.0455,1.0,1.0,0.7472,2,11,1.0,0.0
real,0.0,199770,hollywood,0.1,1.0,0.0286,1.0,1.0,0.2201,4,13,0.6,0.4
real,0.05,199770,hollywood,0.1,1.0,0.0286,1.0,1.0,0.2201,4,13,0.6,0.4
real,0.1,199770,hollywood,0.1,1.0,0.0286,1.0,1.0,0.2201,3,12,0.8,0.2
real,0.15,199770,hollywood,0.1,1.0,0.0286,1.0,1.0,0.2201,2,11,0.9,0.1
real,0.2,199770,hollywood,0.1,1.0,0.0286,1.0,1.0,0.2201,1,9,1.0,0.0
real,0.3,199770,hollywood,0.1,1.0,0.0286,1.0,1.0,0.2201,1,9,1.0,0.0
real,0.4,199770,hollywood,0.1,1.0,0.0286,1.0,1.0,0.2201,1,9,1.0,0.0
real,0.5,199770,hollywood,0.1,1.0,0.0286,1.0,0.5,0.1389,1,9,1.0,0.0
