Track,Lambda,UserId,Archetype,Precision@10,Precision@10_Ceiling,Recall@10,HR@10,MRR@10,NDCG@10,Language_Diversity,Genre_Diversity,Filter_Bubble_Score,Preference_Escape@10
synthetic,0.0,900000,hollywood,0.0,0.6,0.0,0.0,0.0,0.0,1,11,1.0,0.0
synthetic,0.05,900000,hollywood,0.0,0.6,0.0,0.0,0.0,0.0,1,11,1.0,0.0
synthetic,0.1,900000,hollywood,0.0,0.6,0.0,0.0,0.0,0.0,1,11,1.0,0.0
synthetic,0.15,900000,hollywood,0.0,0.6,0.0,0.0,0.0,0.0,1,11,1.0,0.0
synthetic,0.2,900000,hollywood,0.0,0.6,0.0,0.0,0.0,0.0,1,11,1.0,0.0
synthetic,0.3,900000,hollywood,0.0,0.6,0.0,0.0,0.0,0.0,1,11,1.0,0.0
synthetic,0.4,900000,hollywood,0.0,0.6,0.0,0.0,0.0,0.0,1,11,1.0,0.0
synthetic,0.5,900000,hollywood,0.0,0.6,0.0,0.0,0.0,0.0,1,9,1.0,0.0
synthetic,0.0,900001,anime,0.1,0.2,0.5,1.0,1.0,0.6131,3,10,0.9,0.1
synthetic,0.05,900001,anime,0.1,0.2,0.5,1.0,1.0,0.6131,2,10,0.9,0.1
synthetic,0.1,900001,anime,0.1,0.2,0.5,1.0,1.0,0.6131,1,10,1.0,0.0
synthetic,0.15,900001,anime,0.1,0.2,0.5,1.0,1.0,0.6131,1,10,1.0,0.0
synthetic,0.2,900001,anime,0.1,0.2,0.5,1.0,1.0,0.6131,1,10,1.0,0.0
synthetic,0.3,900001,anime,0.1,0.2,0.5,1.0,1.0,0.6131,1,10,1.0,0.0
synthetic,0.4,900001,anime,0.1,0.2,0.5,1.0,1.0,0.6131,1,10,1.0,0.0
synthetic,0.5,900001,anime,0.1,0.2,0.5,1.0,1.0,0.6131,1,10,1.0,0.0
synthetic,0.0,900002,anime,0.1,0.6,0.1667,1.0,0.5,0.1909,3,10,0.9,0.1
synthetic,0.05,900002,anime,0.1,0.6,0.1667,1.0,0.5,0.1909,3,10,0.9,0.1
synthetic,0.1,900002,anime,0.1,0.6,0.1667,1.0,0.5,0.1909,2,10,1.0,0.0
synthetic,0.15,900002,anime,0.1,0.6,0.1667,1.0,0.5,0.1909,2,9,1.0,0.0
synthetic,0.2,900002,anime,0.1,0.6,0.1667,1.0,0.5,0.1909,2,9,1.0,0.0
synthetic,0.3,900002,anime,0.1,0.6,0.1667,1.0,0.5,0.1909,2,9,1.0,0.0
synthetic,0.4,900002,anime,0.1,0.6,0.1667,1.0,0.5,0.1909,1,9,1.0,0.0
synthetic,0.5,900002,anime,0.1,0.6,0.1667,1.0,0.5,0.1909,1,9,1.0,0.0
synthetic,0.0,900003,hollywood,0.0,0.5,0.0,0.0,0.0,0.0,2,9,0.9,0.1
synthetic,0.05,900003,hollywood,0.0,0.5,0.0,0.0,0.0,0.0,1,7,1.0,0.0
synthetic,0.1,900003,hollywood,0.0,0.5,0.0,0.0,0.0,0.0,1,7,1.0,0.0
synthetic,0.15,900003,hollywood,0.0,0.5,0.0,0.0,0.0,0.0,1,7,1.0,0.0
synthetic,0.2,900003,hollywood,0.0,0.5,0.0,0.0,0.0,0.0,1,7,1.0,0.0
synthetic,0.3,900003,hollywood,0.0,0.5,0.0,0.0,0.0,0.0,1,7,1.0,0.0
synthetic,0.4,900003,hollywood,0.0,0.5,0.0,0.0,0.0,0.0,1,7,1.0,0.0
synthetic,0.5,900003,hollywood,0.0,0.5,0.0,0.0,0.0,0.0,1,7,1.0,0.0
synthetic,0.0,900004,hollywood,0.1,0.3,0.3333,1.0,0.25,0.2021,3,11,0.7,0.3
synthetic,0.05,900004,hollywood,0.1,0.3,0.3333,1.0,0.1111,0.1413,3,11,0.7,0.3
synthetic,0.1,900004,hollywood,0.0,0.3,0.0,0.0,0.0,0.0,2,10,0.9,0.1
synthetic,0.15,900004,hollywood,0.0,0.3,0.0,0.0,0.0,0.0,1,9,1.0,0.0
synthetic,0.2,900004,hollywood,0.0,0.3,0.0,0.0,0.0,0.0,1,9,1.0,0.0
synthetic,0.3,900004,hollywood,0.0,0.3,0.0,0.0,0.0,0.0,1,9,1.0,0.0
synthetic,0.4,900004,hollywood,0.0,0.3,0.0,0.0,0.0,0.0,1,8,1.0,0.0
synthetic,0.5,900004,hollywood,0.0,0.3,0.0,0.0,0.0,0.0,1,6,1.0,0.0
synthetic,0.0,900005,anime,0.1,0.3,0.3333,1.0,0.1429,0.1564,3,9,0.9,0.1
synthetic,0.05,900005,anime,0.1,0.3,0.3333,1.0,0.125,0.148,2,9,1.0,0.0
synthetic,0.1,900005,anime,0.1,0.3,0.3333,1.0,0.1429,0.1564,2,9,1.0,0.0
synthetic,0.15,900005,anime,0.1,0.3,0.3333,1.0,0.1667,0.1672,2,9,1.0,0.0
synthetic,0.2,900005,anime,0.1,0.3,0.3333,1.0,0.1667,0.1672,2,9,1.0,0.0
synthetic,0.3,900005,anime,0.1,0.3,0.3333,1.0,0.1667,0.1672,2,9,1.0,0.0
synthetic,0.4,900005,anime,0.1,0.3,0.3333,1.0,0.125,0.148,2,9,1.0,0.0
synthetic,0.5,900005,anime,0.1,0.3,0.3333,1.0,0.1111,0.1413,2,10,1.0,0.0
synthetic,0.0,900006,hollywood,0.0,0.3,0.0,0.0,0.0,0.0,1,7,1.0,0.0
synthetic,0.05,900006,hollywood,0.0,0.3,0.0,0.0,0.0,0.0,1,7,1.0,0.0
synthetic,0.1,900006,hollywood,0.0,0.3,0.0,0.0,0.0,0.0,1,7,1.0,0.0
synthetic,0.15,900006,hollywood,0.0,0.3,0.0,0.0,0.0,0.0,1,7,1.0,0.0
synthetic,0.2,900006,hollywood,0.0,0.3,0.0,0.0,0.0,0.0,1,7,1.0,0.0
synthetic,0.3,900006,hollywood,0.0,0.3,0.0,0.0,0.0,0.0,1,7,1.0,0.0
synthetic,0.4,900006,hollywood,0.0,0.3,0.0,0.0,0.0,0.0,1,7,1.0,0.0
synthetic,0.5,900006,hollywood,0.0,0.3,0.0,0.0,0.0,0.0,1,7,1.0,0.0
synthetic,0.0,900007,bollywood,0.0,0.2,0.0,0.0,0.0,0.0,3,9,0.8,0.2
synthetic,0.05,900007,bollywood,0.0,0.2,0.0,0.0,0.0,0.0,3,8,0.9,0.1
synthetic,0.1,900007,bollywood,0.0,0.2,0.0,0.0,0.0,0.0,2,8,1.0,0.0
synthetic,0.15,900007,bollywood,0.0,0.2,0.0,0.0,0.0,0.0,2,8,1.0,0.0
synthetic,0.2,900007,bollywood,0.0,0.2,0.0,0.0,0.0,0.0,2,8,1.0,0.0
synthetic,0.3,900007,bollywood,0.0,0.2,0.0,0.0,0.0,0.0,2,8,1.0,0.0
synthetic,0.4,900007,bollywood,0.0,0.2,0.0,0.0,0.0,0.0,2,8,1.0,0.0
synthetic,0.5,900007,bollywood,0.0,0.2,0.0,0.0,0.0,0.0,2,9,1.0,0.0
synthetic,0.0,900008,hollywood,0.0,0.5,0.0,0.0,0.0,0.0,2,11,0.9,0.1
synthetic,0.05,900008,hollywood,0.0,0.5,0.0,0.0,0.0,0.0,2,11,0.9,0.1
synthetic,0.1,900008,hollywood,0.0,0.5,0.0,0.0,0.0,0.0,1,8,1.0,0.0
synthetic,0.15,900008,hollywood,0.0,0.5,0.0,0.0,0.0,0.0,1,8,1.0,0.0
synthetic,0.2,900008,hollywood,0.0,0.5,0.0,0.0,0.0,0.0,1,8,1.0,0.0
synthetic,0.3,900008,hollywood,0.0,0.5,0.0,0.0,0.0,0.0,1,8,1.0,0.0
synthetic,0.4,900008,hollywood,0.0,0.5,0.0,0.0,0.0,0.0,1,8,1.0,0.0
synthetic,0.5,900008,hollywood,0.0,0.5,0.0,0.0,0.0,0.0,1,8,1.0,0.0
synthetic,0.0,900009,mixed,0.0,0.7,0.0,0.0,0.0,0.0,5,9,0.5,0.5
synthetic,0.05,900009,mixed,0.0,0.7,0.0,0.0,0.0,0.0,4,10,0.6,0.4
synthetic,0.1,900009,mixed,0.0,0.7,0.0,0.0,0.0,0.0,3,10,0.7,0.3
synthetic,0.15,900009,mixed,0.0,0.7,0.0,0.0,0.0,0.0,2,11,0.8,0.2
synthetic,0.2,900009,mixed,0.0,0.7,0.0,0.0,0.0,0.0,1,12,1.0,0.0
synthetic,0.3,900009,mixed,0.0,0.7,0.0,0.0,0.0,0.0,1,12,1.0,0.0
synthetic,0.4,900009,mixed,0.0,0.7,0.0,0.0,0.0,0.0,1,12,1.0,0.0
synthetic,0.5,900009,mixed,0.0,0.7,0.0,0.0,0.0,0.0,1,12,1.0,0.0
synthetic,0.0,900010,bollywood,0.0,0.2,0.0,0.0,0.0,0.0,2,7,0.8,0.2
synthetic,0.05,900010,bollywood,0.0,0.2,0.0,0.0,0.0,0.0,2,8,0.9,0.1
synthetic,0.1,900010,bollywood,0.0,0.2,0.0,0.0,0.0,0.0,1,8,1.0,0.0
synthetic,0.15,900010,bollywood,0.0,0.2,0.0,0.0,0.0,0.0,1,8,1.0,0.0
synthetic,0.2,900010,bollywood,0.0,0.2,0.0,0.0,0.0,0.0,1,8,1.0,0.0
synthetic,0.3,900010,bollywood,0.0,0.2,0.0,0.0,0.0,0.0,1,8,1.0,0.0
synthetic,0.4,900010,bollywood,0.0,0.2,0.0,0.0,0.0,0.0,2,11,1.0,0.0
synthetic,0.5,900010,bollywood,0.0,0.2,0.0,0.0,0.0,0.0,2,13,1.0,0.0
synthetic,0.0,900011,hollywood,0.0,0.3,0.0,0.0,0.0,0.0,2,10,0.8,0.2
synthetic,0.05,900011,hollywood,0.0,0.3,0.0,0.0,0.0,0.0,2,10,0.9,0.1
synthetic,0.1,900011,hollywood,0.0,0.3,0.0,0.0,0.0,0.0,1,10,1.0,0.0
synthetic,0.15,900011,hollywood,0.0,0.3,0.0,0.0,0.0,0.0,1,10,1.0,0.0
synthetic,0.2,900011,hollywood,0.0,0.3,0.0,0.0,0.0,0.0,1,10,1.0,0.0
synthetic,0.3,900011,hollywood,0.0,0.3,0.0,0.0,0.0,0.0,1,10,1.0,0.0
synthetic,0.4,900011,hollywood,0.0,0.3,0.0,0.0,0.0,0.0,1,10,1.0,0.0
synthetic,0.5,900011,hollywood,0.0,0.3,0.0,0.0,0.0,0.0,1,10,1.0,0.0
synthetic,0.0,900012,korean,0.0,0.2,0.0,0.0,0.0,0.0,5,9,0.7,0.3
synthetic,0.05,900012,korean,0.0,0.2,0.0,0.0,0.0,0.0,4,9,0.8,0.2
synthetic,0.1,900012,korean,0.0,0.2,0.0,0.0,0.0,0.0,4,9,0.8,0.2
synthetic,0.15,900012,korean,0.1,0.2,0.5,1.0,0.1111,0.1846,3,8,0.9,0.1
synthetic,0.2,900012,korean,0.1,0.2,0.5,1.0,0.2,0.2372,2,8,1.0,0.0
synthetic,0.3,900012,korean,0.1,0.2,0.5,1.0,0.25,0.2641,2,8,1.0,0.0
synthetic,0.4,900012,korean,0.1,0.2,0.5,1.0,0.3333,0.3066,2,8,1.0,0.0
synthetic,0.5,900012,korean,0.1,0.2,0.5,1.0,0.3333,0.3066,2,10,1.0,0.0
synthetic,0.0,900013,anime,0.2,0.7,0.2857,1.0,0.5,0.2713,2,10,1.0,0.0
synthetic,0.05,900013,anime,0.2,0.7,0.2857,1.0,0.5,0.2798,1,10,1.0,0.0
synthetic,0.1,900013,anime,0.2,0.7,0.2857,1.0,0.5,0.2798,1,10,1.0,0.0
synthetic,0.15,900013,anime,0.2,0.7,0.2857,1.0,0.3333,0.2438,1,10,1.0,0.0
synthetic,0.2,900013,anime,0.2,0.7,0.2857,1.0,0.3333,0.2438,1,10,1.0,0.0
synthetic,0.3,900013,anime,0.2,0.7,0.2857,1.0,0.3333,0.2558,1,9,1.0,0.0
synthetic,0.4,900013,anime,0.2,0.7,0.2857,1.0,0.3333,0.2558,1,9,1.0,0.0
synthetic,0.5,900013,anime,0.2,0.7,0.2857,1.0,0.5,0.2918,1,9,1.0,0.0
synthetic,0.0,900014,mixed,0.0,0.3,0.0,0.0,0.0,0.0,4,15,0.6,0.4
synthetic,0.05,900014,mixed,0.0,0.3,0.0,0.0,0.0,0.0,3,15,0.7,0.3
synthetic,0.1,900014,mixed,0.0,0.3,0.0,0.0,0.0,0.0,2,15,0.8,0.2
synthetic,0.15,900014,mixed,0.0,0.3,0.0,0.0,0.0,0.0,2,15,0.9,0.1
synthetic,0.2,900014,mixed,0.0,0.3,0.0,0.0,0.0,0.0,2,15,0.9,0.1
synthetic,0.3,900014,mixed,0.0,0.3,0.0,0.0,0.0,0.0,1,10,1.0,0.0
synthetic,0.4,900014,mixed,0.0,0.3,0.0,0.0,0.0,0.0,1,10,1.0,0.0
synthetic,0.5,900014,mixed,0.0,0.3,0.0,0.0,0.0,0.0,1,10,1.0,0.0
synthetic,0.0,900015,hollywood,0.1,0.2,0.5,1.0,0.25,0.2641,2,11,0.8,0.2
synthetic,0.05,900015,hollywood,0.1,0.2,0.5,1.0,0.3333,0.3066,1,11,0.9,0.1
synthetic,0.1,900015,hollywood,0.1,0.2,0.5,1.0,0.3333,0.3066,1,9,1.0,0.0
synthetic,0.15,900015,hollywood,0.1,0.2,0.5,1.0,0.3333,0.3066,1,9,1.0,0.0
synthetic,0.2,900015,hollywood,0.1,0.2,0.5,1.0,0.3333,0.3066,1,9,1.0,0.0
synthetic,0.3,900015,hollywood,0.1,0.2,0.5,1.0,0.3333,0.3066,1,9,1.0,0.0
synthetic,0.4,900015,hollywood,0.1,0.2,0.5,1.0,0.3333,0.3066,1,9,1.0,0.0
synthetic,0.5,900015,hollywood,0.1,0.2,0.5,1.0,0.3333,0.3066,1,9,1.0,0.0
synthetic,0.0,900016,hollywood,0.0,0.2,0.0,0.0,0.0,0.0,3,12,0.7,0.3
synthetic,0.05,900016,hollywood,0.0,0.2,0.0,0.0,0.0,0.0,1,12,1.0,0.0
synthetic,0.1,900016,hollywood,0.0,0.2,0.0,0.0,0.0,0.0,1,12,1.0,0.0
synthetic,0.15,900016,hollywood,0.0,0.2,0.0,0.0,0.0,0.0,1,12,1.0,0.0
synthetic,0.2,900016,hollywood,0.0,0.2,0.0,0.0,0.0,0.0,1,12,1.0,0.0
synthetic,0.3,900016,hollywood,0.0,0.2,0.0,0.0,0.0,0.0,1,12,1.0,0.0
synthetic,0.4,900016,hollywood,0.0,0.2,0.0,0.0,0.0,0.0,1,12,1.0,0.0
synthetic,0.5,900016,hollywood,0.0,0.2,0.0,0.0,0.0,0.0,1,12,1.0,0.0
synthetic,0.0,900017,mixed,0.0,0.3,0.0,0.0,0.0,0.0,3,12,0.8,0.2
synthetic,0.05,900017,mixed,0.0,0.3,0.0,0.0,0.0,0.0,2,14,0.9,0.1
synthetic,0.1,900017,mixed,0.0,0.3,0.0,0.0,0.0,0.0,1,14,1.0,0.0
synthetic,0.15,900017,mixed,0.0,0.3,0.0,0.0,0.0,0.0,1,14,1.0,0.0
synthetic,0.2,900017,mixed,0.0,0.3,0.0,0.0,0.0,0.0,1,14,1.0,0.0
synthetic,0.3,900017,mixed,0.0,0.3,0.0,0.0,0.0,0.0,1,14,1.0,0.0
synthetic,0.4,900017,mixed,0.0,0.3,0.0,0.0,0.0,0.0,1,14,1.0,0.0
synthetic,0.5,900017,mixed,0.0,0.3,0.0,0.0,0.0,0.0,1,14,1.0,0.0
synthetic,0.0,900018,bollywood,0.1,0.7,0.1429,1.0,0.25,0.1184,1,9,1.0,0.0
synthetic,0.05,900018,bollywood,0.1,0.7,0.1429,1.0,0.25,0.1184,1,9,1.0,0.0
synthetic,0.1,900018,bollywood,0.1,0.7,0.1429,1.0,0.25,0.1184,1,9,1.0,0.0
synthetic,0.15,900018,bollywood,0.1,0.7,0.1429,1.0,0.25,0.1184,1,9,1.0,0.0
synthetic,0.2,900018,bollywood,0.1,0.7,0.1429,1.0,0.25,0.1184,1,9,1.0,0.0
synthetic,0.3,900018,bollywood,0.1,0.7,0.1429,1.0,0.3333,0.1374,1,9,1.0,0.0
synthetic,0.4,900018,bollywood,0.1,0.7,0.1429,1.0,0.3333,0.1374,2,8,1.0,0.0
synthetic,0.5,900018,bollywood,0.2,0.7,0.2857,1.0,0.25,0.2051,2,8,1.0,0.0
synthetic,0.0,900019,hollywood,0.0,0.5,0.0,0.0,0.0,0.0,2,10,0.9,0.1
synthetic,0.05,900019,hollywood,0.0,0.5,0.0,0.0,0.0,0.0,2,10,0.9,0.1
synthetic,0.1,900019,hollywood,0.0,0.5,0.0,0.0,0.0,0.0,2,10,0.9,0.1
synthetic,0.15,900019,hollywood,0.0,0.5,0.0,0.0,0.0,0.0,2,10,0.9,0.1
synthetic,0.2,900019,hollywood,0.0,0.5,0.0,0.0,0.0,0.0,1,10,1.0,0.0
synthetic,0.3,900019,hollywood,0.0,0.5,0.0,0.0,0.0,0.0,1,10,1.0,0.0
synthetic,0.4,900019,hollywood,0.0,0.5,0.0,0.0,0.0,0.0,1,10,1.0,0.0
synthetic,0.5,900019,hollywood,0.0,0.5,0.0,0.0,0.0,0.0,1,10,1.0,0.0
synthetic,0.0,900020,mixed,0.0,0.4,0.0,0.0,0.0,0.0,2,10,0.8,0.2
synthetic,0.05,900020,mixed,0.0,0.4,0.0,0.0,0.0,0.0,2,10,0.9,0.1
synthetic,0.1,900020,mixed,0.0,0.4,0.0,0.0,0.0,0.0,1,10,1.0,0.0
synthetic,0.15,900020,mixed,0.0,0.4,0.0,0.0,0.0,0.0,1,10,1.0,0.0
synthetic,0.2,900020,mixed,0.0,0.4,0.0,0.0,0.0,0.0,1,10,1.0,0.0
synthetic,0.3,900020,mixed,0.0,0.4,0.0,0.0,0.0,0.0,1,10,1.0,0.0
synthetic,0.4,900020,mixed,0.0,0.4,0.0,0.0,0.0,0.0,1,7,1.0,0.0
synthetic,0.5,900020,mixed,0.0,0.4,0.0,0.0,0.0,0.0,1,7,1.0,0.0
synthetic,0.0,900021,hollywood,0.0,0.3,0.0,0.0,0.0,0.0,1,11,0.9,0.1
synthetic,0.05,900021,hollywood,0.0,0.3,0.0,0.0,0.0,0.0,1,11,0.9,0.1
synthetic,0.1,900021,hollywood,0.0,0.3,0.0,0.0,0.0,0.0,1,11,1.0,0.0
synthetic,0.15,900021,hollywood,0.0,0.3,0.0,0.0,0.0,0.0,1,11,1.0,0.0
synthetic,0.2,900021,hollywood,0.0,0.3,0.0,0.0,0.0,0.0,1,11,1.0,0.0
synthetic,0.3,900021,hollywood,0.0,0.3,0.0,0.0,0.0,0.0,1,11,1.0,0.0
synthetic,0.4,900021,hollywood,0.0,0.3,0.0,0.0,0.0,0.0,1,10,1.0,0.0
synthetic,0.5,900021,hollywood,0.0,0.3,0.0,0.0,0.0,0.0,1,10,1.0,0.0
synthetic,0.0,900022,anime,0.1,0.4,0.25,1.0,0.25,0.1681,3,7,0.9,0.1
synthetic,0.05,900022,anime,0.1,0.4,0.25,1.0,0.25,0.1681,2,8,1.0,0.0
synthetic,0.1,900022,anime,0.1,0.4,0.25,1.0,0.25,0.1681,2,7,1.0,0.0
synthetic,0.15,900022,anime,0.1,0.4,0.25,1.0,0.25,0.1681,2,7,1.0,0.0
synthetic,0.2,900022,anime,0.1,0.4,0.25,1.0,0.25,0.1681,2,7,1.0,0.0
synthetic,0.3,900022,anime,0.2,0.4,0.5,1.0,0.25,0.2913,2,8,1.0,0.0
synthetic,0.4,900022,anime,0.2,0.4,0.5,1.0,0.25,0.3072,2,7,1.0,0.0
synthetic,0.5,900022,anime,0.2,0.4,0.5,1.0,0.3333,0.3342,2,9,1.0,0.0
synthetic,0.0,900023,hollywood,0.0,0.4,0.0,0.0,0.0,0.0,2,12,0.6,0.4
synthetic,0.05,900023,hollywood,0.1,0.4,0.25,1.0,0.1,0.1128,2,12,0.8,0.2
synthetic,0.1,900023,hollywood,0.1,0.4,0.25,1.0,0.1111,0.1175,1,11,0.9,0.1
synthetic,0.15,900023,hollywood,0.1,0.4,0.25,1.0,0.1111,0.1175,1,12,1.0,0.0
synthetic,0.2,900023,hollywood,0.1,0.4,0.25,1.0,0.1,0.1128,1,12,1.0,0.0
synthetic,0.3,900023,hollywood,0.1,0.4,0.25,1.0,0.1,0.1128,1,12,1.0,0.0
synthetic,0.4,900023,hollywood,0.0,0.4,0.0,0.0,0.0,0.0,1,11,1.0,0.0
synthetic,0.5,900023,hollywood,0.0,0.4,0.0,0.0,0.0,0.0,1,11,1.0,0.0
synthetic,0.0,900024,hollywood,0.0,0.4,0.0,0.0,0.0,0.0,1,5,1.0,0.0
synthetic,0.05,900024,hollywood,0.0,0.4,0.0,0.0,0.0,0.0,1,5,1.0,0.0
synthetic,0.1,900024,hollywood,0.0,0.4,0.0,0.0,0.0,0.0,1,5,1.0,0.0
synthetic,0.15,900024,hollywood,0.0,0.4,0.0,0.0,0.0,0.0,1,5,1.0,0.0
synthetic,0.2,900024,hollywood,0.0,0.4,0.0,0.0,0.0,0.0,1,5,1.0,0.0
synthetic,0.3,900024,hollywood,0.0,0.4,0.0,0.0,0.0,0.0,1,5,1.0,0.0
synthetic,0.4,900024,hollywood,0.0,0.4,0.0,0.0,0.0,0.0,1,5,1.0,0.0
synthetic,0.5,900024,hollywood,0.0,0.4,0.0,0.0,0.0,0.0,1,5,1.0,0.0
synthetic,0.0,900025,bollywood,0.0,0.5,0.0,0.0,0.0,0.0,1,7,1.0,0.0
synthetic,0.05,900025,bollywood,0.0,0.5,0.0,0.0,0.0,0.0,1,7,1.0,0.0
synthetic,0.1,900025,bollywood,0.0,0.5,0.0,0.0,0.0,0.0,1,7,1.0,0.0
synthetic,0.15,900025,bollywood,0.0,0.5,0.0,0.0,0.0,0.0,1,7,1.0,0.0
synthetic,0.2,900025,bollywood,0.0,0.5,0.0,0.0,0.0,0.0,1,7,1.0,0.0
synthetic,0.3,900025,bollywood,0.0,0.5,0.0,0.0,0.0,0.0,1,7,1.0,0.0
synthetic,0.4,900025,bollywood,0.0,0.5,0.0,0.0,0.0,0.0,2,8,1.0,0.0
synthetic,0.5,900025,bollywood,0.0,0.5,0.0,0.0,0.0,0.0,2,10,1.0,0.0
synthetic,0.0,900026,mixed,0.1,0.7,0.1429,1.0,0.1111,0.0827,1,10,1.0,0.0
synthetic,0.05,900026,mixed,0.1,0.7,0.1429,1.0,0.125,0.0867,1,10,1.0,0.0
synthetic,0.1,900026,mixed,0.1,0.7,0.1429,1.0,0.1429,0.0916,1,10,1.0,0.0
synthetic,0.15,900026,mixed,0.1,0.7,0.1429,1.0,0.1429,0.0916,1,10,1.0,0.0
synthetic,0.2,900026,mixed,0.1,0.7,0.1429,1.0,0.1429,0.0916,1,10,1.0,0.0
synthetic,0.3,900026,mixed,0.1,0.7,0.1429,1.0,0.1667,0.0979,1,10,1.0,0.0
synthetic,0.4,900026,mixed,0.1,0.7,0.1429,1.0,0.1667,0.0979,1,10,1.0,0.0
synthetic,0.5,900026,mixed,0.1,0.7,0.1429,1.0,0.1667,0.0979,1,10,1.0,0.0
synthetic,0.0,900027,mixed,0.1,0.6,0.1667,1.0,0.2,0.1171,6,12,0.3,0.7
synthetic,0.05,900027,mixed,0.1,0.6,0.1667,1.0,0.25,0.1303,5,12,0.5,0.5
synthetic,0.1,900027,mixed,0.1,0.6,0.1667,1.0,0.3333,0.1513,4,12,0.6,0.4
synthetic,0.15,900027,mixed,0.1,0.6,0.1667,1.0,0.3333,0.1513,3,12,0.7,0.3
synthetic,0.2,900027,mixed,0.1,0.6,0.1667,1.0,0.3333,0.1513,2,13,0.9,0.1
synthetic,0.3,900027,mixed,0.1,0.6,0.1667,1.0,0.3333,0.1513,1,13,1.0,0.0
synthetic,0.4,900027,mixed,0.1,0.6,0.1667,1.0,0.3333,0.1513,1,14,1.0,0.0
synthetic,0.5,900027,mixed,0.1,0.6,0.1667,1.0,0.5,0.1909,1,14,1.0,0.0
synthetic,0.0,900028,anime,0.1,0.5,0.2,1.0,0.25,0.1461,2,12,1.0,0.0
synthetic,0.05,900028,anime,0.1,0.5,0.2,1.0,0.25,0.1461,2,12,1.0,0.0
synthetic,0.1,900028,anime,0.1,0.5,0.2,1.0,0.25,0.1461,2,11,1.0,0.0
synthetic,0.15,900028,anime,0.1,0.5,0.2,1.0,0.25,0.1461,2,11,1.0,0.0
synthetic,0.2,900028,anime,0.1,0.5,0.2,1.0,0.25,0.1461,2,11,1.0,0.0
synthetic,0.3,900028,anime,0.1,0.5,0.2,1.0,0.25,0.1461,2,11,1.0,0.0
synthetic,0.4,900028,anime,0.1,0.5,0.2,1.0,0.2,0.1312,2,10,1.0,0.0
synthetic,0.5,900028,anime,0.1,0.5,0.2,1.0,0.25,0.1461,2,10,1.0,0.0
synthetic,0.0,900029,hollywood,0.0,0.5,0.0,0.0,0.0,0.0,2,14,0.9,0.1
synthetic,0.05,900029,hollywood,0.0,0.5,0.0,0.0,0.0,0.0,2,14,0.9,0.1
synthetic,0.1,900029,hollywood,0.0,0.5,0.0,0.0,0.0,0.0,2,14,0.9,0.1
synthetic,0.15,900029,hollywood,0.0,0.5,0.0,0.0,0.0,0.0,1,9,1.0,0.0
synthetic,0.2,900029,hollywood,0.0,0.5,0.0,0.0,0.0,0.0,1,9,1.0,0.0
synthetic,0.3,900029,hollywood,0.0,0.5,0.0,0.0,0.0,0.0,1,9,1.0,0.0
synthetic,0.4,900029,hollywood,0.0,0.5,0.0,0.0,0.0,0.0,1,9,1.0,0.0
synthetic,0.5,900029,hollywood,0.0,0.5,0.0,0.0,0.0,0.0,1,9,1.0,0.0
synthetic,0.0,900030,korean,0.0,0.5,0.0,0.0,0.0,0.0,3,5,0.9,0.1
synthetic,0.05,900030,korean,0.0,0.5,0.0,0.0,0.0,0.0,3,5,0.9,0.1
synthetic,0.1,900030,korean,0.0,0.5,0.0,0.0,0.0,0.0,3,5,0.9,0.1
synthetic,0.15,900030,korean,0.0,0.5,0.0,0.0,0.0,0.0,2,5,1.0,0.0
synthetic,0.2,900030,korean,0.0,0.5,0.0,0.0,0.0,0.0,2,5,1.0,0.0
synthetic,0.3,900030,korean,0.0,0.5,0.0,0.0,0.0,0.0,2,5,1.0,0.0
synthetic,0.4,900030,korean,0.0,0.5,0.0,0.0,0.0,0.0,2,6,1.0,0.0
synthetic,0.5,900030,korean,0.0,0.5,0.0,0.0,0.0,0.0,2,7,1.0,0.0
synthetic,0.0,900031,bollywood,0.0,0.2,0.0,0.0,0.0,0.0,7,10,0.2,0.8
synthetic,0.05,900031,bollywood,0.0,0.2,0.0,0.0,0.0,0.0,7,11,0.4,0.6
synthetic,0.1,900031,bollywood,0.0,0.2,0.0,0.0,0.0,0.0,7,11,0.5,0.5
synthetic,0.15,900031,bollywood,0.0,0.2,0.0,0.0,0.0,0.0,5,11,0.7,0.3
synthetic,0.2,900031,bollywood,0.0,0.2,0.0,0.0,0.0,0.0,4,12,0.8,0.2
synthetic,0.3,900031,bollywood,0.0,0.2,0.0,0.0,0.0,0.0,2,12,1.0,0.0
synthetic,0.4,900031,bollywood,0.0,0.2,0.0,0.0,0.0,0.0,2,11,1.0,0.0
synthetic,0.5,900031,bollywood,0.1,0.2,0.5,1.0,0.1,0.1772,2,11,1.0,0.0
synthetic,0.0,900032,anime,0.1,0.2,0.5,1.0,0.5,0.3869,3,11,0.8,0.2
synthetic,0.05,900032,anime,0.1,0.2,0.5,1.0,0.5,0.3869,3,11,0.8,0.2
synthetic,0.1,900032,anime,0.1,0.2,0.5,1.0,0.5,0.3869,3,11,0.9,0.1
synthetic,0.15,900032,anime,0.1,0.2,0.5,1.0,0.5,0.3869,2,11,1.0,0.0
synthetic,0.2,900032,anime,0.1,0.2,0.5,1.0,0.5,0.3869,2,11,1.0,0.0
synthetic,0.3,900032,anime,0.1,0.2,0.5,1.0,0.5,0.3869,2,11,1.0,0.0
synthetic,0.4,900032,anime,0.1,0.2,0.5,1.0,1.0,0.6131,2,11,1.0,0.0
synthetic,0.5,900032,anime,0.1,0.2,0.5,1.0,1.0,0.6131,2,11,1.0,0.0
synthetic,0.0,900033,mixed,0.0,0.1,0.0,0.0,0.0,0.0,3,10,0.8,0.2
synthetic,0.05,900033,mixed,0.0,0.1,0.0,0.0,0.0,0.0,2,10,0.9,0.1
synthetic,0.1,900033,mixed,0.0,0.1,0.0,0.0,0.0,0.0,1,8,1.0,0.0
synthetic,0.15,900033,mixed,0.0,0.1,0.0,0.0,0.0,0.0,1,8,1.0,0.0
synthetic,0.2,900033,mixed,0.0,0.1,0.0,0.0,0.0,0.0,1,8,1.0,0.0
synthetic,0.3,900033,mixed,0.0,0.1,0.0,0.0,0.0,0.0,1,8,1.0,0.0
synthetic,0.4,900033,mixed,0.0,0.1,0.0,0.0,0.0,0.0,1,8,1.0,0.0
synthetic,0.5,900033,mixed,0.0,0.1,0.0,0.0,0.0,0.0,1,8,1.0,0.0
synthetic,0.0,900034,korean,0.1,0.4,0.25,1.0,0.1667,0.1391,4,7,0.7,0.3
synthetic,0.05,900034,korean,0.1,0.4,0.25,1.0,0.1667,0.1391,3,8,0.8,0.2
synthetic,0.1,900034,korean,0.1,0.4,0.25,1.0,0.1667,0.1391,2,8,0.9,0.1
synthetic,0.15,900034,korean,0.1,0.4,0.25,1.0,0.1667,0.1391,2,8,0.9,0.1
synthetic,0.2,900034,korean,0.1,0.4,0.25,1.0,0.2,0.151,2,8,0.9,0.1
synthetic,0.3,900034,korean,0.1,0.4,0.25,1.0,0.2,0.151,1,8,1.0,0.0
synthetic,0.4,900034,korean,0.1,0.4,0.25,1.0,0.2,0.151,1,8,1.0,0.0
synthetic,0.5,900034,korean,0.1,0.4,0.25,1.0,0.2,0.151,1,8,1.0,0.0
synthetic,0.0,900035,hollywood,0.0,0.2,0.0,0.0,0.0,0.0,1,7,1.0,0.0
synthetic,0.05,900035,hollywood,0.0,0.2,0.0,0.0,0.0,0.0,1,7,1.0,0.0
synthetic,0.1,900035,hollywood,0.0,0.2,0.0,0.0,0.0,0.0,1,7,1.0,0.0
synthetic,0.15,900035,hollywood,0.0,0.2,0.0,0.0,0.0,0.0,1,7,1.0,0.0
synthetic,0.2,900035,hollywood,0.0,0.2,0.0,0.0,0.0,0.0,1,7,1.0,0.0
synthetic,0.3,900035,hollywood,0.0,0.2,0.0,0.0,0.0,0.0,1,7,1.0,0.0
synthetic,0.4,900035,hollywood,0.0,0.2,0.0,0.0,0.0,0.0,1,7,1.0,0.0
synthetic,0.5,900035,hollywood,0.0,0.2,0.0,0.0,0.0,0.0,1,7,1.0,0.0
synthetic,0.0,900036,hollywood,0.1,0.4,0.25,1.0,0.1667,0.1391,2,6,0.9,0.1
synthetic,0.05,900036,hollywood,0.1,0.4,0.25,1.0,0.1667,0.1391,2,6,0.9,0.1
synthetic,0.1,900036,hollywood,0.1,0.4,0.25,1.0,0.1667,0.1391,2,6,0.9,0.1
synthetic,0.15,900036,hollywood,0.1,0.4,0.25,1.0,0.1429,0.1301,2,6,0.9,0.1
synthetic,0.2,900036,hollywood,0.1,0.4,0.25,1.0,0.1429,0.1301,1,6,1.0,0.0
synthetic,0.3,900036,hollywood,0.1,0.4,0.25,1.0,0.1429,0.1301,1,8,1.0,0.0
synthetic,0.4,900036,hollywood,0.1,0.4,0.25,1.0,0.125,0.1232,1,6,1.0,0.0
synthetic,0.5,900036,hollywood,0.0,0.4,0.0,0.0,0.0,0.0,1,7,1.0,0.0
synthetic,0.0,900037,mixed,0.0,0.3,0.0,0.0,0.0,0.0,3,7,0.7,0.3
synthetic,0.05,900037,mixed,0.0,0.3,0.0,0.0,0.0,0.0,2,7,0.9,0.1
synthetic,0.1,900037,mixed,0.0,0.3,0.0,0.0,0.0,0.0,1,6,1.0,0.0
synthetic,0.15,900037,mixed,0.0,0.3,0.0,0.0,0.0,0.0,1,6,1.0,0.0
synthetic,0.2,900037,mixed,0.0,0.3,0.0,0.0,0.0,0.0,1,6,1.0,0.0
synthetic,0.3,900037,mixed,0.0,0.3,0.0,0.0,0.0,0.0,1,6,1.0,0.0
synthetic,0.4,900037,mixed,0.0,0.3,0.0,0.0,0.0,0.0,1,6,1.0,0.0
synthetic,0.5,900037,mixed,0.0,0.3,0.0,0.0,0.0,0.0,1,6,1.0,0.0
synthetic,0.0,900038,bollywood,0.1,0.4,0.25,1.0,1.0,0.3904,2,12,0.9,0.1
synthetic,0.05,900038,bollywood,0.1,0.4,0.25,1.0,1.0,0.3904,2,12,0.9,0.1
synthetic,0.1,900038,bollywood,0.1,0.4,0.25,1.0,1.0,0.3904,1,11,1.0,0.0
synthetic,0.15,900038,bollywood,0.1,0.4,0.25,1.0,1.0,0.3904,2,11,1.0,0.0
synthetic,0.2,900038,bollywood,0.1,0.4,0.25,1.0,1.0,0.3904,2,11,1.0,0.0
synthetic,0.3,900038,bollywood,0.1,0.4,0.25,1.0,1.0,0.3904,2,11,1.0,0.0
synthetic,0.4,900038,bollywood,0.2,0.4,0.5,1.0,0.5,0.3591,2,11,1.0,0.0
synthetic,0.5,900038,bollywood,0.2,0.4,0.5,1.0,0.5,0.4415,2,12,1.0,0.0
synthetic,0.0,900039,anime,0.2,0.6,0.3333,1.0,1.0,0.4935,3,8,0.9,0.1
synthetic,0.05,900039,anime,0.2,0.6,0.3333,1.0,1.0,0.4935,2,9,1.0,0.0
synthetic,0.1,900039,anime,0.2,0.6,0.3333,1.0,1.0,0.4935,2,9,1.0,0.0
synthetic,0.15,900039,anime,0.2,0.6,0.3333,1.0,1.0,0.4935,2,8,1.0,0.0
synthetic,0.2,900039,anime,0.2,0.6,0.3333,1.0,1.0,0.4935,2,9,1.0,0.0
synthetic,0.3,900039,anime,0.2,0.6,0.3333,1.0,1.0,0.4539,2,9,1.0,0.0
synthetic,0.4,900039,anime,0.2,0.6,0.3333,1.0,1.0,0.4329,2,9,1.0,0.0
synthetic,0.5,900039,anime,0.1,0.6,0.1667,1.0,1.0,0.3026,1,10,1.0,0.0
synthetic,0.0,900040,hollywood,0.0,0.6,0.0,0.0,0.0,0.0,1,8,1.0,0.0
synthetic,0.05,900040,hollywood,0.0,0.6,0.0,0.0,0.0,0.0,1,8,1.0,0.0
synthetic,0.1,900040,hollywood,0.0,0.6,0.0,0.0,0.0,0.0,1,8,1.0,0.0
synthetic,0.15,900040,hollywood,0.0,0.6,0.0,0.0,0.0,0.0,1,8,1.0,0.0
synthetic,0.2,900040,hollywood,0.0,0.6,0.0,0.0,0.0,0.0,1,8,1.0,0.0
synthetic,0.3,900040,hollywood,0.0,0.6,0.0,0.0,0.0,0.0,1,8,1.0,0.0
synthetic,0.4,900040,hollywood,0.0,0.6,0.0,0.0,0.0,0.0,1,8,1.0,0.0
synthetic,0.5,900040,hollywood,0.0,0.6,0.0,0.0,0.0,0.0,1,8,1.0,0.0
synthetic,0.0,900041,anime,0.0,0.5,0.0,0.0,0.0,0.0,2,10,0.9,0.1
synthetic,0.05,900041,anime,0.0,0.5,0.0,0.0,0.0,0.0,2,10,0.9,0.1
synthetic,0.1,900041,anime,0.0,0.5,0.0,0.0,0.0,0.0,2,10,0.9,0.1
synthetic,0.15,900041,anime,0.0,0.5,0.0,0.0,0.0,0.0,1,10,1.0,0.0
synthetic,0.2,900041,anime,0.0,0.5,0.0,0.0,0.0,0.0,1,10,1.0,0.0
synthetic,0.3,900041,anime,0.0,0.5,0.0,0.0,0.0,0.0,1,10,1.0,0.0
synthetic,0.4,900041,anime,0.0,0.5,0.0,0.0,0.0,0.0,1,10,1.0,0.0
synthetic,0.5,900041,anime,0.0,0.5,0.0,0.0,0.0,0.0,1,9,1.0,0.0
synthetic,0.0,900042,bollywood,0.0,0.3,0.0,0.0,0.0,0.0,1,6,1.0,0.0
synthetic,0.05,900042,bollywood,0.0,0.3,0.0,0.0,0.0,0.0,1,6,1.0,0.0
synthetic,0.1,900042,bollywood,0.0,0.3,0.0,0.0,0.0,0.0,2,9,1.0,0.0
synthetic,0.15,900042,bollywood,0.0,0.3,0.0,0.0,0.0,0.0,2,9,1.0,0.0
synthetic,0.2,900042,bollywood,0.0,0.3,0.0,0.0,0.0,0.0,2,9,1.0,0.0
synthetic,0.3,900042,bollywood,0.0,0.3,0.0,0.0,0.0,0.0,2,9,1.0,0.0
synthetic,0.4,900042,bollywood,0.0,0.3,0.0,0.0,0.0,0.0,2,8,1.0,0.0
synthetic,0.5,900042,bollywood,0.0,0.3,0.0,0.0,0.0,0.0,2,7,1.0,0.0
synthetic,0.0,900043,bollywood,0.0,0.5,0.0,0.0,0.0,0.0,2,11,0.8,0.2
synthetic,0.05,900043,bollywood,0.0,0.5,0.0,0.0,0.0,0.0,2,11,0.8,0.2
synthetic,0.1,900043,bollywood,0.0,0.5,0.0,0.0,0.0,0.0,3,11,0.9,0.1
synthetic,0.15,900043,bollywood,0.0,0.5,0.0,0.0,0.0,0.0,2,11,1.0,0.0
synthetic,0.2,900043,bollywood,0.0,0.5,0.0,0.0,0.0,0.0,2,11,1.0,0.0
synthetic,0.3,900043,bollywood,0.0,0.5,0.0,0.0,0.0,0.0,2,11,1.0,0.0
synthetic,0.4,900043,bollywood,0.0,0.5,0.0,0.0,0.0,0.0,2,11,1.0,0.0
synthetic,0.5,900043,bollywood,0.0,0.5,0.0,0.0,0.0,0.0,2,11,1.0,0.0
synthetic,0.0,900044,mixed,0.0,0.4,0.0,0.0,0.0,0.0,4,11,0.6,0.4
synthetic,0.05,900044,mixed,0.0,0.4,0.0,0.0,0.0,0.0,3,10,0.7,0.3
synthetic,0.1,900044,mixed,0.0,0.4,0.0,0.0,0.0,0.0,3,11,0.8,0.2
synthetic,0.15,900044,mixed,0.0,0.4,0.0,0.0,0.0,0.0,2,10,1.0,0.0
synthetic,0.2,900044,mixed,0.0,0.4,0.0,0.0,0.0,0.0,2,10,1.0,0.0
synthetic,0.3,900044,mixed,0.0,0.4,0.0,0.0,0.0,0.0,2,9,1.0,0.0
synthetic,0.4,900044,mixed,0.0,0.4,0.0,0.0,0.0,0.0,2,9,1.0,0.0
synthetic,0.5,900044,mixed,0.0,0.4,0.0,0.0,0.0,0.0,1,9,1.0,0.0
synthetic,0.0,900045,anime,0.2,0.7,0.2857,1.0,1.0,0.3812,3,10,0.9,0.1
synthetic,0.05,900045,anime,0.2,0.7,0.2857,1.0,1.0,0.3812,2,10,1.0,0.0
synthetic,0.1,900045,anime,0.2,0.7,0.2857,1.0,1.0,0.3812,2,10,1.0,0.0
synthetic,0.15,900045,anime,0.3,0.7,0.4286,1.0,1.0,0.4679,2,10,1.0,0.0
synthetic,0.2,900045,anime,0.3,0.7,0.4286,1.0,1.0,0.4679,1,10,1.0,0.0
synthetic,0.3,900045,anime,0.3,0.7,0.4286,1.0,1.0,0.4791,1,10,1.0,0.0
synthetic,0.4,900045,anime,0.4,0.7,0.5714,1.0,1.0,0.5586,1,10,1.0,0.0
synthetic,0.5,900045,anime,0.4,0.7,0.5714,1.0,1.0,0.5969,1,10,1.0,0.0
synthetic,0.0,900046,anime,0.2,0.3,0.6667,1.0,0.2,0.338,3,7,0.9,0.1
synthetic,0.05,900046,anime,0.2,0.3,0.6667,1.0,0.25,0.3693,2,7,1.0,0.0
synthetic,0.1,900046,anime,0.2,0.3,0.6667,1.0,0.25,0.3836,2,7,1.0,0.0
synthetic,0.15,900046,anime,0.2,0.3,0.6667,1.0,0.3333,0.4162,2,7,1.0,0.0
synthetic,0.2,900046,anime,0.2,0.3,0.6667,1.0,0.3333,0.4162,2,7,1.0,0.0
synthetic,0.3,900046,anime,0.2,0.3,0.6667,1.0,0.3333,0.4367,2,10,1.0,0.0
synthetic,0.4,900046,anime,0.2,0.3,0.6667,1.0,0.3333,0.4162,2,10,1.0,0.0
synthetic,0.5,900046,anime,0.2,0.3,0.6667,1.0,0.25,0.3693,1,11,1.0,0.0
synthetic,0.0,900047,hollywood,0.0,0.6,0.0,0.0,0.0,0.0,2,10,0.8,0.2
synthetic,0.05,900047,hollywood,0.0,0.6,0.0,0.0,0.0,0.0,2,10,0.8,0.2
synthetic,0.1,900047,hollywood,0.0,0.6,0.0,0.0,0.0,0.0,1,9,1.0,0.0
synthetic,0.15,900047,hollywood,0.0,0.6,0.0,0.0,0.0,0.0,1,9,1.0,0.0
synthetic,0.2,900047,hollywood,0.0,0.6,0.0,0.0,0.0,0.0,1,9,1.0,0.0
synthetic,0.3,900047,hollywood,0.0,0.6,0.0,0.0,0.0,0.0,1,9,1.0,0.0
synthetic,0.4,900047,hollywood,0.0,0.6,0.0,0.0,0.0,0.0,1,9,1.0,0.0
synthetic,0.5,900047,hollywood,0.0,0.6,0.0,0.0,0.0,0.0,1,9,1.0,0.0
synthetic,0.0,900048,hollywood,0.0,0.5,0.0,0.0,0.0,0.0,1,7,1.0,0.0
synthetic,0.05,900048,hollywood,0.0,0.5,0.0,0.0,0.0,0.0,1,7,1.0,0.0
synthetic,0.1,900048,hollywood,0.0,0.5,0.0,0.0,0.0,0.0,1,7,1.0,0.0
synthetic,0.15,900048,hollywood,0.0,0.5,0.0,0.0,0.0,0.0,1,7,1.0,0.0
synthetic,0.2,900048,hollywood,0.0,0.5,0.0,0.0,0.0,0.0,1,7,1.0,0.0
synthetic,0.3,900048,hollywood,0.0,0.5,0.0,0.0,0.0,0.0,1,7,1.0,0.0
synthetic,0.4,900048,hollywood,0.0,0.5,0.0,0.0,0.0,0.0,1,7,1.0,0.0
synthetic,0.5,900048,hollywood,0.0,0.5,0.0,0.0,0.0,0.0,1,7,1.0,0.0
synthetic,0.0,900049,hollywood,0.1,0.9,0.1111,1.0,0.5,0.1483,2,12,0.9,0.1
synthetic,0.05,900049,hollywood,0.1,0.9,0.1111,1.0,0.3333,0.1175,2,12,0.9,0.1
synthetic,0.1,900049,hollywood,0.1,0.9,0.1111,1.0,0.1429,0.0783,2,12,0.9,0.1
synthetic,0.15,900049,hollywood,0.1,0.9,0.1111,1.0,0.1111,0.0708,2,12,0.9,0.1
synthetic,0.2,900049,hollywood,0.0,0.9,0.0,0.0,0.0,0.0,1,10,1.0,0.0
synthetic,0.3,900049,hollywood,0.0,0.9,0.0,0.0,0.0,0.0,1,9,1.0,0.0
synthetic,0.4,900049,hollywood,0.0,0.9,0.0,0.0,0.0,0.0,1,10,1.0,0.0
synthetic,0.5,900049,hollywood,0.0,0.9,0.0,0.0,0.0,0.0,1,10,1.0,0.0
synthetic,0.0,900050,hollywood,0.2,0.6,0.3333,1.0,0.5,0.2918,1,8,1.0,0.0
synthetic,0.05,900050,hollywood,0.2,0.6,0.3333,1.0,0.5,0.2987,1,8,1.0,0.0
synthetic,0.1,900050,hollywood,0.2,0.6,0.3333,1.0,0.5,0.2987,1,8,1.0,0.0
synthetic,0.15,900050,hollywood,0.2,0.6,0.3333,1.0,0.5,0.2987,1,8,1.0,0.0
synthetic,0.2,900050,hollywood,0.2,0.6,0.3333,1.0,0.5,0.308,1,8,1.0,0.0
synthetic,0.3,900050,hollywood,0.2,0.6,0.3333,1.0,0.5,0.308,1,8,1.0,0.0
synthetic,0.4,900050,hollywood,0.2,0.6,0.3333,1.0,0.5,0.3212,1,8,1.0,0.0
synthetic,0.5,900050,hollywood,0.2,0.6,0.3333,1.0,0.5,0.3212,1,8,1.0,0.0
synthetic,0.0,900051,korean,0.1,0.3,0.3333,1.0,0.1,0.1357,4,8,0.5,0.5
synthetic,0.05,900051,korean,0.1,0.3,0.3333,1.0,0.1667,0.1672,4,5,0.6,0.4
synthetic,0.1,900051,korean,0.1,0.3,0.3333,1.0,0.2,0.1815,2,5,0.9,0.1
synthetic,0.15,900051,korean,0.1,0.3,0.3333,1.0,0.2,0.1815,1,4,1.0,0.0
synthetic,0.2,900051,korean,0.1,0.3,0.3333,1.0,0.2,0.1815,1,4,1.0,0.0
synthetic,0.3,900051,korean,0.2,0.3,0.6667,1.0,0.1429,0.3045,2,6,1.0,0.0
synthetic,0.4,900051,korean,0.1,0.3,0.3333,1.0,0.3333,0.2346,2,6,1.0,0.0
synthetic,0.5,900051,korean,0.1,0.3,0.3333,1.0,0.3333,0.2346,1,8,1.0,0.0
synthetic,0.0,900052,korean,0.0,0.6,0.0,0.0,0.0,0.0,6,8,0.6,0.4
synthetic,0.05,900052,korean,0.0,0.6,0.0,0.0,0.0,0.0,5,9,0.7,0.3
synthetic,0.1,900052,korean,0.0,0.6,0.0,0.0,0.0,0.0,3,9,0.9,0.1
synthetic,0.15,900052,korean,0.0,0.6,0.0,0.0,0.0,0.0,3,8,0.9,0.1
synthetic,0.2,900052,korean,0.1,0.6,0.1667,1.0,0.1111,0.0911,2,9,1.0,0.0
synthetic,0.3,900052,korean,0.1,0.6,0.1667,1.0,0.1667,0.1078,2,8,1.0,0.0
synthetic,0.4,900052,korean,0.1,0.6,0.1667,1.0,0.2,0.1171,2,8,1.0,0.0
synthetic,0.5,900052,korean,0.1,0.6,0.1667,1.0,0.2,0.1171,1,10,1.0,0.0
synthetic,0.0,900053,anime,0.0,0.7,0.0,0.0,0.0,0.0,2,11,1.0,0.0
synthetic,0.05,900053,anime,0.0,0.7,0.0,0.0,0.0,0.0,2,11,1.0,0.0
synthetic,0.1,900053,anime,0.0,0.7,0.0,0.0,0.0,0.0,2,10,1.0,0.0
synthetic,0.15,900053,anime,0.0,0.7,0.0,0.0,0.0,0.0,2,10,1.0,0.0
synthetic,0.2,900053,anime,0.0,0.7,0.0,0.0,0.0,0.0,2,10,1.0,0.0
synthetic,0.3,900053,anime,0.1,0.7,0.1429,1.0,0.1,0.0795,1,10,1.0,0.0
synthetic,0.4,900053,anime,0.0,0.7,0.0,0.0,0.0,0.0,1,10,1.0,0.0
synthetic,0.5,900053,anime,0.1,0.7,0.1429,1.0,0.1,0.0795,1,9,1.0,0.0
synthetic,0.0,900054,anime,0.1,0.2,0.5,1.0,0.2,0.2372,3,8,0.9,0.1
synthetic,0.05,900054,anime,0.1,0.2,0.5,1.0,0.25,0.2641,3,8,0.9,0.1
synthetic,0.1,900054,anime,0.1,0.2,0.5,1.0,0.25,0.2641,2,8,1.0,0.0
synthetic,0.15,900054,anime,0.1,0.2,0.5,1.0,0.25,0.2641,2,8,1.0,0.0
synthetic,0.2,900054,anime,0.1,0.2,0.5,1.0,0.25,0.2641,1,8,1.0,0.0
synthetic,0.3,900054,anime,0.1,0.2,0.5,1.0,0.25,0.2641,1,8,1.0,0.0
synthetic,0.4,900054,anime,0.1,0.2,0.5,1.0,0.25,0.2641,1,8,1.0,0.0
synthetic,0.5,900054,anime,0.1,0.2,0.5,1.0,0.2,0.2372,1,9,1.0,0.0
synthetic,0.0,900055,korean,0.0,0.5,0.0,0.0,0.0,0.0,4,8,0.8,0.2
synthetic,0.05,900055,korean,0.0,0.5,0.0,0.0,0.0,0.0,4,8,0.8,0.2
synthetic,0.1,900055,korean,0.0,0.5,0.0,0.0,0.0,0.0,3,8,0.9,0.1
synthetic,0.15,900055,korean,0.0,0.5,0.0,0.0,0.0,0.0,2,8,1.0,0.0
synthetic,0.2,900055,korean,0.0,0.5,0.0,0.0,0.0,0.0,2,8,1.0,0.0
synthetic,0.3,900055,korean,0.0,0.5,0.0,0.0,0.0,0.0,2,9,1.0,0.0
synthetic,0.4,900055,korean,0.0,0.5,0.0,0.0,0.0,0.0,2,8,1.0,0.0
synthetic,0.5,900055,korean,0.0,0.5,0.0,0.0,0.0,0.0,2,9,1.0,0.0
synthetic,0.0,900056,korean,0.0,0.5,0.0,0.0,0.0,0.0,5,5,0.6,0.4
synthetic,0.05,900056,korean,0.0,0.5,0.0,0.0,0.0,0.0,4,5,0.7,0.3
synthetic,0.1,900056,korean,0.0,0.5,0.0,0.0,0.0,0.0,4,5,0.7,0.3
synthetic,0.15,900056,korean,0.0,0.5,0.0,0.0,0.0,0.0,3,5,0.9,0.1
synthetic,0.2,900056,korean,0.0,0.5,0.0,0.0,0.0,0.0,3,5,0.9,0.1
synthetic,0.3,900056,korean,0.0,0.5,0.0,0.0,0.0,0.0,2,7,1.0,0.0
synthetic,0.4,900056,korean,0.1,0.5,0.2,1.0,0.1667,0.1208,2,7,1.0,0.0
synthetic,0.5,900056,korean,0.2,0.5,0.4,1.0,0.1667,0.2278,1,9,1.0,0.0
synthetic,0.0,900057,bollywood,0.1,0.5,0.2,1.0,0.1429,0.1131,5,10,0.7,0.3
synthetic,0.05,900057,bollywood,0.1,0.5,0.2,1.0,0.2,0.1312,4,8,0.8,0.2
synthetic,0.1,900057,bollywood,0.2,0.5,0.4,1.0,0.2,0.2292,2,10,1.0,0.0
synthetic,0.15,900057,bollywood,0.2,0.5,0.4,1.0,0.1667,0.2189,2,10,1.0,0.0
synthetic,0.2,900057,bollywood,0.1,0.5,0.2,1.0,0.1667,0.1208,2,11,1.0,0.0
synthetic,0.3,900057,bollywood,0.1,0.5,0.2,1.0,0.1667,0.1208,2,9,1.0,0.0
synthetic,0.4,900057,bollywood,0.1,0.5,0.2,1.0,0.125,0.107,2,9,1.0,0.0
synthetic,0.5,900057,bollywood,0.2,0.5,0.4,1.0,0.1429,0.2152,2,8,1.0,0.0
synthetic,0.0,900058,hollywood,0.0,0.6,0.0,0.0,0.0,0.0,2,14,0.9,0.1
synthetic,0.05,900058,hollywood,0.0,0.6,0.0,0.0,0.0,0.0,2,14,0.9,0.1
synthetic,0.1,900058,hollywood,0.0,0.6,0.0,0.0,0.0,0.0,2,14,0.9,0.1
synthetic,0.15,900058,hollywood,0.0,0.6,0.0,0.0,0.0,0.0,2,14,0.9,0.1
synthetic,0.2,900058,hollywood,0.0,0.6,0.0,0.0,0.0,0.0,2,14,0.9,0.1
synthetic,0.3,900058,hollywood,0.0,0.6,0.0,0.0,0.0,0.0,1,10,1.0,0.0
synthetic,0.4,900058,hollywood,0.0,0.6,0.0,0.0,0.0,0.0,1,10,1.0,0.0
synthetic,0.5,900058,hollywood,0.0,0.6,0.0,0.0,0.0,0.0,1,10,1.0,0.0
synthetic,0.0,900059,korean,0.0,0.6,0.0,0.0,0.0,0.0,6,9,0.3,0.7
synthetic,0.05,900059,korean,0.0,0.6,0.0,0.0,0.0,0.0,7,5,0.5,0.5
synthetic,0.1,900059,korean,0.0,0.6,0.0,0.0,0.0,0.0,5,5,0.7,0.3
synthetic,0.15,900059,korean,0.0,0.6,0.0,0.0,0.0,0.0,3,6,0.9,0.1
synthetic,0.2,900059,korean,0.1,0.6,0.1667,1.0,0.1111,0.0911,3,6,0.9,0.1
synthetic,0.3,900059,korean,0.1,0.6,0.1667,1.0,0.25,0.1303,2,6,1.0,0.0
synthetic,0.4,900059,korean,0.1,0.6,0.1667,1.0,0.5,0.1909,2,8,1.0,0.0
synthetic,0.5,900059,korean,0.1,0.6,0.1667,1.0,0.5,0.1909,1,9,1.0,0.0
synthetic,0.0,900060,bollywood,0.1,0.4,0.25,1.0,0.3333,0.1952,1,12,0.8,0.2
synthetic,0.05,900060,bollywood,0.1,0.4,0.25,1.0,0.3333,0.1952,1,12,0.8,0.2
synthetic,0.1,900060,bollywood,0.1,0.4,0.25,1.0,0.3333,0.1952,1,12,0.9,0.1
synthetic,0.15,900060,bollywood,0.1,0.4,0.25,1.0,0.3333,0.1952,1,12,1.0,0.0
synthetic,0.2,900060,bollywood,0.1,0.4,0.25,1.0,0.3333,0.1952,1,12,1.0,0.0
synthetic,0.3,900060,bollywood,0.1,0.4,0.25,1.0,0.3333,0.1952,1,12,1.0,0.0
synthetic,0.4,900060,bollywood,0.1,0.4,0.25,1.0,0.3333,0.1952,2,12,1.0,0.0
synthetic,0.5,900060,bollywood,0.1,0.4,0.25,1.0,0.5,0.2463,2,12,1.0,0.0
synthetic,0.0,900061,hollywood,0.0,0.8,0.0,0.0,0.0,0.0,4,9,0.6,0.4
synthetic,0.05,900061,hollywood,0.0,0.8,0.0,0.0,0.0,0.0,4,9,0.7,0.3
synthetic,0.1,900061,hollywood,0.0,0.8,0.0,0.0,0.0,0.0,2,9,0.9,0.1
synthetic,0.15,900061,hollywood,0.0,0.8,0.0,0.0,0.0,0.0,2,9,0.9,0.1
synthetic,0.2,900061,hollywood,0.0,0.8,0.0,0.0,0.0,0.0,1,9,1.0,0.0
synthetic,0.3,900061,hollywood,0.0,0.8,0.0,0.0,0.0,0.0,1,9,1.0,0.0
synthetic,0.4,900061,hollywood,0.0,0.8,0.0,0.0,0.0,0.0,1,9,1.0,0.0
synthetic,0.5,900061,hollywood,0.0,0.8,0.0,0.0,0.0,0.0,1,9,1.0,0.0
synthetic,0.0,900062,anime,0.1,0.3,0.3333,1.0,1.0,0.4693,3,9,0.9,0.1
synthetic,0.05,900062,anime,0.1,0.3,0.3333,1.0,1.0,0.4693,3,10,0.9,0.1
synthetic,0.1,900062,anime,0.1,0.3,0.3333,1.0,1.0,0.4693,3,10,0.9,0.1
synthetic,0.15,900062,anime,0.1,0.3,0.3333,1.0,1.0,0.4693,3,9,0.9,0.1
synthetic,0.2,900062,anime,0.1,0.3,0.3333,1.0,1.0,0.4693,2,9,1.0,0.0
synthetic,0.3,900062,anime,0.1,0.3,0.3333,1.0,1.0,0.4693,2,9,1.0,0.0
synthetic,0.4,900062,anime,0.2,0.3,0.6667,1.0,1.0,0.6105,1,9,1.0,0.0
synthetic,0.5,900062,anime,0.2,0.3,0.6667,1.0,1.0,0.6049,1,11,1.0,0.0
synthetic,0.0,900063,bollywood,0.1,0.4,0.25,1.0,0.3333,0.1952,2,12,0.9,0.1
synthetic,0.05,900063,bollywood,0.1,0.4,0.25,1.0,0.3333,0.1952,1,12,1.0,0.0
synthetic,0.1,900063,bollywood,0.1,0.4,0.25,1.0,0.3333,0.1952,1,12,1.0,0.0
synthetic,0.15,900063,bollywood,0.1,0.4,0.25,1.0,0.3333,0.1952,1,12,1.0,0.0
synthetic,0.2,900063,bollywood,0.1,0.4,0.25,1.0,0.3333,0.1952,1,12,1.0,0.0
synthetic,0.3,900063,bollywood,0.1,0.4,0.25,1.0,0.3333,0.1952,1,12,1.0,0.0
synthetic,0.4,900063,bollywood,0.1,0.4,0.25,1.0,0.3333,0.1952,2,13,1.0,0.0
synthetic,0.5,900063,bollywood,0.2,0.4,0.5,1.0,0.25,0.281,2,13,1.0,0.0
synthetic,0.0,900064,bollywood,0.0,0.4,0.0,0.0,0.0,0.0,4,9,0.6,0.4
synthetic,0.05,900064,bollywood,0.0,0.4,0.0,0.0,0.0,0.0,4,9,0.6,0.4
synthetic,0.1,900064,bollywood,0.0,0.4,0.0,0.0,0.0,0.0,2,9,0.9,0.1
synthetic,0.15,900064,bollywood,0.0,0.4,0.0,0.0,0.0,0.0,2,9,0.9,0.1
synthetic,0.2,900064,bollywood,0.0,0.4,0.0,0.0,0.0,0.0,1,9,1.0,0.0
synthetic,0.3,900064,bollywood,0.0,0.4,0.0,0.0,0.0,0.0,2,10,1.0,0.0
synthetic,0.4,900064,bollywood,0.0,0.4,0.0,0.0,0.0,0.0,2,11,1.0,0.0
synthetic,0.5,900064,bollywood,0.0,0.4,0.0,0.0,0.0,0.0,2,10,1.0,0.0
synthetic,0.0,900065,anime,0.1,0.4,0.25,1.0,0.1429,0.1301,2,10,1.0,0.0
synthetic,0.05,900065,anime,0.1,0.4,0.25,1.0,0.1429,0.1301,2,10,1.0,0.0
synthetic,0.1,900065,anime,0.1,0.4,0.25,1.0,0.1429,0.1301,2,10,1.0,0.0
synthetic,0.15,900065,anime,0.1,0.4,0.25,1.0,0.1429,0.1301,2,10,1.0,0.0
synthetic,0.2,900065,anime,0.1,0.4,0.25,1.0,0.125,0.1232,2,10,1.0,0.0
synthetic,0.3,900065,anime,0.1,0.4,0.25,1.0,0.125,0.1232,2,10,1.0,0.0
synthetic,0.4,900065,anime,0.1,0.4,0.25,1.0,0.1429,0.1301,2,10,1.0,0.0
synthetic,0.5,900065,anime,0.1,0.4,0.25,1.0,0.1429,0.1301,2,10,1.0,0.0
synthetic,0.0,900066,bollywood,0.1,0.5,0.2,1.0,0.5,0.214,1,5,1.0,0.0
synthetic,0.05,900066,bollywood,0.1,0.5,0.2,1.0,0.5,0.214,1,5,1.0,0.0
synthetic,0.1,900066,bollywood,0.1,0.5,0.2,1.0,0.5,0.214,1,5,1.0,0.0
synthetic,0.15,900066,bollywood,0.1,0.5,0.2,1.0,0.5,0.214,1,5,1.0,0.0
synthetic,0.2,900066,bollywood,0.1,0.5,0.2,1.0,0.5,0.214,1,5,1.0,0.0
synthetic,0.3,900066,bollywood,0.1,0.5,0.2,1.0,0.5,0.214,1,5,1.0,0.0
synthetic,0.4,900066,bollywood,0.1,0.5,0.2,1.0,0.5,0.214,1,5,1.0,0.0
synthetic,0.5,900066,bollywood,0.1,0.5,0.2,1.0,0.5,0.214,2,9,1.0,0.0
synthetic,0.0,900067,anime,0.1,0.3,0.3333,1.0,0.1,0.1357,2,11,1.0,0.0
synthetic,0.05,900067,anime,0.1,0.3,0.3333,1.0,0.1,0.1357,2,11,1.0,0.0
synthetic,0.1,900067,anime,0.1,0.3,0.3333,1.0,0.1111,0.1413,2,11,1.0,0.0
synthetic,0.15,900067,anime,0.1,0.3,0.3333,1.0,0.1111,0.1413,2,11,1.0,0.0
synthetic,0.2,900067,anime,0.1,0.3,0.3333,1.0,0.1111,0.1413,2,11,1.0,0.0
synthetic,0.3,900067,anime,0.1,0.3,0.3333,1.0,0.125,0.148,2,11,1.0,0.0
synthetic,0.4,900067,anime,0.1,0.3,0.3333,1.0,0.125,0.148,2,11,1.0,0.0
synthetic,0.5,900067,anime,0.1,0.3,0.3333,1.0,0.1,0.1357,2,12,1.0,0.0
synthetic,0.0,900068,hollywood,0.0,0.4,0.0,0.0,0.0,0.0,2,9,0.8,0.2
synthetic,0.05,900068,hollywood,0.0,0.4,0.0,0.0,0.0,0.0,1,10,0.9,0.1
synthetic,0.1,900068,hollywood,0.0,0.4,0.0,0.0,0.0,0.0,1,9,1.0,0.0
synthetic,0.15,900068,hollywood,0.0,0.4,0.0,0.0,0.0,0.0,1,9,1.0,0.0
synthetic,0.2,900068,hollywood,0.0,0.4,0.0,0.0,0.0,0.0,1,9,1.0,0.0
synthetic,0.3,900068,hollywood,0.0,0.4,0.0,0.0,0.0,0.0,1,9,1.0,0.0
synthetic,0.4,900068,hollywood,0.0,0.4,0.0,0.0,0.0,0.0,1,9,1.0,0.0
synthetic,0.5,900068,hollywood,0.0,0.4,0.0,0.0,0.0,0.0,1,9,1.0,0.0
synthetic,0.0,900069,mixed,0.1,0.8,0.125,1.0,0.3333,0.1265,3,12,0.7,0.3
synthetic,0.05,900069,mixed,0.1,0.8,0.125,1.0,0.3333,0.1265,3,12,0.7,0.3
synthetic,0.1,900069,mixed,0.1,0.8,0.125,1.0,0.3333,0.1265,2,10,0.9,0.1
synthetic,0.15,900069,mixed,0.1,0.8,0.125,1.0,0.3333,0.1265,2,10,0.9,0.1
synthetic,0.2,900069,mixed,0.1,0.8,0.125,1.0,0.3333,0.1265,1,9,1.0,0.0
synthetic,0.3,900069,mixed,0.1,0.8,0.125,1.0,0.3333,0.1265,1,9,1.0,0.0
synthetic,0.4,900069,mixed,0.1,0.8,0.125,1.0,0.3333,0.1265,1,9,1.0,0.0
synthetic,0.5,900069,mixed,0.1,0.8,0.125,1.0,0.3333,0.1265,1,9,1.0,0.0
synthetic,0.0,900070,anime,0.1,0.3,0.3333,1.0,0.1111,0.1413,2,9,1.0,0.0
synthetic,0.05,900070,anime,0.1,0.3,0.3333,1.0,0.1111,0.1413,2,9,1.0,0.0
synthetic,0.1,900070,anime,0.1,0.3,0.3333,1.0,0.125,0.148,2,9,1.0,0.0
synthetic,0.15,900070,anime,0.1,0.3,0.3333,1.0,0.1667,0.1672,2,10,1.0,0.0
synthetic,0.2,900070,anime,0.1,0.3,0.3333,1.0,0.2,0.1815,2,10,1.0,0.0
synthetic,0.3,900070,anime,0.1,0.3,0.3333,1.0,0.5,0.2961,2,11,1.0,0.0
synthetic,0.4,900070,anime,0.1,0.3,0.3333,1.0,0.5,0.2961,1,12,1.0,0.0
synthetic,0.5,900070,anime,0.1,0.3,0.3333,1.0,0.5,0.2961,1,12,1.0,0.0
synthetic,0.0,900071,hollywood,0.1,0.5,0.2,1.0,0.2,0.1312,3,6,0.8,0.2
synthetic,0.05,900071,hollywood,0.1,0.5,0.2,1.0,0.2,0.1312,2,6,0.9,0.1
synthetic,0.1,900071,hollywood,0.1,0.5,0.2,1.0,0.25,0.1461,2,6,0.9,0.1
synthetic,0.15,900071,hollywood,0.1,0.5,0.2,1.0,0.25,0.1461,1,8,1.0,0.0
synthetic,0.2,900071,hollywood,0.1,0.5,0.2,1.0,0.25,0.1461,1,8,1.0,0.0
synthetic,0.3,900071,hollywood,0.1,0.5,0.2,1.0,0.25,0.1461,1,8,1.0,0.0
synthetic,0.4,900071,hollywood,0.1,0.5,0.2,1.0,0.25,0.1461,1,8,1.0,0.0
synthetic,0.5,900071,hollywood,0.1,0.5,0.2,1.0,0.25,0.1461,1,6,1.0,0.0
synthetic,0.0,900072,hollywood,0.0,0.3,0.0,0.0,0.0,0.0,1,8,1.0,0.0
synthetic,0.05,900072,hollywood,0.0,0.3,0.0,0.0,0.0,0.0,1,8,1.0,0.0
synthetic,0.1,900072,hollywood,0.0,0.3,0.0,0.0,0.0,0.0,1,8,1.0,0.0
synthetic,0.15,900072,hollywood,0.0,0.3,0.0,0.0,0.0,0.0,1,8,1.0,0.0
synthetic,0.2,900072,hollywood,0.0,0.3,0.0,0.0,0.0,0.0,1,8,1.0,0.0
synthetic,0.3,900072,hollywood,0.0,0.3,0.0,0.0,0.0,0.0,1,8,1.0,0.0
synthetic,0.4,900072,hollywood,0.0,0.3,0.0,0.0,0.0,0.0,1,8,1.0,0.0
synthetic,0.5,900072,hollywood,0.0,0.3,0.0,0.0,0.0,0.0,1,8,1.0,0.0
synthetic,0.0,900073,mixed,0.1,0.6,0.1667,1.0,0.1,0.0875,3,12,0.7,0.3
synthetic,0.05,900073,mixed,0.0,0.6,0.0,0.0,0.0,0.0,2,12,0.8,0.2
synthetic,0.1,900073,mixed,0.0,0.6,0.0,0.0,0.0,0.0,2,12,0.9,0.1
synthetic,0.15,900073,mixed,0.0,0.6,0.0,0.0,0.0,0.0,1,12,1.0,0.0
synthetic,0.2,900073,mixed,0.0,0.6,0.0,0.0,0.0,0.0,1,12,1.0,0.0
synthetic,0.3,900073,mixed,0.0,0.6,0.0,0.0,0.0,0.0,1,12,1.0,0.0
synthetic,0.4,900073,mixed,0.0,0.6,0.0,0.0,0.0,0.0,1,12,1.0,0.0
synthetic,0.5,900073,mixed,0.0,0.6,0.0,0.0,0.0,0.0,1,12,1.0,0.0
synthetic,0.0,900074,hollywood,0.0,0.3,0.0,0.0,0.0,0.0,3,12,0.8,0.2
synthetic,0.05,900074,hollywood,0.0,0.3,0.0,0.0,0.0,0.0,1,10,1.0,0.0
synthetic,0.1,900074,hollywood,0.0,0.3,0.0,0.0,0.0,0.0,1,10,1.0,0.0
synthetic,0.15,900074,hollywood,0.0,0.3,0.0,0.0,0.0,0.0,1,10,1.0,0.0
synthetic,0.2,900074,hollywood,0.0,0.3,0.0,0.0,0.0,0.0,1,10,1.0,0.0
synthetic,0.3,900074,hollywood,0.0,0.3,0.0,0.0,0.0,0.0,1,11,1.0,0.0
synthetic,0.4,900074,hollywood,0.0,0.3,0.0,0.0,0.0,0.0,1,8,1.0,0.0
synthetic,0.5,900074,hollywood,0.0,0.3,0.0,0.0,0.0,0.0,1,9,1.0,0.0
synthetic,0.0,900075,hollywood,0.2,0.6,0.3333,1.0,0.25,0.2381,1,10,1.0,0.0
synthetic,0.05,900075,hollywood,0.2,0.6,0.3333,1.0,0.25,0.2381,1,10,1.0,0.0
synthetic,0.1,900075,hollywood,0.2,0.6,0.3333,1.0,0.25,0.2381,1,10,1.0,0.0
synthetic,0.15,900075,hollywood,0.2,0.6,0.3333,1.0,0.25,0.2381,1,10,1.0,0.0
synthetic,0.2,900075,hollywood,0.2,0.6,0.3333,1.0,0.25,0.2381,1,10,1.0,0.0
synthetic,0.3,900075,hollywood,0.2,0.6,0.3333,1.0,0.2,0.2249,1,10,1.0,0.0
synthetic,0.4,900075,hollywood,0.2,0.6,0.3333,1.0,0.2,0.2249,1,10,1.0,0.0
synthetic,0.5,900075,hollywood,0.2,0.6,0.3333,1.0,0.2,0.2179,1,10,1.0,0.0
synthetic,0.0,900076,hollywood,0.0,0.6,0.0,0.0,0.0,0.0,2,12,0.9,0.1
synthetic,0.05,900076,hollywood,0.0,0.6,0.0,0.0,0.0,0.0,1,11,1.0,0.0
synthetic,0.1,900076,hollywood,0.0,0.6,0.0,0.0,0.0,0.0,1,11,1.0,0.0
synthetic,0.15,900076,hollywood,0.0,0.6,0.0,0.0,0.0,0.0,1,11,1.0,0.0
synthetic,0.2,900076,hollywood,0.0,0.6,0.0,0.0,0.0,0.0,1,11,1.0,0.0
synthetic,0.3,900076,hollywood,0.0,0.6,0.0,0.0,0.0,0.0,1,11,1.0,0.0
synthetic,0.4,900076,hollywood,0.0,0.6,0.0,0.0,0.0,0.0,1,11,1.0,0.0
synthetic,0.5,900076,hollywood,0.0,0.6,0.0,0.0,0.0,0.0,1,11,1.0,0.0
synthetic,0.0,900077,bollywood,0.0,0.3,0.0,0.0,0.0,0.0,1,11,0.9,0.1
synthetic,0.05,900077,bollywood,0.0,0.3,0.0,0.0,0.0,0.0,1,11,1.0,0.0
synthetic,0.1,900077,bollywood,0.0,0.3,0.0,0.0,0.0,0.0,1,11,1.0,0.0
synthetic,0.15,900077,bollywood,0.0,0.3,0.0,0.0,0.0,0.0,1,11,1.0,0.0
synthetic,0.2,900077,bollywood,0.0,0.3,0.0,0.0,0.0,0.0,1,11,1.0,0.0
synthetic,0.3,900077,bollywood,0.0,0.3,0.0,0.0,0.0,0.0,2,12,1.0,0.0
synthetic,0.4,900077,bollywood,0.0,0.3,0.0,0.0,0.0,0.0,2,11,1.0,0.0
synthetic,0.5,900077,bollywood,0.1,0.3,0.3333,1.0,0.1111,0.1413,2,12,1.0,0.0
synthetic,0.0,900078,hollywood,0.0,0.4,0.0,0.0,0.0,0.0,3,10,0.8,0.2
synthetic,0.05,900078,hollywood,0.0,0.4,0.0,0.0,0.0,0.0,1,11,1.0,0.0
synthetic,0.1,900078,hollywood,0.0,0.4,0.0,0.0,0.0,0.0,1,11,1.0,0.0
synthetic,0.15,900078,hollywood,0.0,0.4,0.0,0.0,0.0,0.0,1,11,1.0,0.0
synthetic,0.2,900078,hollywood,0.0,0.4,0.0,0.0,0.0,0.0,1,11,1.0,0.0
synthetic,0.3,900078,hollywood,0.0,0.4,0.0,0.0,0.0,0.0,1,11,1.0,0.0
synthetic,0.4,900078,hollywood,0.0,0.4,0.0,0.0,0.0,0.0,1,11,1.0,0.0
synthetic,0.5,900078,hollywood,0.1,0.4,0.25,1.0,0.1,0.1128,1,12,1.0,0.0
synthetic,0.0,900079,hollywood,0.1,0.5,0.2,1.0,0.125,0.107,1,7,1.0,0.0
synthetic,0.05,900079,hollywood,0.1,0.5,0.2,1.0,0.125,0.107,1,7,1.0,0.0
synthetic,0.1,900079,hollywood,0.1,0.5,0.2,1.0,0.125,0.107,1,7,1.0,0.0
synthetic,0.15,900079,hollywood,0.1,0.5,0.2,1.0,0.125,0.107,1,7,1.0,0.0
synthetic,0.2,900079,hollywood,0.1,0.5,0.2,1.0,0.125,0.107,1,7,1.0,0.0
synthetic,0.3,900079,hollywood,0.1,0.5,0.2,1.0,0.1429,0.1131,1,9,1.0,0.0
synthetic,0.4,900079,hollywood,0.1,0.5,0.2,1.0,0.1429,0.1131,1,8,1.0,0.0
synthetic,0.5,900079,hollywood,0.1,0.5,0.2,1.0,0.1429,0.1131,1,8,1.0,0.0
synthetic,0.0,900080,hollywood,0.0,0.4,0.0,0.0,0.0,0.0,1,5,1.0,0.0
synthetic,0.05,900080,hollywood,0.0,0.4,0.0,0.0,0.0,0.0,1,5,1.0,0.0
synthetic,0.1,900080,hollywood,0.0,0.4,0.0,0.0,0.0,0.0,1,5,1.0,0.0
synthetic,0.15,900080,hollywood,0.0,0.4,0.0,0.0,0.0,0.0,1,5,1.0,0.0
synthetic,0.2,900080,hollywood,0.0,0.4,0.0,0.0,0.0,0.0,1,5,1.0,0.0
synthetic,0.3,900080,hollywood,0.0,0.4,0.0,0.0,0.0,0.0,1,5,1.0,0.0
synthetic,0.4,900080,hollywood,0.0,0.4,0.0,0.0,0.0,0.0,1,5,1.0,0.0
synthetic,0.5,900080,hollywood,0.0,0.4,0.0,0.0,0.0,0.0,1,5,1.0,0.0
synthetic,0.0,900081,korean,0.1,0.5,0.2,1.0,0.1111,0.1021,3,6,0.9,0.1
synthetic,0.05,900081,korean,0.1,0.5,0.2,1.0,0.1,0.098,3,6,0.9,0.1
synthetic,0.1,900081,korean,0.1,0.5,0.2,1.0,0.1111,0.1021,2,6,1.0,0.0
synthetic,0.15,900081,korean,0.1,0.5,0.2,1.0,0.1111,0.1021,2,6,1.0,0.0
synthetic,0.2,900081,korean,0.1,0.5,0.2,1.0,0.1111,0.1021,2,6,1.0,0.0
synthetic,0.3,900081,korean,0.1,0.5,0.2,1.0,0.1,0.098,2,6,1.0,0.0
synthetic,0.4,900081,korean,0.0,0.5,0.0,0.0,0.0,0.0,2,7,1.0,0.0
synthetic,0.5,900081,korean,0.1,0.5,0.2,1.0,0.1,0.098,1,8,1.0,0.0
synthetic,0.0,900082,bollywood,0.1,0.6,0.1667,1.0,0.5,0.1909,1,9,1.0,0.0
synthetic,0.05,900082,bollywood,0.1,0.6,0.1667,1.0,0.5,0.1909,1,9,1.0,0.0
synthetic,0.1,900082,bollywood,0.1,0.6,0.1667,1.0,0.5,0.1909,1,9,1.0,0.0
synthetic,0.15,900082,bollywood,0.1,0.6,0.1667,1.0,0.5,0.1909,1,9,1.0,0.0
synthetic,0.2,900082,bollywood,0.1,0.6,0.1667,1.0,0.5,0.1909,1,9,1.0,0.0
synthetic,0.3,900082,bollywood,0.1,0.6,0.1667,1.0,0.5,0.1909,1,10,1.0,0.0
synthetic,0.4,900082,bollywood,0.1,0.6,0.1667,1.0,0.5,0.1909,1,10,1.0,0.0
synthetic,0.5,900082,bollywood,0.1,0.6,0.1667,1.0,0.5,0.1909,2,10,1.0,0.0
synthetic,0.0,900083,hollywood,0.1,0.5,0.2,1.0,0.2,0.1312,3,8,0.8,0.2
synthetic,0.05,900083,hollywood,0.1,0.5,0.2,1.0,0.2,0.1312,2,8,0.9,0.1
synthetic,0.1,900083,hollywood,0.1,0.5,0.2,1.0,0.2,0.1312,1,7,1.0,0.0
synthetic,0.15,900083,hollywood,0.1,0.5,0.2,1.0,0.2,0.1312,1,7,1.0,0.0
synthetic,0.2,900083,hollywood,0.1,0.5,0.2,1.0,0.2,0.1312,1,7,1.0,0.0
synthetic,0.3,900083,hollywood,0.1,0.5,0.2,1.0,0.2,0.1312,1,7,1.0,0.0
synthetic,0.4,900083,hollywood,0.2,0.5,0.4,1.0,0.2,0.2333,1,7,1.0,0.0
synthetic,0.5,900083,hollywood,0.2,0.5,0.4,1.0,0.2,0.2333,1,7,1.0,0.0
synthetic,0.0,900084,korean,0.0,0.4,0.0,0.0,0.0,0.0,3,5,0.8,0.2
synthetic,0.05,900084,korean,0.0,0.4,0.0,0.0,0.0,0.0,3,5,0.9,0.1
synthetic,0.1,900084,korean,0.0,0.4,0.0,0.0,0.0,0.0,2,6,1.0,0.0
synthetic,0.15,900084,korean,0.0,0.4,0.0,0.0,0.0,0.0,2,6,1.0,0.0
synthetic,0.2,900084,korean,0.0,0.4,0.0,0.0,0.0,0.0,2,6,1.0,0.0
synthetic,0.3,900084,korean,0.0,0.4,0.0,0.0,0.0,0.0,2,6,1.0,0.0
synthetic,0.4,900084,korean,0.0,0.4,0.0,0.0,0.0,0.0,2,7,1.0,0.0
synthetic,0.5,900084,korean,0.0,0.4,0.0,0.0,0.0,0.0,2,7,1.0,0.0
synthetic,0.0,900085,bollywood,0.0,0.4,0.0,0.0,0.0,0.0,2,8,0.5,0.5
synthetic,0.05,900085,bollywood,0.0,0.4,0.0,0.0,0.0,0.0,2,9,0.6,0.4
synthetic,0.1,900085,bollywood,0.0,0.4,0.0,0.0,0.0,0.0,2,9,0.8,0.2
synthetic,0.15,900085,bollywood,0.0,0.4,0.0,0.0,0.0,0.0,2,9,0.8,0.2
synthetic,0.2,900085,bollywood,0.0,0.4,0.0,0.0,0.0,0.0,2,9,1.0,0.0
synthetic,0.3,900085,bollywood,0.1,0.4,0.25,1.0,0.125,0.1232,2,12,1.0,0.0
synthetic,0.4,900085,bollywood,0.1,0.4,0.25,1.0,0.1429,0.1301,2,12,1.0,0.0
synthetic,0.5,900085,bollywood,0.1,0.4,0.25,1.0,0.25,0.1681,2,12,1.0,0.0
synthetic,0.0,900086,hollywood,0.0,0.7,0.0,0.0,0.0,0.0,3,12,0.8,0.2
synthetic,0.05,900086,hollywood,0.0,0.7,0.0,0.0,0.0,0.0,3,12,0.8,0.2
synthetic,0.1,900086,hollywood,0.0,0.7,0.0,0.0,0.0,0.0,2,12,0.9,0.1
synthetic,0.15,900086,hollywood,0.0,0.7,0.0,0.0,0.0,0.0,2,12,0.9,0.1
synthetic,0.2,900086,hollywood,0.0,0.7,0.0,0.0,0.0,0.0,2,12,0.9,0.1
synthetic,0.3,900086,hollywood,0.0,0.7,0.0,0.0,0.0,0.0,1,9,1.0,0.0
synthetic,0.4,900086,hollywood,0.0,0.7,0.0,0.0,0.0,0.0,1,9,1.0,0.0
synthetic,0.5,900086,hollywood,0.0,0.7,0.0,0.0,0.0,0.0,1,10,1.0,0.0
synthetic,0.0,900087,hollywood,0.1,0.8,0.125,1.0,0.1667,0.0901,2,10,0.9,0.1
synthetic,0.05,900087,hollywood,0.1,0.8,0.125,1.0,0.2,0.0979,2,10,0.9,0.1
synthetic,0.1,900087,hollywood,0.1,0.8,0.125,1.0,0.25,0.1089,1,10,1.0,0.0
synthetic,0.15,900087,hollywood,0.1,0.8,0.125,1.0,0.25,0.1089,1,10,1.0,0.0
synthetic,0.2,900087,hollywood,0.1,0.8,0.125,1.0,0.25,0.1089,1,10,1.0,0.0
synthetic,0.3,900087,hollywood,0.1,0.8,0.125,1.0,0.25,0.1089,1,10,1.0,0.0
synthetic,0.4,900087,hollywood,0.1,0.8,0.125,1.0,0.25,0.1089,1,9,1.0,0.0
synthetic,0.5,900087,hollywood,0.1,0.8,0.125,1.0,0.25,0.1089,1,9,1.0,0.0
synthetic,0.0,900088,hollywood,0.1,0.4,0.25,1.0,0.125,0.1232,2,10,0.9,0.1
synthetic,0.05,900088,hollywood,0.1,0.4,0.25,1.0,0.125,0.1232,2,10,0.9,0.1
synthetic,0.1,900088,hollywood,0.1,0.4,0.25,1.0,0.1429,0.1301,2,10,0.9,0.1
synthetic,0.15,900088,hollywood,0.1,0.4,0.25,1.0,0.1429,0.1301,1,10,1.0,0.0
synthetic,0.2,900088,hollywood,0.1,0.4,0.25,1.0,0.1429,0.1301,1,10,1.0,0.0
synthetic,0.3,900088,hollywood,0.1,0.4,0.25,1.0,0.1429,0.1301,1,10,1.0,0.0
synthetic,0.4,900088,hollywood,0.1,0.4,0.25,1.0,0.1667,0.1391,1,10,1.0,0.0
synthetic,0.5,900088,hollywood,0.1,0.4,0.25,1.0,0.1667,0.1391,1,10,1.0,0.0
synthetic,0.0,900089,korean,0.1,0.7,0.1429,1.0,0.1,0.0795,4,7,0.8,0.2
synthetic,0.05,900089,korean,0.1,0.7,0.1429,1.0,0.1111,0.0827,3,6,0.9,0.1
synthetic,0.1,900089,korean,0.0,0.7,0.0,0.0,0.0,0.0,2,6,1.0,0.0
synthetic,0.15,900089,korean,0.0,0.7,0.0,0.0,0.0,0.0,2,6,1.0,0.0
synthetic,0.2,900089,korean,0.0,0.7,0.0,0.0,0.0,0.0,2,7,1.0,0.0
synthetic,0.3,900089,korean,0.0,0.7,0.0,0.0,0.0,0.0,2,8,1.0,0.0
synthetic,0.4,900089,korean,0.0,0.7,0.0,0.0,0.0,0.0,2,7,1.0,0.0
synthetic,0.5,900089,korean,0.0,0.7,0.0,0.0,0.0,0.0,1,7,1.0,0.0
synthetic,0.0,900090,hollywood,0.0,0.4,0.0,0.0,0.0,0.0,3,12,0.7,0.3
synthetic,0.05,900090,hollywood,0.0,0.4,0.0,0.0,0.0,0.0,1,10,1.0,0.0
synthetic,0.1,900090,hollywood,0.0,0.4,0.0,0.0,0.0,0.0,1,10,1.0,0.0
synthetic,0.15,900090,hollywood,0.0,0.4,0.0,0.0,0.0,0.0,1,10,1.0,0.0
synthetic,0.2,900090,hollywood,0.0,0.4,0.0,0.0,0.0,0.0,1,10,1.0,0.0
synthetic,0.3,900090,hollywood,0.0,0.4,0.0,0.0,0.0,0.0,1,11,1.0,0.0
synthetic,0.4,900090,hollywood,0.0,0.4,0.0,0.0,0.0,0.0,1,11,1.0,0.0
synthetic,0.5,900090,hollywood,0.0,0.4,0.0,0.0,0.0,0.0,1,12,1.0,0.0
synthetic,0.0,900091,hollywood,0.1,0.6,0.1667,1.0,0.25,0.1303,2,9,0.9,0.1
synthetic,0.05,900091,hollywood,0.1,0.6,0.1667,1.0,0.25,0.1303,2,9,0.9,0.1
synthetic,0.1,900091,hollywood,0.1,0.6,0.1667,1.0,0.25,0.1303,1,9,1.0,0.0
synthetic,0.15,900091,hollywood,0.1,0.6,0.1667,1.0,0.25,0.1303,1,9,1.0,0.0
synthetic,0.2,900091,hollywood,0.1,0.6,0.1667,1.0,0.25,0.1303,1,7,1.0,0.0
synthetic,0.3,900091,hollywood,0.1,0.6,0.1667,1.0,0.25,0.1303,1,7,1.0,0.0
synthetic,0.4,900091,hollywood,0.1,0.6,0.1667,1.0,0.25,0.1303,1,7,1.0,0.0
synthetic,0.5,900091,hollywood,0.1,0.6,0.1667,1.0,0.25,0.1303,1,7,1.0,0.0
synthetic,0.0,900092,anime,0.0,0.5,0.0,0.0,0.0,0.0,2,10,1.0,0.0
synthetic,0.05,900092,anime,0.0,0.5,0.0,0.0,0.0,0.0,2,11,1.0,0.0
synthetic,0.1,900092,anime,0.0,0.5,0.0,0.0,0.0,0.0,2,11,1.0,0.0
synthetic,0.15,900092,anime,0.0,0.5,0.0,0.0,0.0,0.0,2,11,1.0,0.0
synthetic,0.2,900092,anime,0.0,0.5,0.0,0.0,0.0,0.0,2,11,1.0,0.0
synthetic,0.3,900092,anime,0.1,0.5,0.2,1.0,0.1667,0.1208,2,11,1.0,0.0
synthetic,0.4,900092,anime,0.1,0.5,0.2,1.0,0.2,0.1312,2,9,1.0,0.0
synthetic,0.5,900092,anime,0.1,0.5,0.2,1.0,0.25,0.1461,2,8,1.0,0.0
synthetic,0.0,900093,bollywood,0.0,0.7,0.0,0.0,0.0,0.0,1,11,1.0,0.0
synthetic,0.05,900093,bollywood,0.0,0.7,0.0,0.0,0.0,0.0,1,11,1.0,0.0
synthetic,0.1,900093,bollywood,0.0,0.7,0.0,0.0,0.0,0.0,1,11,1.0,0.0
synthetic,0.15,900093,bollywood,0.0,0.7,0.0,0.0,0.0,0.0,1,11,1.0,0.0
synthetic,0.2,900093,bollywood,0.0,0.7,0.0,0.0,0.0,0.0,1,11,1.0,0.0
synthetic,0.3,900093,bollywood,0.0,0.7,0.0,0.0,0.0,0.0,1,11,1.0,0.0
synthetic,0.4,900093,bollywood,0.0,0.7,0.0,0.0,0.0,0.0,1,11,1.0,0.0
synthetic,0.5,900093,bollywood,0.0,0.7,0.0,0.0,0.0,0.0,1,11,1.0,0.0
synthetic,0.0,900094,mixed,0.1,0.3,0.3333,1.0,0.3333,0.2346,5,8,0.5,0.5
synthetic,0.05,900094,mixed,0.1,0.3,0.3333,1.0,0.1667,0.1672,4,9,0.6,0.4
synthetic,0.1,900094,mixed,0.1,0.3,0.3333,1.0,0.1429,0.1564,3,9,0.8,0.2
synthetic,0.15,900094,mixed,0.0,0.3,0.0,0.0,0.0,0.0,1,9,1.0,0.0
synthetic,0.2,900094,mixed,0.0,0.3,0.0,0.0,0.0,0.0,1,9,1.0,0.0
synthetic,0.3,900094,mixed,0.0,0.3,0.0,0.0,0.0,0.0,1,8,1.0,0.0
synthetic,0.4,900094,mixed,0.0,0.3,0.0,0.0,0.0,0.0,1,8,1.0,0.0
synthetic,0.5,900094,mixed,0.0,0.3,0.0,0.0,0.0,0.0,1,8,1.0,0.0
synthetic,0.0,900095,hollywood,0.0,0.4,0.0,0.0,0.0,0.0,1,6,1.0,0.0
synthetic,0.05,900095,hollywood,0.0,0.4,0.0,0.0,0.0,0.0,1,6,1.0,0.0
synthetic,0.1,900095,hollywood,0.0,0.4,0.0,0.0,0.0,0.0,1,6,1.0,0.0
synthetic,0.15,900095,hollywood,0.0,0.4,0.0,0.0,0.0,0.0,1,6,1.0,0.0
synthetic,0.2,900095,hollywood,0.0,0.4,0.0,0.0,0.0,0.0,1,6,1.0,0.0
synthetic,0.3,900095,hollywood,0.0,0.4,0.0,0.0,0.0,0.0,1,6,1.0,0.0
synthetic,0.4,900095,hollywood,0.0,0.4,0.0,0.0,0.0,0.0,1,6,1.0,0.0
synthetic,0.5,900095,hollywood,0.0,0.4,0.0,0.0,0.0,0.0,1,7,1.0,0.0
synthetic,0.0,900096,hollywood,0.0,0.4,0.0,0.0,0.0,0.0,2,10,0.9,0.1
synthetic,0.05,900096,hollywood,0.0,0.4,0.0,0.0,0.0,0.0,1,11,1.0,0.0
synthetic,0.1,900096,hollywood,0.0,0.4,0.0,0.0,0.0,0.0,1,11,1.0,0.0
synthetic,0.15,900096,hollywood,0.0,0.4,0.0,0.0,0.0,0.0,1,11,1.0,0.0
synthetic,0.2,900096,hollywood,0.0,0.4,0.0,0.0,0.0,0.0,1,11,1.0,0.0
synthetic,0.3,900096,hollywood,0.0,0.4,0.0,0.0,0.0,0.0,1,11,1.0,0.0
synthetic,0.4,900096,hollywood,0.0,0.4,0.0,0.0,0.0,0.0,1,11,1.0,0.0
synthetic,0.5,900096,hollywood,0.0,0.4,0.0,0.0,0.0,0.0,1,11,1.0,0.0
synthetic,0.0,900097,anime,0.0,0.6,0.0,0.0,0.0,0.0,2,10,1.0,0.0
synthetic,0.05,900097,anime,0.0,0.6,0.0,0.0,0.0,0.0,2,10,1.0,0.0
synthetic,0.1,900097,anime,0.0,0.6,0.0,0.0,0.0,0.0,1,10,1.0,0.0
synthetic,0.15,900097,anime,0.0,0.6,0.0,0.0,0.0,0.0,1,10,1.0,0.0
synthetic,0.2,900097,anime,0.0,0.6,0.0,0.0,0.0,0.0,1,10,1.0,0.0
synthetic,0.3,900097,anime,0.0,0.6,0.0,0.0,0.0,0.0,1,9,1.0,0.0
synthetic,0.4,900097,anime,0.1,0.6,0.1667,1.0,0.1,0.0875,1,9,1.0,0.0
synthetic,0.5,900097,anime,0.1,0.6,0.1667,1.0,0.1667,0.1078,1,10,1.0,0.0
synthetic,0.0,900098,korean,0.0,0.6,0.0,0.0,0.0,0.0,3,4,0.7,0.3
synthetic,0.05,900098,korean,0.0,0.6,0.0,0.0,0.0,0.0,3,4,0.7,0.3
synthetic,0.1,900098,korean,0.0,0.6,0.0,0.0,0.0,0.0,3,4,0.8,0.2
synthetic,0.15,900098,korean,0.0,0.6,0.0,0.0,0.0,0.0,4,5,0.8,0.2
synthetic,0.2,900098,korean,0.0,0.6,0.0,0.0,0.0,0.0,4,5,0.8,0.2
synthetic,0.3,900098,korean,0.0,0.6,0.0,0.0,0.0,0.0,2,7,1.0,0.0
synthetic,0.4,900098,korean,0.0,0.6,0.0,0.0,0.0,0.0,2,7,1.0,0.0
synthetic,0.5,900098,korean,0.0,0.6,0.0,0.0,0.0,0.0,1,8,1.0,0.0
synthetic,0.0,900099,bollywood,0.0,0.3,0.0,0.0,0.0,0.0,6,9,0.5,0.5
synthetic,0.05,900099,bollywood,0.0,0.3,0.0,0.0,0.0,0.0,6,9,0.5,0.5
synthetic,0.1,900099,bollywood,0.0,0.3,0.0,0.0,0.0,0.0,5,9,0.7,0.3
synthetic,0.15,900099,bollywood,0.0,0.3,0.0,0.0,0.0,0.0,3,9,0.9,0.1
synthetic,0.2,900099,bollywood,0.0,0.3,0.0,0.0,0.0,0.0,2,9,1.0,0.0
synthetic,0.3,900099,bollywood,0.0,0.3,0.0,0.0,0.0,0.0,2,9,1.0,0.0
synthetic,0.4,900099,bollywood,0.0,0.3,0.0,0.0,0.0,0.0,2,9,1.0,0.0
synthetic,0.5,900099,bollywood,0.1,0.3,0.3333,1.0,0.1667,0.1672,2,10,1.0,0.0
synthetic,0.0,900100,anime,0.1,0.6,0.1667,1.0,0.1,0.0875,2,12,1.0,0.0
synthetic,0.05,900100,anime,0.1,0.6,0.1667,1.0,0.1,0.0875,2,12,1.0,0.0
synthetic,0.1,900100,anime,0.0,0.6,0.0,0.0,0.0,0.0,2,12,1.0,0.0
synthetic,0.15,900100,anime,0.0,0.6,0.0,0.0,0.0,0.0,2,14,1.0,0.0
synthetic,0.2,900100,anime,0.0,0.6,0.0,0.0,0.0,0.0,2,14,1.0,0.0
synthetic,0.3,900100,anime,0.2,0.6,0.3333,1.0,0.1111,0.1786,2,11,1.0,0.0
synthetic,0.4,900100,anime,0.2,0.6,0.3333,1.0,0.1429,0.1963,1,10,1.0,0.0
synthetic,0.5,900100,anime,0.2,0.6,0.3333,1.0,0.1667,0.2087,1,10,1.0,0.0
synthetic,0.0,900101,korean,0.1,0.3,0.3333,1.0,1.0,0.4693,1,9,1.0,0.0
synthetic,0.05,900101,korean,0.1,0.3,0.3333,1.0,1.0,0.4693,1,9,1.0,0.0
synthetic,0.1,900101,korean,0.1,0.3,0.3333,1.0,1.0,0.4693,1,9,1.0,0.0
synthetic,0.15,900101,korean,0.1,0.3,0.3333,1.0,1.0,0.4693,1,9,1.0,0.0
synthetic,0.2,900101,korean,0.1,0.3,0.3333,1.0,1.0,0.4693,2,7,1.0,0.0
synthetic,0.3,900101,korean,0.1,0.3,0.3333,1.0,1.0,0.4693,2,8,1.0,0.0
synthetic,0.4,900101,korean,0.1,0.3,0.3333,1.0,0.5,0.2961,2,8,1.0,0.0
synthetic,0.5,900101,korean,0.1,0.3,0.3333,1.0,0.1667,0.1672,2,11,1.0,0.0
synthetic,0.0,900102,hollywood,0.1,0.5,0.2,1.0,0.25,0.1461,1,11,1.0,0.0
synthetic,0.05,900102,hollywood,0.1,0.5,0.2,1.0,0.25,0.1461,1,10,1.0,0.0
synthetic,0.1,900102,hollywood,0.1,0.5,0.2,1.0,0.25,0.1461,1,10,1.0,0.0
synthetic,0.15,900102,hollywood,0.1,0.5,0.2,1.0,0.25,0.1461,1,10,1.0,0.0
synthetic,0.2,900102,hollywood,0.1,0.5,0.2,1.0,0.25,0.1461,1,11,1.0,0.0
synthetic,0.3,900102,hollywood,0.1,0.5,0.2,1.0,0.25,0.1461,1,12,1.0,0.0
synthetic,0.4,900102,hollywood,0.1,0.5,0.2,1.0,0.2,0.1312,1,12,1.0,0.0
synthetic,0.5,900102,hollywood,0.1,0.5,0.2,1.0,0.1111,0.1021,1,12,1.0,0.0
synthetic,0.0,900103,hollywood,0.0,0.7,0.0,0.0,0.0,0.0,2,10,0.9,0.1
synthetic,0.05,900103,hollywood,0.0,0.7,0.0,0.0,0.0,0.0,1,7,1.0,0.0
synthetic,0.1,900103,hollywood,0.0,0.7,0.0,0.0,0.0,0.0,1,7,1.0,0.0
synthetic,0.15,900103,hollywood,0.0,0.7,0.0,0.0,0.0,0.0,1,7,1.0,0.0
synthetic,0.2,900103,hollywood,0.0,0.7,0.0,0.0,0.0,0.0,1,7,1.0,0.0
synthetic,0.3,900103,hollywood,0.0,0.7,0.0,0.0,0.0,0.0,1,7,1.0,0.0
synthetic,0.4,900103,hollywood,0.0,0.7,0.0,0.0,0.0,0.0,1,7,1.0,0.0
synthetic,0.5,900103,hollywood,0.0,0.7,0.0,0.0,0.0,0.0,1,7,1.0,0.0
synthetic,0.0,900104,anime,0.3,0.5,0.6,1.0,1.0,0.6399,2,7,1.0,0.0
synthetic,0.05,900104,anime,0.3,0.5,0.6,1.0,1.0,0.6399,2,7,1.0,0.0
synthetic,0.1,900104,anime,0.3,0.5,0.6,1.0,1.0,0.6399,2,7,1.0,0.0
synthetic,0.15,900104,anime,0.3,0.5,0.6,1.0,1.0,0.6548,2,7,1.0,0.0
synthetic,0.2,900104,anime,0.3,0.5,0.6,1.0,1.0,0.6548,2,7,1.0,0.0
synthetic,0.3,900104,anime,0.3,0.5,0.6,1.0,1.0,0.6548,1,8,1.0,0.0
synthetic,0.4,900104,anime,0.3,0.5,0.6,1.0,1.0,0.6548,1,8,1.0,0.0
synthetic,0.5,900104,anime,0.4,0.5,0.8,1.0,1.0,0.7288,1,7,1.0,0.0
synthetic,0.0,900105,hollywood,0.1,0.6,0.1667,1.0,1.0,0.3026,2,7,0.9,0.1
synthetic,0.05,900105,hollywood,0.1,0.6,0.1667,1.0,1.0,0.3026,2,7,0.9,0.1
synthetic,0.1,900105,hollywood,0.1,0.6,0.1667,1.0,1.0,0.3026,2,7,0.9,0.1
synthetic,0.15,900105,hollywood,0.2,0.6,0.3333,1.0,1.0,0.3901,1,7,1.0,0.0
synthetic,0.2,900105,hollywood,0.2,0.6,0.3333,1.0,1.0,0.3901,1,7,1.0,0.0
synthetic,0.3,900105,hollywood,0.2,0.6,0.3333,1.0,1.0,0.3901,1,7,1.0,0.0
synthetic,0.4,900105,hollywood,0.2,0.6,0.3333,1.0,1.0,0.3901,1,7,1.0,0.0
synthetic,0.5,900105,hollywood,0.1,0.6,0.1667,1.0,1.0,0.3026,1,7,1.0,0.0
synthetic,0.0,900106,bollywood,0.0,0.4,0.0,0.0,0.0,0.0,2,11,0.6,0.4
synthetic,0.05,900106,bollywood,0.0,0.4,0.0,0.0,0.0,0.0,2,11,0.6,0.4
synthetic,0.1,900106,bollywood,0.0,0.4,0.0,0.0,0.0,0.0,2,11,0.8,0.2
synthetic,0.15,900106,bollywood,0.0,0.4,0.0,0.0,0.0,0.0,2,11,1.0,0.0
synthetic,0.2,900106,bollywood,0.0,0.4,0.0,0.0,0.0,0.0,2,11,1.0,0.0
synthetic,0.3,900106,bollywood,0.0,0.4,0.0,0.0,0.0,0.0,2,11,1.0,0.0
synthetic,0.4,900106,bollywood,0.0,0.4,0.0,0.0,0.0,0.0,2,12,1.0,0.0
synthetic,0.5,900106,bollywood,0.0,0.4,0.0,0.0,0.0,0.0,2,11,1.0,0.0
synthetic,0.0,900107,hollywood,0.1,0.4,0.25,1.0,0.1429,0.1301,2,12,0.9,0.1
synthetic,0.05,900107,hollywood,0.1,0.4,0.25,1.0,0.1429,0.1301,2,12,0.9,0.1
synthetic,0.1,900107,hollywood,0.1,0.4,0.25,1.0,0.1667,0.1391,2,12,0.9,0.1
synthetic,0.15,900107,hollywood,0.1,0.4,0.25,1.0,0.1667,0.1391,1,13,1.0,0.0
synthetic,0.2,900107,hollywood,0.1,0.4,0.25,1.0,0.1667,0.1391,1,13,1.0,0.0
synthetic,0.3,900107,hollywood,0.1,0.4,0.25,1.0,0.1667,0.1391,1,13,1.0,0.0
synthetic,0.4,900107,hollywood,0.1,0.4,0.25,1.0,0.1667,0.1391,1,13,1.0,0.0
synthetic,0.5,900107,hollywood,0.1,0.4,0.25,1.0,0.1667,0.1391,1,13,1.0,0.0
synthetic,0.0,900108,bollywood,0.1,0.5,0.2,1.0,0.1111,0.1021,2,9,0.9,0.1
synthetic,0.05,900108,bollywood,0.1,0.5,0.2,1.0,0.125,0.107,2,9,0.9,0.1
synthetic,0.1,900108,bollywood,0.2,0.5,0.4,1.0,0.125,0.205,1,10,1.0,0.0
synthetic,0.15,900108,bollywood,0.1,0.5,0.2,1.0,0.125,0.107,1,9,1.0,0.0
synthetic,0.2,900108,bollywood,0.1,0.5,0.2,1.0,0.125,0.107,1,9,1.0,0.0
synthetic,0.3,900108,bollywood,0.1,0.5,0.2,1.0,0.125,0.107,2,10,1.0,0.0
synthetic,0.4,900108,bollywood,0.1,0.5,0.2,1.0,0.1667,0.1208,2,9,1.0,0.0
synthetic,0.5,900108,bollywood,0.1,0.5,0.2,1.0,0.25,0.1461,2,10,1.0,0.0
synthetic,0.0,900109,korean,0.1,0.4,0.25,1.0,0.1429,0.1301,4,5,0.8,0.2
synthetic,0.05,900109,korean,0.1,0.4,0.25,1.0,0.1429,0.1301,4,5,0.8,0.2
synthetic,0.1,900109,korean,0.1,0.4,0.25,1.0,0.1429,0.1301,4,5,0.8,0.2
synthetic,0.15,900109,korean,0.1,0.4,0.25,1.0,0.1667,0.1391,4,5,0.8,0.2
synthetic,0.2,900109,korean,0.1,0.4,0.25,1.0,0.1667,0.1391,3,5,0.9,0.1
synthetic,0.3,900109,korean,0.1,0.4,0.25,1.0,0.1667,0.1391,2,7,1.0,0.0
synthetic,0.4,900109,korean,0.0,0.4,0.0,0.0,0.0,0.0,2,7,1.0,0.0
synthetic,0.5,900109,korean,0.0,0.4,0.0,0.0,0.0,0.0,1,7,1.0,0.0
synthetic,0.0,900110,mixed,0.0,0.5,0.0,0.0,0.0,0.0,6,10,0.2,0.8
synthetic,0.05,900110,mixed,0.0,0.5,0.0,0.0,0.0,0.0,6,9,0.4,0.6
synthetic,0.1,900110,mixed,0.0,0.5,0.0,0.0,0.0,0.0,4,11,0.7,0.3
synthetic,0.15,900110,mixed,0.0,0.5,0.0,0.0,0.0,0.0,3,11,0.8,0.2
synthetic,0.2,900110,mixed,0.0,0.5,0.0,0.0,0.0,0.0,2,10,0.9,0.1
synthetic,0.3,900110,mixed,0.0,0.5,0.0,0.0,0.0,0.0,1,10,1.0,0.0
synthetic,0.4,900110,mixed,0.0,0.5,0.0,0.0,0.0,0.0,1,9,1.0,0.0
synthetic,0.5,900110,mixed,0.0,0.5,0.0,0.0,0.0,0.0,1,8,1.0,0.0
synthetic,0.0,900111,hollywood,0.1,0.2,0.5,1.0,0.125,0.1934,1,10,1.0,0.0
synthetic,0.05,900111,hollywood,0.1,0.2,0.5,1.0,0.125,0.1934,1,10,1.0,0.0
synthetic,0.1,900111,hollywood,0.1,0.2,0.5,1.0,0.125,0.1934,1,10,1.0,0.0
synthetic,0.15,900111,hollywood,0.1,0.2,0.5,1.0,0.125,0.1934,1,10,1.0,0.0
synthetic,0.2,900111,hollywood,0.1,0.2,0.5,1.0,0.125,0.1934,1,10,1.0,0.0
synthetic,0.3,900111,hollywood,0.1,0.2,0.5,1.0,0.125,0.1934,1,10,1.0,0.0
synthetic,0.4,900111,hollywood,0.1,0.2,0.5,1.0,0.125,0.1934,1,10,1.0,0.0
synthetic,0.5,900111,hollywood,0.1,0.2,0.5,1.0,0.1429,0.2044,1,10,1.0,0.0
synthetic,0.0,900112,anime,0.0,0.5,0.0,0.0,0.0,0.0,2,9,1.0,0.0
synthetic,0.05,900112,anime,0.0,0.5,0.0,0.0,0.0,0.0,2,9,1.0,0.0
synthetic,0.1,900112,anime,0.0,0.5,0.0,0.0,0.0,0.0,2,9,1.0,0.0
synthetic,0.15,900112,anime,0.0,0.5,0.0,0.0,0.0,0.0,2,9,1.0,0.0
synthetic,0.2,900112,anime,0.0,0.5,0.0,0.0,0.0,0.0,2,9,1.0,0.0
synthetic,0.3,900112,anime,0.0,0.5,0.0,0.0,0.0,0.0,2,9,1.0,0.0
synthetic,0.4,900112,anime,0.0,0.5,0.0,0.0,0.0,0.0,2,9,1.0,0.0
synthetic,0.5,900112,anime,0.0,0.5,0.0,0.0,0.0,0.0,1,8,1.0,0.0
synthetic,0.0,900113,hollywood,0.0,0.3,0.0,0.0,0.0,0.0,4,9,0.7,0.3
synthetic,0.05,900113,hollywood,0.0,0.3,0.0,0.0,0.0,0.0,3,9,0.8,0.2
synthetic,0.1,900113,hollywood,0.0,0.3,0.0,0.0,0.0,0.0,3,9,0.8,0.2
synthetic,0.15,900113,hollywood,0.0,0.3,0.0,0.0,0.0,0.0,2,10,0.9,0.1
synthetic,0.2,900113,hollywood,0.0,0.3,0.0,0.0,0.0,0.0,2,10,0.9,0.1
synthetic,0.3,900113,hollywood,0.0,0.3,0.0,0.0,0.0,0.0,1,8,1.0,0.0
synthetic,0.4,900113,hollywood,0.0,0.3,0.0,0.0,0.0,0.0,1,7,1.0,0.0
synthetic,0.5,900113,hollywood,0.0,0.3,0.0,0.0,0.0,0.0,1,9,1.0,0.0
synthetic,0.0,900114,anime,0.1,0.2,0.5,1.0,0.3333,0.3066,2,8,1.0,0.0
synthetic,0.05,900114,anime,0.1,0.2,0.5,1.0,0.3333,0.3066,2,8,1.0,0.0
synthetic,0.1,900114,anime,0.1,0.2,0.5,1.0,0.3333,0.3066,2,8,1.0,0.0
synthetic,0.15,900114,anime,0.1,0.2,0.5,1.0,0.3333,0.3066,2,8,1.0,0.0
synthetic,0.2,900114,anime,0.1,0.2,0.5,1.0,0.3333,0.3066,2,8,1.0,0.0
synthetic,0.3,900114,anime,0.1,0.2,0.5,1.0,0.5,0.3869,2,9,1.0,0.0
synthetic,0.4,900114,anime,0.1,0.2,0.5,1.0,1.0,0.6131,2,10,1.0,0.0
synthetic,0.5,900114,anime,0.1,0.2,0.5,1.0,0.5,0.3869,2,10,1.0,0.0
synthetic,0.0,900115,hollywood,0.0,0.7,0.0,0.0,0.0,0.0,1,9,1.0,0.0
synthetic,0.05,900115,hollywood,0.0,0.7,0.0,0.0,0.0,0.0,1,9,1.0,0.0
synthetic,0.1,900115,hollywood,0.0,0.7,0.0,0.0,0.0,0.0,1,9,1.0,0.0
synthetic,0.15,900115,hollywood,0.0,0.7,0.0,0.0,0.0,0.0,1,9,1.0,0.0
synthetic,0.2,900115,hollywood,0.0,0.7,0.0,0.0,0.0,0.0,1,9,1.0,0.0
synthetic,0.3,900115,hollywood,0.0,0.7,0.0,0.0,0.0,0.0,1,9,1.0,0.0
synthetic,0.4,900115,hollywood,0.0,0.7,0.0,0.0,0.0,0.0,1,9,1.0,0.0
synthetic,0.5,900115,hollywood,0.0,0.7,0.0,0.0,0.0,0.0,1,9,1.0,0.0
synthetic,0.0,900116,mixed,0.2,0.7,0.2857,1.0,1.0,0.3665,4,12,0.5,0.5
synthetic,0.05,900116,mixed,0.2,0.7,0.2857,1.0,1.0,0.3665,3,10,0.7,0.3
synthetic,0.1,900116,mixed,0.2,0.7,0.2857,1.0,0.5,0.2651,2,10,0.8,0.2
synthetic,0.15,900116,mixed,0.2,0.7,0.2857,1.0,0.2,0.1931,2,10,0.8,0.2
synthetic,0.2,900116,mixed,0.2,0.7,0.2857,1.0,0.2,0.1858,1,8,1.0,0.0
synthetic,0.3,900116,mixed,0.2,0.7,0.2857,1.0,0.2,0.1858,1,8,1.0,0.0
synthetic,0.4,900116,mixed,0.1,0.7,0.1429,1.0,0.25,0.1184,1,8,1.0,0.0
synthetic,0.5,900116,mixed,0.1,0.7,0.1429,1.0,0.25,0.1184,1,8,1.0,0.0
synthetic,0.0,900117,mixed,0.0,0.6,0.0,0.0,0.0,0.0,4,12,0.6,0.4
synthetic,0.05,900117,mixed,0.0,0.6,0.0,0.0,0.0,0.0,3,12,0.7,0.3
synthetic,0.1,900117,mixed,0.0,0.6,0.0,0.0,0.0,0.0,2,10,0.9,0.1
synthetic,0.15,900117,mixed,0.0,0.6,0.0,0.0,0.0,0.0,1,9,1.0,0.0
synthetic,0.2,900117,mixed,0.0,0.6,0.0,0.0,0.0,0.0,1,9,1.0,0.0
synthetic,0.3,900117,mixed,0.0,0.6,0.0,0.0,0.0,0.0,1,9,1.0,0.0
synthetic,0.4,900117,mixed,0.0,0.6,0.0,0.0,0.0,0.0,1,10,1.0,0.0
synthetic,0.5,900117,mixed,0.0,0.6,0.0,0.0,0.0,0.0,1,11,1.0,0.0
synthetic,0.0,900118,hollywood,0.0,0.3,0.0,0.0,0.0,0.0,2,13,0.8,0.2
synthetic,0.05,900118,hollywood,0.0,0.3,0.0,0.0,0.0,0.0,2,13,0.9,0.1
synthetic,0.1,900118,hollywood,0.0,0.3,0.0,0.0,0.0,0.0,1,12,1.0,0.0
synthetic,0.15,900118,hollywood,0.0,0.3,0.0,0.0,0.0,0.0,1,12,1.0,0.0
synthetic,0.2,900118,hollywood,0.0,0.3,0.0,0.0,0.0,0.0,1,12,1.0,0.0
synthetic,0.3,900118,hollywood,0.0,0.3,0.0,0.0,0.0,0.0,1,12,1.0,0.0
synthetic,0.4,900118,hollywood,0.0,0.3,0.0,0.0,0.0,0.0,1,11,1.0,0.0
synthetic,0.5,900118,hollywood,0.0,0.3,0.0,0.0,0.0,0.0,1,11,1.0,0.0
synthetic,0.0,900119,hollywood,0.0,0.6,0.0,0.0,0.0,0.0,2,10,0.8,0.2
synthetic,0.05,900119,hollywood,0.0,0.6,0.0,0.0,0.0,0.0,2,10,0.9,0.1
synthetic,0.1,900119,hollywood,0.0,0.6,0.0,0.0,0.0,0.0,1,9,1.0,0.0
synthetic,0.15,900119,hollywood,0.0,0.6,0.0,0.0,0.0,0.0,1,9,1.0,0.0
synthetic,0.2,900119,hollywood,0.0,0.6,0.0,0.0,0.0,0.0,1,9,1.0,0.0
synthetic,0.3,900119,hollywood,0.0,0.6,0.0,0.0,0.0,0.0,1,9,1.0,0.0
synthetic,0.4,900119,hollywood,0.0,0.6,0.0,0.0,0.0,0.0,1,9,1.0,0.0
synthetic,0.5,900119,hollywood,0.0,0.6,0.0,0.0,0.0,0.0,1,8,1.0,0.0
synthetic,0.0,900120,hollywood,0.0,0.3,0.0,0.0,0.0,0.0,3,11,0.6,0.4
synthetic,0.05,900120,hollywood,0.0,0.3,0.0,0.0,0.0,0.0,3,10,0.8,0.2
synthetic,0.1,900120,hollywood,0.0,0.3,0.0,0.0,0.0,0.0,2,10,0.9,0.1
synthetic,0.15,900120,hollywood,0.0,0.3,0.0,0.0,0.0,0.0,1,10,1.0,0.0
synthetic,0.2,900120,hollywood,0.0,0.3,0.0,0.0,0.0,0.0,1,10,1.0,0.0
synthetic,0.3,900120,hollywood,0.0,0.3,0.0,0.0,0.0,0.0,1,10,1.0,0.0
synthetic,0.4,900120,hollywood,0.0,0.3,0.0,0.0,0.0,0.0,1,10,1.0,0.0
synthetic,0.5,900120,hollywood,0.0,0.3,0.0,0.0,0.0,0.0,1,10,1.0,0.0
synthetic,0.0,900121,hollywood,0.2,0.9,0.2222,1.0,0.25,0.1922,3,10,0.7,0.3
synthetic,0.05,900121,hollywood,0.2,0.9,0.2222,1.0,0.3333,0.2188,2,9,0.8,0.2
synthetic,0.1,900121,hollywood,0.2,0.9,0.2222,1.0,0.3333,0.2188,1,11,1.0,0.0
synthetic,0.15,900121,hollywood,0.2,0.9,0.2222,1.0,0.3333,0.2188,1,11,1.0,0.0
synthetic,0.2,900121,hollywood,0.2,0.9,0.2222,1.0,0.3333,0.2188,1,11,1.0,0.0
synthetic,0.3,900121,hollywood,0.2,0.9,0.2222,1.0,0.3333,0.2188,1,11,1.0,0.0
synthetic,0.4,900121,hollywood,0.2,0.9,0.2222,1.0,0.3333,0.2188,1,11,1.0,0.0
synthetic,0.5,900121,hollywood,0.2,0.9,0.2222,1.0,0.3333,0.2188,1,11,1.0,0.0
synthetic,0.0,900122,bollywood,0.1,0.7,0.1429,1.0,0.2,0.1063,1,7,1.0,0.0
synthetic,0.05,900122,bollywood,0.1,0.7,0.1429,1.0,0.2,0.1063,1,7,1.0,0.0
synthetic,0.1,900122,bollywood,0.1,0.7,0.1429,1.0,0.2,0.1063,1,7,1.0,0.0
synthetic,0.15,900122,bollywood,0.1,0.7,0.1429,1.0,0.2,0.1063,1,7,1.0,0.0
synthetic,0.2,900122,bollywood,0.1,0.7,0.1429,1.0,0.2,0.1063,1,7,1.0,0.0
synthetic,0.3,900122,bollywood,0.1,0.7,0.1429,1.0,0.2,0.1063,1,9,1.0,0.0
synthetic,0.4,900122,bollywood,0.1,0.7,0.1429,1.0,0.2,0.1063,1,9,1.0,0.0
synthetic,0.5,900122,bollywood,0.1,0.7,0.1429,1.0,0.2,0.1063,2,12,1.0,0.0
synthetic,0.0,900123,bollywood,0.0,0.2,0.0,0.0,0.0,0.0,4,11,0.5,0.5
synthetic,0.05,900123,bollywood,0.0,0.2,0.0,0.0,0.0,0.0,4,13,0.7,0.3
synthetic,0.1,900123,bollywood,0.0,0.2,0.0,0.0,0.0,0.0,2,13,0.9,0.1
synthetic,0.15,900123,bollywood,0.0,0.2,0.0,0.0,0.0,0.0,2,13,0.9,0.1
synthetic,0.2,900123,bollywood,0.0,0.2,0.0,0.0,0.0,0.0,2,13,0.9,0.1
synthetic,0.3,900123,bollywood,0.0,0.2,0.0,0.0,0.0,0.0,2,13,1.0,0.0
synthetic,0.4,900123,bollywood,0.0,0.2,0.0,0.0,0.0,0.0,2,12,1.0,0.0
synthetic,0.5,900123,bollywood,0.0,0.2,0.0,0.0,0.0,0.0,1,12,1.0,0.0
synthetic,0.0,900124,bollywood,0.1,0.5,0.2,1.0,1.0,0.3392,1,8,1.0,0.0
synthetic,0.05,900124,bollywood,0.1,0.5,0.2,1.0,1.0,0.3392,1,8,1.0,0.0
synthetic,0.1,900124,bollywood,0.1,0.5,0.2,1.0,1.0,0.3392,2,8,1.0,0.0
synthetic,0.15,900124,bollywood,0.1,0.5,0.2,1.0,1.0,0.3392,2,8,1.0,0.0
synthetic,0.2,900124,bollywood,0.1,0.5,0.2,1.0,1.0,0.3392,2,8,1.0,0.0
synthetic,0.3,900124,bollywood,0.1,0.5,0.2,1.0,1.0,0.3392,2,8,1.0,0.0
synthetic,0.4,900124,bollywood,0.1,0.5,0.2,1.0,1.0,0.3392,2,6,1.0,0.0
synthetic,0.5,900124,bollywood,0.1,0.5,0.2,1.0,1.0,0.3392,2,6,1.0,0.0
synthetic,0.0,900125,hollywood,0.0,0.7,0.0,0.0,0.0,0.0,3,10,0.8,0.2
synthetic,0.05,900125,hollywood,0.0,0.7,0.0,0.0,0.0,0.0,2,11,0.9,0.1
synthetic,0.1,900125,hollywood,0.0,0.7,0.0,0.0,0.0,0.0,2,11,0.9,0.1
synthetic,0.15,900125,hollywood,0.0,0.7,0.0,0.0,0.0,0.0,1,11,1.0,0.0
synthetic,0.2,900125,hollywood,0.0,0.7,0.0,0.0,0.0,0.0,1,11,1.0,0.0
synthetic,0.3,900125,hollywood,0.0,0.7,0.0,0.0,0.0,0.0,1,11,1.0,0.0
synthetic,0.4,900125,hollywood,0.0,0.7,0.0,0.0,0.0,0.0,1,11,1.0,0.0
synthetic,0.5,900125,hollywood,0.0,0.7,0.0,0.0,0.0,0.0,1,11,1.0,0.0
synthetic,0.0,900126,hollywood,0.1,0.4,0.25,1.0,1.0,0.3904,2,8,0.8,0.2
synthetic,0.05,900126,hollywood,0.1,0.4,0.25,1.0,1.0,0.3904,2,8,0.9,0.1
synthetic,0.1,900126,hollywood,0.1,0.4,0.25,1.0,1.0,0.3904,2,8,0.9,0.1
synthetic,0.15,900126,hollywood,0.1,0.4,0.25,1.0,1.0,0.3904,2,8,0.9,0.1
synthetic,0.2,900126,hollywood,0.1,0.4,0.25,1.0,1.0,0.3904,2,8,0.9,0.1
synthetic,0.3,900126,hollywood,0.1,0.4,0.25,1.0,1.0,0.3904,1,7,1.0,0.0
synthetic,0.4,900126,hollywood,0.1,0.4,0.25,1.0,1.0,0.3904,1,7,1.0,0.0
synthetic,0.5,900126,hollywood,0.1,0.4,0.25,1.0,1.0,0.3904,1,7,1.0,0.0
synthetic,0.0,900127,hollywood,0.1,0.5,0.2,1.0,0.25,0.1461,2,14,0.9,0.1
synthetic,0.05,900127,hollywood,0.1,0.5,0.2,1.0,0.25,0.1461,2,14,0.9,0.1
synthetic,0.1,900127,hollywood,0.2,0.5,0.4,1.0,0.25,0.2441,1,11,1.0,0.0
synthetic,0.15,900127,hollywood,0.2,0.5,0.4,1.0,0.2,0.2292,1,11,1.0,0.0
synthetic,0.2,900127,hollywood,0.2,0.5,0.4,1.0,0.2,0.2292,1,11,1.0,0.0
synthetic,0.3,900127,hollywood,0.2,0.5,0.4,1.0,0.2,0.2292,1,11,1.0,0.0
synthetic,0.4,900127,hollywood,0.2,0.5,0.4,1.0,0.2,0.2292,1,11,1.0,0.0
synthetic,0.5,900127,hollywood,0.2,0.5,0.4,1.0,0.1667,0.2189,1,11,1.0,0.0
synthetic,0.0,900128,korean,0.0,0.7,0.0,0.0,0.0,0.0,3,10,0.7,0.3
synthetic,0.05,900128,korean,0.0,0.7,0.0,0.0,0.0,0.0,2,6,0.8,0.2
synthetic,0.1,900128,korean,0.0,0.7,0.0,0.0,0.0,0.0,2,5,0.9,0.1
synthetic,0.15,900128,korean,0.0,0.7,0.0,0.0,0.0,0.0,2,5,0.9,0.1
synthetic,0.2,900128,korean,0.0,0.7,0.0,0.0,0.0,0.0,2,5,0.9,0.1
synthetic,0.3,900128,korean,0.1,0.7,0.1429,1.0,0.2,0.1063,3,6,0.9,0.1
synthetic,0.4,900128,korean,0.2,0.7,0.2857,1.0,0.5,0.2601,2,9,1.0,0.0
synthetic,0.5,900128,korean,0.2,0.7,0.2857,1.0,0.5,0.2798,2,11,1.0,0.0
synthetic,0.0,900129,anime,0.0,0.4,0.0,0.0,0.0,0.0,2,10,1.0,0.0
synthetic,0.05,900129,anime,0.0,0.4,0.0,0.0,0.0,0.0,2,10,1.0,0.0
synthetic,0.1,900129,anime,0.0,0.4,0.0,0.0,0.0,0.0,2,11,1.0,0.0
synthetic,0.15,900129,anime,0.0,0.4,0.0,0.0,0.0,0.0,2,11,1.0,0.0
synthetic,0.2,900129,anime,0.0,0.4,0.0,0.0,0.0,0.0,1,12,1.0,0.0
synthetic,0.3,900129,anime,0.0,0.4,0.0,0.0,0.0,0.0,1,12,1.0,0.0
synthetic,0.4,900129,anime,0.0,0.4,0.0,0.0,0.0,0.0,1,12,1.0,0.0
synthetic,0.5,900129,anime,0.0,0.4,0.0,0.0,0.0,0.0,1,12,1.0,0.0
synthetic,0.0,900130,bollywood,0.1,0.4,0.25,1.0,0.1,0.1128,1,7,1.0,0.0
synthetic,0.05,900130,bollywood,0.1,0.4,0.25,1.0,0.1,0.1128,1,7,1.0,0.0
synthetic,0.1,900130,bollywood,0.1,0.4,0.25,1.0,0.1,0.1128,1,7,1.0,0.0
synthetic,0.15,900130,bollywood,0.1,0.4,0.25,1.0,0.1,0.1128,1,7,1.0,0.0
synthetic,0.2,900130,bollywood,0.1,0.4,0.25,1.0,0.1,0.1128,1,7,1.0,0.0
synthetic,0.3,900130,bollywood,0.1,0.4,0.25,1.0,0.1,0.1128,1,7,1.0,0.0
synthetic,0.4,900130,bollywood,0.1,0.4,0.25,1.0,0.1,0.1128,1,7,1.0,0.0
synthetic,0.5,900130,bollywood,0.0,0.4,0.0,0.0,0.0,0.0,2,10,1.0,0.0
synthetic,0.0,900131,bollywood,0.2,0.7,0.2857,1.0,1.0,0.3812,1,10,1.0,0.0
synthetic,0.05,900131,bollywood,0.2,0.7,0.2857,1.0,1.0,0.3812,1,10,1.0,0.0
synthetic,0.1,900131,bollywood,0.2,0.7,0.2857,1.0,1.0,0.3812,1,10,1.0,0.0
synthetic,0.15,900131,bollywood,0.2,0.7,0.2857,1.0,1.0,0.3812,1,10,1.0,0.0
synthetic,0.2,900131,bollywood,0.2,0.7,0.2857,1.0,1.0,0.3812,1,10,1.0,0.0
synthetic,0.3,900131,bollywood,0.2,0.7,0.2857,1.0,1.0,0.3812,1,10,1.0,0.0
synthetic,0.4,900131,bollywood,0.2,0.7,0.2857,1.0,1.0,0.3812,1,10,1.0,0.0
synthetic,0.5,900131,bollywood,0.2,0.7,0.2857,1.0,1.0,0.3812,1,10,1.0,0.0
synthetic,0.0,900132,anime,0.0,0.4,0.0,0.0,0.0,0.0,2,11,1.0,0.0
synthetic,0.05,900132,anime,0.0,0.4,0.0,0.0,0.0,0.0,2,10,1.0,0.0
synthetic,0.1,900132,anime,0.0,0.4,0.0,0.0,0.0,0.0,2,11,1.0,0.0
synthetic,0.15,900132,anime,0.0,0.4,0.0,0.0,0.0,0.0,2,11,1.0,0.0
synthetic,0.2,900132,anime,0.0,0.4,0.0,0.0,0.0,0.0,2,11,1.0,0.0
synthetic,0.3,900132,anime,0.1,0.4,0.25,1.0,0.1,0.1128,2,11,1.0,0.0
synthetic,0.4,900132,anime,0.1,0.4,0.25,1.0,0.1429,0.1301,2,11,1.0,0.0
synthetic,0.5,900132,anime,0.1,0.4,0.25,1.0,0.2,0.151,2,10,1.0,0.0
synthetic,0.0,900133,mixed,0.0,0.5,0.0,0.0,0.0,0.0,6,11,0.4,0.6
synthetic,0.05,900133,mixed,0.0,0.5,0.0,0.0,0.0,0.0,5,10,0.6,0.4
synthetic,0.1,900133,mixed,0.0,0.5,0.0,0.0,0.0,0.0,3,9,0.8,0.2
synthetic,0.15,900133,mixed,0.0,0.5,0.0,0.0,0.0,0.0,1,10,1.0,0.0
synthetic,0.2,900133,mixed,0.0,0.5,0.0,0.0,0.0,0.0,1,10,1.0,0.0
synthetic,0.3,900133,mixed,0.0,0.5,0.0,0.0,0.0,0.0,1,10,1.0,0.0
synthetic,0.4,900133,mixed,0.0,0.5,0.0,0.0,0.0,0.0,1,10,1.0,0.0
synthetic,0.5,900133,mixed,0.0,0.5,0.0,0.0,0.0,0.0,1,10,1.0,0.0
synthetic,0.0,900134,korean,0.1,0.5,0.2,1.0,0.1111,0.1021,5,6,0.7,0.3
synthetic,0.05,900134,korean,0.1,0.5,0.2,1.0,0.125,0.107,5,6,0.7,0.3
synthetic,0.1,900134,korean,0.1,0.5,0.2,1.0,0.125,0.107,4,6,0.8,0.2
synthetic,0.15,900134,korean,0.1,0.5,0.2,1.0,0.1429,0.1131,3,8,0.9,0.1
synthetic,0.2,900134,korean,0.1,0.5,0.2,1.0,0.1,0.098,3,8,0.9,0.1
synthetic,0.3,900134,korean,0.0,0.5,0.0,0.0,0.0,0.0,3,9,1.0,0.0
synthetic,0.4,900134,korean,0.0,0.5,0.0,0.0,0.0,0.0,3,11,1.0,0.0
synthetic,0.5,900134,korean,0.0,0.5,0.0,0.0,0.0,0.0,2,12,1.0,0.0
synthetic,0.0,900135,hollywood,0.0,0.2,0.0,0.0,0.0,0.0,2,12,0.8,0.2
synthetic,0.05,900135,hollywood,0.0,0.2,0.0,0.0,0.0,0.0,2,12,0.9,0.1
synthetic,0.1,900135,hollywood,0.0,0.2,0.0,0.0,0.0,0.0,1,12,1.0,0.0
synthetic,0.15,900135,hollywood,0.0,0.2,0.0,0.0,0.0,0.0,1,12,1.0,0.0
synthetic,0.2,900135,hollywood,0.0,0.2,0.0,0.0,0.0,0.0,1,12,1.0,0.0
synthetic,0.3,900135,hollywood,0.0,0.2,0.0,0.0,0.0,0.0,1,12,1.0,0.0
synthetic,0.4,900135,hollywood,0.0,0.2,0.0,0.0,0.0,0.0,1,12,1.0,0.0
synthetic,0.5,900135,hollywood,0.0,0.2,0.0,0.0,0.0,0.0,1,12,1.0,0.0
synthetic,0.0,900136,mixed,0.0,0.3,0.0,0.0,0.0,0.0,3,10,0.8,0.2
synthetic,0.05,900136,mixed,0.0,0.3,0.0,0.0,0.0,0.0,2,11,1.0,0.0
synthetic,0.1,900136,mixed,0.0,0.3,0.0,0.0,0.0,0.0,2,11,1.0,0.0
synthetic,0.15,900136,mixed,0.0,0.3,0.0,0.0,0.0,0.0,2,11,1.0,0.0
synthetic,0.2,900136,mixed,0.0,0.3,0.0,0.0,0.0,0.0,2,12,1.0,0.0
synthetic,0.3,900136,mixed,0.0,0.3,0.0,0.0,0.0,0.0,1,12,1.0,0.0
synthetic,0.4,900136,mixed,0.0,0.3,0.0,0.0,0.0,0.0,1,12,1.0,0.0
synthetic,0.5,900136,mixed,0.0,0.3,0.0,0.0,0.0,0.0,1,11,1.0,0.0
synthetic,0.0,900137,hollywood,0.1,0.4,0.25,1.0,1.0,0.3904,1,9,1.0,0.0
synthetic,0.05,900137,hollywood,0.1,0.4,0.25,1.0,1.0,0.3904,1,9,1.0,0.0
synthetic,0.1,900137,hollywood,0.1,0.4,0.25,1.0,1.0,0.3904,1,9,1.0,0.0
synthetic,0.15,900137,hollywood,0.1,0.4,0.25,1.0,1.0,0.3904,1,9,1.0,0.0
synthetic,0.2,900137,hollywood,0.1,0.4,0.25,1.0,1.0,0.3904,1,9,1.0,0.0
synthetic,0.3,900137,hollywood,0.1,0.4,0.25,1.0,1.0,0.3904,1,9,1.0,0.0
synthetic,0.4,900137,hollywood,0.1,0.4,0.25,1.0,1.0,0.3904,1,9,1.0,0.0
synthetic,0.5,900137,hollywood,0.1,0.4,0.25,1.0,0.5,0.2463,1,9,1.0,0.0
synthetic,0.0,900138,hollywood,0.1,0.5,0.2,1.0,0.3333,0.1696,1,10,1.0,0.0
synthetic,0.05,900138,hollywood,0.1,0.5,0.2,1.0,0.3333,0.1696,1,10,1.0,0.0
synthetic,0.1,900138,hollywood,0.1,0.5,0.2,1.0,0.3333,0.1696,1,10,1.0,0.0
synthetic,0.15,900138,hollywood,0.1,0.5,0.2,1.0,0.3333,0.1696,1,10,1.0,0.0
synthetic,0.2,900138,hollywood,0.1,0.5,0.2,1.0,0.3333,0.1696,1,10,1.0,0.0
synthetic,0.3,900138,hollywood,0.1,0.5,0.2,1.0,0.3333,0.1696,1,10,1.0,0.0
synthetic,0.4,900138,hollywood,0.1,0.5,0.2,1.0,0.3333,0.1696,1,10,1.0,0.0
synthetic,0.5,900138,hollywood,0.1,0.5,0.2,1.0,0.3333,0.1696,1,10,1.0,0.0
synthetic,0.0,900139,mixed,0.0,0.8,0.0,0.0,0.0,0.0,2,10,0.9,0.1
synthetic,0.05,900139,mixed,0.0,0.8,0.0,0.0,0.0,0.0,2,10,1.0,0.0
synthetic,0.1,900139,mixed,0.0,0.8,0.0,0.0,0.0,0.0,2,10,1.0,0.0
synthetic,0.15,900139,mixed,0.0,0.8,0.0,0.0,0.0,0.0,2,10,1.0,0.0
synthetic,0.2,900139,mixed,0.0,0.8,0.0,0.0,0.0,0.0,2,10,1.0,0.0
synthetic,0.3,900139,mixed,0.0,0.8,0.0,0.0,0.0,0.0,2,10,1.0,0.0
synthetic,0.4,900139,mixed,0.0,0.8,0.0,0.0,0.0,0.0,2,10,1.0,0.0
synthetic,0.5,900139,mixed,0.0,0.8,0.0,0.0,0.0,0.0,1,11,1.0,0.0
synthetic,0.0,900140,korean,0.0,0.4,0.0,0.0,0.0,0.0,4,11,0.7,0.3
synthetic,0.05,900140,korean,0.0,0.4,0.0,0.0,0.0,0.0,4,11,0.7,0.3
synthetic,0.1,900140,korean,0.0,0.4,0.0,0.0,0.0,0.0,4,11,0.8,0.2
synthetic,0.15,900140,korean,0.0,0.4,0.0,0.0,0.0,0.0,3,11,0.9,0.1
synthetic,0.2,900140,korean,0.0,0.4,0.0,0.0,0.0,0.0,2,11,1.0,0.0
synthetic,0.3,900140,korean,0.0,0.4,0.0,0.0,0.0,0.0,2,11,1.0,0.0
synthetic,0.4,900140,korean,0.0,0.4,0.0,0.0,0.0,0.0,2,14,1.0,0.0
synthetic,0.5,900140,korean,0.0,0.4,0.0,0.0,0.0,0.0,2,13,1.0,0.0
synthetic,0.0,900141,korean,0.0,0.5,0.0,0.0,0.0,0.0,3,12,0.8,0.2
synthetic,0.05,900141,korean,0.0,0.5,0.0,0.0,0.0,0.0,3,12,0.8,0.2
synthetic,0.1,900141,korean,0.0,0.5,0.0,0.0,0.0,0.0,2,12,0.9,0.1
synthetic,0.15,900141,korean,0.0,0.5,0.0,0.0,0.0,0.0,2,11,1.0,0.0
synthetic,0.2,900141,korean,0.0,0.5,0.0,0.0,0.0,0.0,2,11,1.0,0.0
synthetic,0.3,900141,korean,0.0,0.5,0.0,0.0,0.0,0.0,2,8,1.0,0.0
synthetic,0.4,900141,korean,0.0,0.5,0.0,0.0,0.0,0.0,2,8,1.0,0.0
synthetic,0.5,900141,korean,0.0,0.5,0.0,0.0,0.0,0.0,1,8,1.0,0.0
synthetic,0.0,900142,anime,0.3,0.6,0.5,1.0,0.3333,0.3825,2,9,1.0,0.0
synthetic,0.05,900142,anime,0.3,0.6,0.5,1.0,0.3333,0.3825,2,9,1.0,0.0
synthetic,0.1,900142,anime,0.3,0.6,0.5,1.0,0.5,0.429,2,9,1.0,0.0
synthetic,0.15,900142,anime,0.3,0.6,0.5,1.0,0.5,0.429,2,8,1.0,0.0
synthetic,0.2,900142,anime,0.3,0.6,0.5,1.0,0.5,0.4158,2,9,1.0,0.0
synthetic,0.3,900142,anime,0.3,0.6,0.5,1.0,0.5,0.4158,2,8,1.0,0.0
synthetic,0.4,900142,anime,0.4,0.6,0.6667,1.0,1.0,0.6149,2,8,1.0,0.0
synthetic,0.5,900142,anime,0.3,0.6,0.5,1.0,1.0,0.5338,2,8,1.0,0.0
synthetic,0.0,900143,hollywood,0.0,0.2,0.0,0.0,0.0,0.0,1,7,1.0,0.0
synthetic,0.05,900143,hollywood,0.0,0.2,0.0,0.0,0.0,0.0,1,7,1.0,0.0
synthetic,0.1,900143,hollywood,0.0,0.2,0.0,0.0,0.0,0.0,1,7,1.0,0.0
synthetic,0.15,900143,hollywood,0.0,0.2,0.0,0.0,0.0,0.0,1,7,1.0,0.0
synthetic,0.2,900143,hollywood,0.0,0.2,0.0,0.0,0.0,0.0,1,7,1.0,0.0
synthetic,0.3,900143,hollywood,0.0,0.2,0.0,0.0,0.0,0.0,1,7,1.0,0.0
synthetic,0.4,900143,hollywood,0.0,0.2,0.0,0.0,0.0,0.0,1,7,1.0,0.0
synthetic,0.5,900143,hollywood,0.0,0.2,0.0,0.0,0.0,0.0,1,7,1.0,0.0
synthetic,0.0,900144,anime,0.1,0.3,0.3333,1.0,0.5,0.2961,3,11,0.9,0.1
synthetic,0.05,900144,anime,0.1,0.3,0.3333,1.0,1.0,0.4693,3,11,0.9,0.1
synthetic,0.1,900144,anime,0.1,0.3,0.3333,1.0,1.0,0.4693,3,11,0.9,0.1
synthetic,0.15,900144,anime,0.1,0.3,0.3333,1.0,1.0,0.4693,2,11,1.0,0.0
synthetic,0.2,900144,anime,0.1,0.3,0.3333,1.0,1.0,0.4693,2,11,1.0,0.0
synthetic,0.3,900144,anime,0.1,0.3,0.3333,1.0,0.5,0.2961,1,10,1.0,0.0
synthetic,0.4,900144,anime,0.1,0.3,0.3333,1.0,0.3333,0.2346,1,10,1.0,0.0
synthetic,0.5,900144,anime,0.1,0.3,0.3333,1.0,0.2,0.1815,1,10,1.0,0.0
synthetic,0.0,900145,bollywood,0.1,0.4,0.25,1.0,0.1667,0.1391,5,11,0.6,0.4
synthetic,0.05,900145,bollywood,0.1,0.4,0.25,1.0,0.1667,0.1391,4,9,0.8,0.2
synthetic,0.1,900145,bollywood,0.1,0.4,0.25,1.0,0.1667,0.1391,3,8,0.9,0.1
synthetic,0.15,900145,bollywood,0.1,0.4,0.25,1.0,0.2,0.151,3,8,0.9,0.1
synthetic,0.2,900145,bollywood,0.1,0.4,0.25,1.0,0.2,0.151,3,8,0.9,0.1
synthetic,0.3,900145,bollywood,0.2,0.4,0.5,1.0,0.2,0.2685,2,8,1.0,0.0
synthetic,0.4,900145,bollywood,0.2,0.4,0.5,1.0,0.3333,0.3342,2,8,1.0,0.0
synthetic,0.5,900145,bollywood,0.2,0.4,0.5,1.0,0.5,0.3854,2,10,1.0,0.0
synthetic,0.0,900146,bollywood,0.0,0.4,0.0,0.0,0.0,0.0,1,6,1.0,0.0
synthetic,0.05,900146,bollywood,0.0,0.4,0.0,0.0,0.0,0.0,1,6,1.0,0.0
synthetic,0.1,900146,bollywood,0.0,0.4,0.0,0.0,0.0,0.0,1,6,1.0,0.0
synthetic,0.15,900146,bollywood,0.0,0.4,0.0,0.0,0.0,0.0,1,6,1.0,0.0
synthetic,0.2,900146,bollywood,0.0,0.4,0.0,0.0,0.0,0.0,1,6,1.0,0.0
synthetic,0.3,900146,bollywood,0.0,0.4,0.0,0.0,0.0,0.0,1,6,1.0,0.0
synthetic,0.4,900146,bollywood,0.0,0.4,0.0,0.0,0.0,0.0,1,6,1.0,0.0
synthetic,0.5,900146,bollywood,0.0,0.4,0.0,0.0,0.0,0.0,2,7,1.0,0.0
synthetic,0.0,900147,bollywood,0.1,0.4,0.25,1.0,0.1111,0.1175,1,6,1.0,0.0
synthetic,0.05,900147,bollywood,0.1,0.4,0.25,1.0,0.1111,0.1175,1,6,1.0,0.0
synthetic,0.1,900147,bollywood,0.1,0.4,0.25,1.0,0.1111,0.1175,1,6,1.0,0.0
synthetic,0.15,900147,bollywood,0.1,0.4,0.25,1.0,0.1111,0.1175,1,6,1.0,0.0
synthetic,0.2,900147,bollywood,0.1,0.4,0.25,1.0,0.1111,0.1175,1,6,1.0,0.0
synthetic,0.3,900147,bollywood,0.1,0.4,0.25,1.0,0.1111,0.1175,1,6,1.0,0.0
synthetic,0.4,900147,bollywood,0.1,0.4,0.25,1.0,0.1111,0.1175,1,6,1.0,0.0
synthetic,0.5,900147,bollywood,0.1,0.4,0.25,1.0,0.1111,0.1175,1,6,1.0,0.0
synthetic,0.0,900148,bollywood,0.0,0.5,0.0,0.0,0.0,0.0,1,8,1.0,0.0
synthetic,0.05,900148,bollywood,0.0,0.5,0.0,0.0,0.0,0.0,1,8,1.0,0.0
synthetic,0.1,900148,bollywood,0.0,0.5,0.0,0.0,0.0,0.0,1,8,1.0,0.0
synthetic,0.15,900148,bollywood,0.0,0.5,0.0,0.0,0.0,0.0,1,8,1.0,0.0
synthetic,0.2,900148,bollywood,0.0,0.5,0.0,0.0,0.0,0.0,1,8,1.0,0.0
synthetic,0.3,900148,bollywood,0.0,0.5,0.0,0.0,0.0,0.0,1,8,1.0,0.0
synthetic,0.4,900148,bollywood,0.0,0.5,0.0,0.0,0.0,0.0,1,8,1.0,0.0
synthetic,0.5,900148,bollywood,0.0,0.5,0.0,0.0,0.0,0.0,2,9,1.0,0.0
synthetic,0.0,900149,anime,0.2,0.7,0.2857,1.0,0.5,0.3109,3,12,0.9,0.1
synthetic,0.05,900149,anime,0.2,0.7,0.2857,1.0,0.5,0.3109,3,10,0.9,0.1
synthetic,0.1,900149,anime,0.3,0.7,0.4286,1.0,0.5,0.3903,3,10,0.9,0.1
synthetic,0.15,900149,anime,0.3,0.7,0.4286,1.0,0.5,0.3936,2,10,1.0,0.0
synthetic,0.2,900149,anime,0.3,0.7,0.4286,1.0,0.5,0.3936,2,11,1.0,0.0
synthetic,0.3,900149,anime,0.3,0.7,0.4286,1.0,1.0,0.4918,2,11,1.0,0.0
synthetic,0.4,900149,anime,0.2,0.7,0.2857,1.0,1.0,0.4483,2,11,1.0,0.0
synthetic,0.5,900149,anime,0.3,0.7,0.4286,1.0,1.0,0.5278,2,11,1.0,0.0
synthetic,0.0,900150,korean,0.0,0.7,0.0,0.0,0.0,0.0,3,8,0.8,0.2
synthetic,0.05,900150,korean,0.1,0.7,0.1429,1.0,0.1429,0.0916,3,8,0.9,0.1
synthetic,0.1,900150,korean,0.1,0.7,0.1429,1.0,0.2,0.1063,3,8,0.9,0.1
synthetic,0.15,900150,korean,0.1,0.7,0.1429,1.0,0.3333,0.1374,3,9,0.9,0.1
synthetic,0.2,900150,korean,0.1,0.7,0.1429,1.0,0.5,0.1734,3,9,0.9,0.1
synthetic,0.3,900150,korean,0.1,0.7,0.1429,1.0,0.5,0.1734,2,9,1.0,0.0
synthetic,0.4,900150,korean,0.1,0.7,0.1429,1.0,0.5,0.1734,2,7,1.0,0.0
synthetic,0.5,900150,korean,0.1,0.7,0.1429,1.0,0.5,0.1734,1,8,1.0,0.0
synthetic,0.0,900151,anime,0.1,0.3,0.3333,1.0,1.0,0.4693,4,9,0.8,0.2
synthetic,0.05,900151,anime,0.1,0.3,0.3333,1.0,1.0,0.4693,3,8,0.9,0.1
synthetic,0.1,900151,anime,0.1,0.3,0.3333,1.0,1.0,0.4693,3,8,0.9,0.1
synthetic,0.15,900151,anime,0.1,0.3,0.3333,1.0,0.5,0.2961,2,8,1.0,0.0
synthetic,0.2,900151,anime,0.1,0.3,0.3333,1.0,0.5,0.2961,1,8,1.0,0.0
synthetic,0.3,900151,anime,0.1,0.3,0.3333,1.0,0.5,0.2961,1,8,1.0,0.0
synthetic,0.4,900151,anime,0.1,0.3,0.3333,1.0,0.5,0.2961,1,8,1.0,0.0
synthetic,0.5,900151,anime,0.1,0.3,0.3333,1.0,0.5,0.2961,1,9,1.0,0.0
synthetic,0.0,900152,bollywood,0.0,0.4,0.0,0.0,0.0,0.0,3,11,0.6,0.4
synthetic,0.05,900152,bollywood,0.0,0.4,0.0,0.0,0.0,0.0,3,11,0.6,0.4
synthetic,0.1,900152,bollywood,0.0,0.4,0.0,0.0,0.0,0.0,3,11,0.6,0.4
synthetic,0.15,900152,bollywood,0.0,0.4,0.0,0.0,0.0,0.0,2,10,0.8,0.2
synthetic,0.2,900152,bollywood,0.0,0.4,0.0,0.0,0.0,0.0,2,9,0.9,0.1
synthetic,0.3,900152,bollywood,0.0,0.4,0.0,0.0,0.0,0.0,1,9,1.0,0.0
synthetic,0.4,900152,bollywood,0.0,0.4,0.0,0.0,0.0,0.0,2,10,1.0,0.0
synthetic,0.5,900152,bollywood,0.0,0.4,0.0,0.0,0.0,0.0,2,10,1.0,0.0
synthetic,0.0,900153,bollywood,0.1,0.3,0.3333,1.0,0.5,0.2961,4,10,0.5,0.5
synthetic,0.05,900153,bollywood,0.1,0.3,0.3333,1.0,1.0,0.4693,4,10,0.6,0.4
synthetic,0.1,900153,bollywood,0.1,0.3,0.3333,1.0,1.0,0.4693,4,12,0.7,0.3
synthetic,0.15,900153,bollywood,0.1,0.3,0.3333,1.0,1.0,0.4693,3,12,0.8,0.2
synthetic,0.2,900153,bollywood,0.1,0.3,0.3333,1.0,1.0,0.4693,2,11,0.9,0.1
synthetic,0.3,900153,bollywood,0.1,0.3,0.3333,1.0,1.0,0.4693,2,11,1.0,0.0
synthetic,0.4,900153,bollywood,0.1,0.3,0.3333,1.0,1.0,0.4693,2,11,1.0,0.0
synthetic,0.5,900153,bollywood,0.1,0.3,0.3333,1.0,0.3333,0.2346,2,11,1.0,0.0
synthetic,0.0,900154,hollywood,0.1,0.4,0.25,1.0,0.25,0.1681,2,9,0.9,0.1
synthetic,0.05,900154,hollywood,0.1,0.4,0.25,1.0,0.25,0.1681,1,8,1.0,0.0
synthetic,0.1,900154,hollywood,0.1,0.4,0.25,1.0,0.25,0.1681,1,8,1.0,0.0
synthetic,0.15,900154,hollywood,0.1,0.4,0.25,1.0,0.25,0.1681,1,8,1.0,0.0
synthetic,0.2,900154,hollywood,0.1,0.4,0.25,1.0,0.25,0.1681,1,8,1.0,0.0
synthetic,0.3,900154,hollywood,0.1,0.4,0.25,1.0,0.25,0.1681,1,8,1.0,0.0
synthetic,0.4,900154,hollywood,0.1,0.4,0.25,1.0,0.25,0.1681,1,8,1.0,0.0
synthetic,0.5,900154,hollywood,0.1,0.4,0.25,1.0,0.25,0.1681,1,8,1.0,0.0
synthetic,0.0,900155,korean,0.1,0.2,0.5,1.0,0.125,0.1934,4,9,0.7,0.3
synthetic,0.05,900155,korean,0.1,0.2,0.5,1.0,0.125,0.1934,3,8,0.9,0.1
synthetic,0.1,900155,korean,0.1,0.2,0.5,1.0,0.1111,0.1846,3,8,0.9,0.1
synthetic,0.15,900155,korean,0.1,0.2,0.5,1.0,0.125,0.1934,3,8,0.9,0.1
synthetic,0.2,900155,korean,0.1,0.2,0.5,1.0,0.125,0.1934,2,9,1.0,0.0
synthetic,0.3,900155,korean,0.1,0.2,0.5,1.0,0.1,0.1772,2,9,1.0,0.0
synthetic,0.4,900155,korean,0.0,0.2,0.0,0.0,0.0,0.0,2,8,1.0,0.0
synthetic,0.5,900155,korean,0.0,0.2,0.0,0.0,0.0,0.0,2,10,1.0,0.0
synthetic,0.0,900156,anime,0.0,0.7,0.0,0.0,0.0,0.0,2,11,1.0,0.0
synthetic,0.05,900156,anime,0.0,0.7,0.0,0.0,0.0,0.0,2,12,1.0,0.0
synthetic,0.1,900156,anime,0.0,0.7,0.0,0.0,0.0,0.0,2,12,1.0,0.0
synthetic,0.15,900156,anime,0.0,0.7,0.0,0.0,0.0,0.0,2,12,1.0,0.0
synthetic,0.2,900156,anime,0.0,0.7,0.0,0.0,0.0,0.0,2,12,1.0,0.0
synthetic,0.3,900156,anime,0.0,0.7,0.0,0.0,0.0,0.0,1,11,1.0,0.0
synthetic,0.4,900156,anime,0.0,0.7,0.0,0.0,0.0,0.0,1,12,1.0,0.0
synthetic,0.5,900156,anime,0.1,0.7,0.1429,1.0,0.1,0.0795,1,11,1.0,0.0
synthetic,0.0,900157,korean,0.0,0.4,0.0,0.0,0.0,0.0,2,9,0.9,0.1
synthetic,0.05,900157,korean,0.0,0.4,0.0,0.0,0.0,0.0,1,7,1.0,0.0
synthetic,0.1,900157,korean,0.0,0.4,0.0,0.0,0.0,0.0,1,8,1.0,0.0
synthetic,0.15,900157,korean,0.0,0.4,0.0,0.0,0.0,0.0,1,8,1.0,0.0
synthetic,0.2,900157,korean,0.0,0.4,0.0,0.0,0.0,0.0,1,8,1.0,0.0
synthetic,0.3,900157,korean,0.0,0.4,0.0,0.0,0.0,0.0,2,6,1.0,0.0
synthetic,0.4,900157,korean,0.0,0.4,0.0,0.0,0.0,0.0,2,7,1.0,0.0
synthetic,0.5,900157,korean,0.0,0.4,0.0,0.0,0.0,0.0,2,8,1.0,0.0
synthetic,0.0,900158,hollywood,0.1,0.4,0.25,1.0,1.0,0.3904,1,8,0.9,0.1
synthetic,0.05,900158,hollywood,0.1,0.4,0.25,1.0,1.0,0.3904,1,8,0.9,0.1
synthetic,0.1,900158,hollywood,0.1,0.4,0.25,1.0,0.5,0.2463,1,8,0.9,0.1
synthetic,0.15,900158,hollywood,0.0,0.4,0.0,0.0,0.0,0.0,1,8,1.0,0.0
synthetic,0.2,900158,hollywood,0.0,0.4,0.0,0.0,0.0,0.0,1,8,1.0,0.0
synthetic,0.3,900158,hollywood,0.0,0.4,0.0,0.0,0.0,0.0,1,8,1.0,0.0
synthetic,0.4,900158,hollywood,0.0,0.4,0.0,0.0,0.0,0.0,1,8,1.0,0.0
synthetic,0.5,900158,hollywood,0.0,0.4,0.0,0.0,0.0,0.0,1,8,1.0,0.0
synthetic,0.0,900159,mixed,0.0,0.3,0.0,0.0,0.0,0.0,2,10,0.7,0.3
synthetic,0.05,900159,mixed,0.0,0.3,0.0,0.0,0.0,0.0,2,10,0.8,0.2
synthetic,0.1,900159,mixed,0.0,0.3,0.0,0.0,0.0,0.0,2,10,0.8,0.2
synthetic,0.15,900159,mixed,0.0,0.3,0.0,0.0,0.0,0.0,2,11,0.9,0.1
synthetic,0.2,900159,mixed,0.0,0.3,0.0,0.0,0.0,0.0,2,9,1.0,0.0
synthetic,0.3,900159,mixed,0.0,0.3,0.0,0.0,0.0,0.0,2,11,1.0,0.0
synthetic,0.4,900159,mixed,0.0,0.3,0.0,0.0,0.0,0.0,1,11,1.0,0.0
synthetic,0.5,900159,mixed,0.0,0.3,0.0,0.0,0.0,0.0,1,11,1.0,0.0
synthetic,0.0,900160,korean,0.2,0.4,0.5,1.0,0.5,0.3854,3,6,0.7,0.3
synthetic,0.05,900160,korean,0.2,0.4,0.5,1.0,0.5,0.3854,3,7,0.8,0.2
synthetic,0.1,900160,korean,0.2,0.4,0.5,1.0,1.0,0.5414,3,7,0.9,0.1
synthetic,0.15,900160,korean,0.2,0.4,0.5,1.0,1.0,0.5414,3,6,0.9,0.1
synthetic,0.2,900160,korean,0.2,0.4,0.5,1.0,0.5,0.3764,2,7,1.0,0.0
synthetic,0.3,900160,korean,0.2,0.4,0.5,1.0,0.25,0.2983,2,7,1.0,0.0
synthetic,0.4,900160,korean,0.2,0.4,0.5,1.0,0.2,0.2639,2,7,1.0,0.0
synthetic,0.5,900160,korean,0.0,0.4,0.0,0.0,0.0,0.0,1,8,1.0,0.0
synthetic,0.0,900161,anime,0.1,0.7,0.1429,1.0,0.25,0.1184,2,11,1.0,0.0
synthetic,0.05,900161,anime,0.1,0.7,0.1429,1.0,0.25,0.1184,2,11,1.0,0.0
synthetic,0.1,900161,anime,0.1,0.7,0.1429,1.0,0.25,0.1184,2,11,1.0,0.0
synthetic,0.15,900161,anime,0.1,0.7,0.1429,1.0,0.25,0.1184,2,12,1.0,0.0
synthetic,0.2,900161,anime,0.1,0.7,0.1429,1.0,0.25,0.1184,2,12,1.0,0.0
synthetic,0.3,900161,anime,0.2,0.7,0.2857,1.0,0.25,0.2011,2,12,1.0,0.0
synthetic,0.4,900161,anime,0.2,0.7,0.2857,1.0,0.3333,0.2242,2,12,1.0,0.0
synthetic,0.5,900161,anime,0.2,0.7,0.2857,1.0,0.3333,0.2202,2,13,1.0,0.0
synthetic,0.0,900162,hollywood,0.0,0.5,0.0,0.0,0.0,0.0,2,10,0.9,0.1
synthetic,0.05,900162,hollywood,0.0,0.5,0.0,0.0,0.0,0.0,1,10,1.0,0.0
synthetic,0.1,900162,hollywood,0.0,0.5,0.0,0.0,0.0,0.0,1,10,1.0,0.0
synthetic,0.15,900162,hollywood,0.0,0.5,0.0,0.0,0.0,0.0,1,10,1.0,0.0
synthetic,0.2,900162,hollywood,0.0,0.5,0.0,0.0,0.0,0.0,1,10,1.0,0.0
synthetic,0.3,900162,hollywood,0.0,0.5,0.0,0.0,0.0,0.0,1,10,1.0,0.0
synthetic,0.4,900162,hollywood,0.0,0.5,0.0,0.0,0.0,0.0,1,10,1.0,0.0
synthetic,0.5,900162,hollywood,0.0,0.5,0.0,0.0,0.0,0.0,1,10,1.0,0.0
synthetic,0.0,900163,hollywood,0.1,0.5,0.2,1.0,0.1111,0.1021,1,10,1.0,0.0
synthetic,0.05,900163,hollywood,0.0,0.5,0.0,0.0,0.0,0.0,1,10,1.0,0.0
synthetic,0.1,900163,hollywood,0.0,0.5,0.0,0.0,0.0,0.0,1,10,1.0,0.0
synthetic,0.15,900163,hollywood,0.0,0.5,0.0,0.0,0.0,0.0,1,10,1.0,0.0
synthetic,0.2,900163,hollywood,0.0,0.5,0.0,0.0,0.0,0.0,1,10,1.0,0.0
synthetic,0.3,900163,hollywood,0.0,0.5,0.0,0.0,0.0,0.0,1,10,1.0,0.0
synthetic,0.4,900163,hollywood,0.0,0.5,0.0,0.0,0.0,0.0,1,10,1.0,0.0
synthetic,0.5,900163,hollywood,0.0,0.5,0.0,0.0,0.0,0.0,1,10,1.0,0.0
synthetic,0.0,900164,mixed,0.0,0.4,0.0,0.0,0.0,0.0,3,11,0.7,0.3
synthetic,0.05,900164,mixed,0.0,0.4,0.0,0.0,0.0,0.0,2,11,0.8,0.2
synthetic,0.1,900164,mixed,0.0,0.4,0.0,0.0,0.0,0.0,2,9,0.9,0.1
synthetic,0.15,900164,mixed,0.0,0.4,0.0,0.0,0.0,0.0,2,9,0.9,0.1
synthetic,0.2,900164,mixed,0.0,0.4,0.0,0.0,0.0,0.0,2,9,0.9,0.1
synthetic,0.3,900164,mixed,0.0,0.4,0.0,0.0,0.0,0.0,1,8,1.0,0.0
synthetic,0.4,900164,mixed,0.0,0.4,0.0,0.0,0.0,0.0,1,8,1.0,0.0
synthetic,0.5,900164,mixed,0.0,0.4,0.0,0.0,0.0,0.0,1,8,1.0,0.0
synthetic,0.0,900165,korean,0.0,0.1,0.0,0.0,0.0,0.0,3,8,0.8,0.2
synthetic,0.05,900165,korean,0.0,0.1,0.0,0.0,0.0,0.0,3,8,0.8,0.2
synthetic,0.1,900165,korean,0.0,0.1,0.0,0.0,0.0,0.0,3,8,0.8,0.2
synthetic,0.15,900165,korean,0.0,0.1,0.0,0.0,0.0,0.0,2,8,0.9,0.1
synthetic,0.2,900165,korean,0.0,0.1,0.0,0.0,0.0,0.0,2,8,0.9,0.1
synthetic,0.3,900165,korean,0.0,0.1,0.0,0.0,0.0,0.0,2,9,1.0,0.0
synthetic,0.4,900165,korean,0.0,0.1,0.0,0.0,0.0,0.0,2,9,1.0,0.0
synthetic,0.5,900165,korean,0.0,0.1,0.0,0.0,0.0,0.0,1,9,1.0,0.0
synthetic,0.0,900166,mixed,0.0,0.3,0.0,0.0,0.0,0.0,2,12,0.8,0.2
synthetic,0.05,900166,mixed,0.0,0.3,0.0,0.0,0.0,0.0,2,12,0.8,0.2
synthetic,0.1,900166,mixed,0.0,0.3,0.0,0.0,0.0,0.0,1,12,0.9,0.1
synthetic,0.15,900166,mixed,0.0,0.3,0.0,0.0,0.0,0.0,1,10,1.0,0.0
synthetic,0.2,900166,mixed,0.0,0.3,0.0,0.0,0.0,0.0,1,10,1.0,0.0
synthetic,0.3,900166,mixed,0.0,0.3,0.0,0.0,0.0,0.0,1,10,1.0,0.0
synthetic,0.4,900166,mixed,0.0,0.3,0.0,0.0,0.0,0.0,1,9,1.0,0.0
synthetic,0.5,900166,mixed,0.0,0.3,0.0,0.0,0.0,0.0,1,9,1.0,0.0
synthetic,0.0,900167,korean,0.1,0.7,0.1429,1.0,0.2,0.1063,2,7,1.0,0.0
synthetic,0.05,900167,korean,0.1,0.7,0.1429,1.0,0.3333,0.1374,2,7,1.0,0.0
synthetic,0.1,900167,korean,0.1,0.7,0.1429,1.0,0.5,0.1734,2,7,1.0,0.0
synthetic,0.15,900167,korean,0.1,0.7,0.1429,1.0,0.5,0.1734,2,7,1.0,0.0
synthetic,0.2,900167,korean,0.1,0.7,0.1429,1.0,0.5,0.1734,2,7,1.0,0.0
synthetic,0.3,900167,korean,0.1,0.7,0.1429,1.0,1.0,0.2749,2,7,1.0,0.0
synthetic,0.4,900167,korean,0.3,0.7,0.4286,1.0,1.0,0.4912,2,9,1.0,0.0
synthetic,0.5,900167,korean,0.3,0.7,0.4286,1.0,0.5,0.4292,2,11,1.0,0.0
synthetic,0.0,900168,korean,0.0,0.3,0.0,0.0,0.0,0.0,5,5,0.7,0.3
synthetic,0.05,900168,korean,0.0,0.3,0.0,0.0,0.0,0.0,5,5,0.7,0.3
synthetic,0.1,900168,korean,0.0,0.3,0.0,0.0,0.0,0.0,5,5,0.7,0.3
synthetic,0.15,900168,korean,0.0,0.3,0.0,0.0,0.0,0.0,5,5,0.7,0.3
synthetic,0.2,900168,korean,0.0,0.3,0.0,0.0,0.0,0.0,3,5,0.9,0.1
synthetic,0.3,900168,korean,0.0,0.3,0.0,0.0,0.0,0.0,2,6,1.0,0.0
synthetic,0.4,900168,korean,0.0,0.3,0.0,0.0,0.0,0.0,2,7,1.0,0.0
synthetic,0.5,900168,korean,0.0,0.3,0.0,0.0,0.0,0.0,2,7,1.0,0.0
synthetic,0.0,900169,anime,0.0,0.3,0.0,0.0,0.0,0.0,3,9,0.9,0.1
synthetic,0.05,900169,anime,0.0,0.3,0.0,0.0,0.0,0.0,2,9,1.0,0.0
synthetic,0.1,900169,anime,0.0,0.3,0.0,0.0,0.0,0.0,2,9,1.0,0.0
synthetic,0.15,900169,anime,0.0,0.3,0.0,0.0,0.0,0.0,2,9,1.0,0.0
synthetic,0.2,900169,anime,0.0,0.3,0.0,0.0,0.0,0.0,2,9,1.0,0.0
synthetic,0.3,900169,anime,0.1,0.3,0.3333,1.0,0.1429,0.1564,2,9,1.0,0.0
synthetic,0.4,900169,anime,0.1,0.3,0.3333,1.0,0.1667,0.1672,2,10,1.0,0.0
synthetic,0.5,900169,anime,0.1,0.3,0.3333,1.0,0.2,0.1815,2,9,1.0,0.0
synthetic,0.0,900170,hollywood,0.0,0.2,0.0,0.0,0.0,0.0,1,7,1.0,0.0
synthetic,0.05,900170,hollywood,0.0,0.2,0.0,0.0,0.0,0.0,1,7,1.0,0.0
synthetic,0.1,900170,hollywood,0.0,0.2,0.0,0.0,0.0,0.0,1,7,1.0,0.0
synthetic,0.15,900170,hollywood,0.0,0.2,0.0,0.0,0.0,0.0,1,7,1.0,0.0
synthetic,0.2,900170,hollywood,0.0,0.2,0.0,0.0,0.0,0.0,1,7,1.0,0.0
synthetic,0.3,900170,hollywood,0.0,0.2,0.0,0.0,0.0,0.0,1,7,1.0,0.0
synthetic,0.4,900170,hollywood,0.0,0.2,0.0,0.0,0.0,0.0,1,7,1.0,0.0
synthetic,0.5,900170,hollywood,0.0,0.2,0.0,0.0,0.0,0.0,1,7,1.0,0.0
synthetic,0.0,900171,bollywood,0.0,0.4,0.0,0.0,0.0,0.0,3,13,0.7,0.3
synthetic,0.05,900171,bollywood,0.0,0.4,0.0,0.0,0.0,0.0,3,13,0.7,0.3
synthetic,0.1,900171,bollywood,0.0,0.4,0.0,0.0,0.0,0.0,3,13,0.8,0.2
synthetic,0.15,900171,bollywood,0.0,0.4,0.0,0.0,0.0,0.0,2,15,0.9,0.1
synthetic,0.2,900171,bollywood,0.0,0.4,0.0,0.0,0.0,0.0,3,14,0.9,0.1
synthetic,0.3,900171,bollywood,0.0,0.4,0.0,0.0,0.0,0.0,2,15,1.0,0.0
synthetic,0.4,900171,bollywood,0.1,0.4,0.25,1.0,0.1,0.1128,2,11,1.0,0.0
synthetic,0.5,900171,bollywood,0.1,0.4,0.25,1.0,0.1429,0.1301,2,11,1.0,0.0
synthetic,0.0,900172,mixed,0.2,0.9,0.2222,1.0,0.2,0.1617,4,9,0.7,0.3
synthetic,0.05,900172,mixed,0.2,0.9,0.2222,1.0,0.2,0.1651,2,8,0.9,0.1
synthetic,0.1,900172,mixed,0.2,0.9,0.2222,1.0,0.2,0.1651,2,8,0.9,0.1
synthetic,0.15,900172,mixed,0.2,0.9,0.2222,1.0,0.2,0.1651,2,8,0.9,0.1
synthetic,0.2,900172,mixed,0.2,0.9,0.2222,1.0,0.25,0.1754,2,8,0.9,0.1
synthetic,0.3,900172,mixed,0.2,0.9,0.2222,1.0,0.3333,0.1883,1,8,1.0,0.0
synthetic,0.4,900172,mixed,0.2,0.9,0.2222,1.0,0.3333,0.1883,1,8,1.0,0.0
synthetic,0.5,900172,mixed,0.2,0.9,0.2222,1.0,0.3333,0.1855,1,8,1.0,0.0
synthetic,0.0,900173,hollywood,0.0,0.3,0.0,0.0,0.0,0.0,2,11,0.9,0.1
synthetic,0.05,900173,hollywood,0.0,0.3,0.0,0.0,0.0,0.0,2,11,0.9,0.1
synthetic,0.1,900173,hollywood,0.0,0.3,0.0,0.0,0.0,0.0,1,7,1.0,0.0
synthetic,0.15,900173,hollywood,0.0,0.3,0.0,0.0,0.0,0.0,1,7,1.0,0.0
synthetic,0.2,900173,hollywood,0.0,0.3,0.0,0.0,0.0,0.0,1,7,1.0,0.0
synthetic,0.3,900173,hollywood,0.0,0.3,0.0,0.0,0.0,0.0,1,7,1.0,0.0
synthetic,0.4,900173,hollywood,0.0,0.3,0.0,0.0,0.0,0.0,1,7,1.0,0.0
synthetic,0.5,900173,hollywood,0.0,0.3,0.0,0.0,0.0,0.0,1,8,1.0,0.0
synthetic,0.0,900174,bollywood,0.1,0.4,0.25,1.0,0.1,0.1128,1,10,1.0,0.0
synthetic,0.05,900174,bollywood,0.0,0.4,0.0,0.0,0.0,0.0,1,8,1.0,0.0
synthetic,0.1,900174,bollywood,0.0,0.4,0.0,0.0,0.0,0.0,1,8,1.0,0.0
synthetic,0.15,900174,bollywood,0.0,0.4,0.0,0.0,0.0,0.0,1,8,1.0,0.0
synthetic,0.2,900174,bollywood,0.0,0.4,0.0,0.0,0.0,0.0,1,8,1.0,0.0
synthetic,0.3,900174,bollywood,0.0,0.4,0.0,0.0,0.0,0.0,1,8,1.0,0.0
synthetic,0.4,900174,bollywood,0.0,0.4,0.0,0.0,0.0,0.0,1,8,1.0,0.0
synthetic,0.5,900174,bollywood,0.0,0.4,0.0,0.0,0.0,0.0,1,8,1.0,0.0
synthetic,0.0,900175,anime,0.1,0.8,0.125,1.0,0.2,0.0979,3,10,0.9,0.1
synthetic,0.05,900175,anime,0.1,0.8,0.125,1.0,0.25,0.1089,3,10,0.9,0.1
synthetic,0.1,900175,anime,0.1,0.8,0.125,1.0,0.25,0.1089,2,10,1.0,0.0
synthetic,0.15,900175,anime,0.1,0.8,0.125,1.0,0.25,0.1089,2,10,1.0,0.0
synthetic,0.2,900175,anime,0.1,0.8,0.125,1.0,0.25,0.1089,2,10,1.0,0.0
synthetic,0.3,900175,anime,0.1,0.8,0.125,1.0,0.3333,0.1265,2,10,1.0,0.0
synthetic,0.4,900175,anime,0.1,0.8,0.125,1.0,0.3333,0.1265,2,10,1.0,0.0
synthetic,0.5,900175,anime,0.2,0.8,0.25,1.0,0.3333,0.1996,1,11,1.0,0.0
synthetic,0.0,900176,hollywood,0.0,0.3,0.0,0.0,0.0,0.0,1,9,1.0,0.0
synthetic,0.05,900176,hollywood,0.0,0.3,0.0,0.0,0.0,0.0,1,9,1.0,0.0
synthetic,0.1,900176,hollywood,0.0,0.3,0.0,0.0,0.0,0.0,1,9,1.0,0.0
synthetic,0.15,900176,hollywood,0.0,0.3,0.0,0.0,0.0,0.0,1,9,1.0,0.0
synthetic,0.2,900176,hollywood,0.1,0.3,0.3333,1.0,0.1111,0.1413,1,8,1.0,0.0
synthetic,0.3,900176,hollywood,0.1,0.3,0.3333,1.0,0.125,0.148,1,9,1.0,0.0
synthetic,0.4,900176,hollywood,0.1,0.3,0.3333,1.0,0.1111,0.1413,1,9,1.0,0.0
synthetic,0.5,900176,hollywood,0.1,0.3,0.3333,1.0,0.125,0.148,1,8,1.0,0.0
synthetic,0.0,900177,korean,0.0,0.5,0.0,0.0,0.0,0.0,4,9,0.8,0.2
synthetic,0.05,900177,korean,0.0,0.5,0.0,0.0,0.0,0.0,3,9,0.9,0.1
synthetic,0.1,900177,korean,0.0,0.5,0.0,0.0,0.0,0.0,2,9,1.0,0.0
synthetic,0.15,900177,korean,0.0,0.5,0.0,0.0,0.0,0.0,2,9,1.0,0.0
synthetic,0.2,900177,korean,0.0,0.5,0.0,0.0,0.0,0.0,2,9,1.0,0.0
synthetic,0.3,900177,korean,0.0,0.5,0.0,0.0,0.0,0.0,2,8,1.0,0.0
synthetic,0.4,900177,korean,0.0,0.5,0.0,0.0,0.0,0.0,2,9,1.0,0.0
synthetic,0.5,900177,korean,0.0,0.5,0.0,0.0,0.0,0.0,1,8,1.0,0.0
synthetic,0.0,900178,bollywood,0.0,0.5,0.0,0.0,0.0,0.0,1,7,1.0,0.0
synthetic,0.05,900178,bollywood,0.0,0.5,0.0,0.0,0.0,0.0,1,7,1.0,0.0
synthetic,0.1,900178,bollywood,0.0,0.5,0.0,0.0,0.0,0.0,1,7,1.0,0.0
synthetic,0.15,900178,bollywood,0.0,0.5,0.0,0.0,0.0,0.0,1,7,1.0,0.0
synthetic,0.2,900178,bollywood,0.0,0.5,0.0,0.0,0.0,0.0,1,7,1.0,0.0
synthetic,0.3,900178,bollywood,0.0,0.5,0.0,0.0,0.0,0.0,1,7,1.0,0.0
synthetic,0.4,900178,bollywood,0.0,0.5,0.0,0.0,0.0,0.0,2,9,1.0,0.0
synthetic,0.5,900178,bollywood,0.0,0.5,0.0,0.0,0.0,0.0,2,10,1.0,0.0
synthetic,0.0,900179,korean,0.0,0.3,0.0,0.0,0.0,0.0,7,14,0.3,0.7
synthetic,0.05,900179,korean,0.0,0.3,0.0,0.0,0.0,0.0,7,14,0.4,0.6
synthetic,0.1,900179,korean,0.0,0.3,0.0,0.0,0.0,0.0,6,16,0.6,0.4
synthetic,0.15,900179,korean,0.0,0.3,0.0,0.0,0.0,0.0,4,16,0.8,0.2
synthetic,0.2,900179,korean,0.0,0.3,0.0,0.0,0.0,0.0,3,16,0.9,0.1
synthetic,0.3,900179,korean,0.1,0.3,0.3333,1.0,0.1429,0.1564,3,17,0.9,0.1
synthetic,0.4,900179,korean,0.2,0.3,0.6667,1.0,0.3333,0.4367,2,14,1.0,0.0
synthetic,0.5,900179,korean,0.2,0.3,0.6667,1.0,0.3333,0.4367,1,12,1.0,0.0
synthetic,0.0,900180,mixed,0.1,0.3,0.3333,1.0,0.5,0.2961,3,10,0.7,0.3
synthetic,0.05,900180,mixed,0.2,0.3,0.6667,1.0,1.0,0.6049,3,10,0.8,0.2
synthetic,0.1,900180,mixed,0.2,0.3,0.6667,1.0,1.0,0.6105,2,12,0.9,0.1
synthetic,0.15,900180,mixed,0.2,0.3,0.6667,1.0,1.0,0.6173,1,11,1.0,0.0
synthetic,0.2,900180,mixed,0.2,0.3,0.6667,1.0,0.5,0.4373,1,11,1.0,0.0
synthetic,0.3,900180,mixed,0.2,0.3,0.6667,1.0,0.5,0.4373,1,11,1.0,0.0
synthetic,0.4,900180,mixed,0.2,0.3,0.6667,1.0,0.5,0.4373,1,11,1.0,0.0
synthetic,0.5,900180,mixed,0.1,0.3,0.3333,1.0,0.5,0.2961,1,12,1.0,0.0
synthetic,0.0,900181,hollywood,0.0,0.8,0.0,0.0,0.0,0.0,1,11,1.0,0.0
synthetic,0.05,900181,hollywood,0.0,0.8,0.0,0.0,0.0,0.0,1,11,1.0,0.0
synthetic,0.1,900181,hollywood,0.0,0.8,0.0,0.0,0.0,0.0,1,11,1.0,0.0
synthetic,0.15,900181,hollywood,0.0,0.8,0.0,0.0,0.0,0.0,1,11,1.0,0.0
synthetic,0.2,900181,hollywood,0.0,0.8,0.0,0.0,0.0,0.0,1,11,1.0,0.0
synthetic,0.3,900181,hollywood,0.0,0.8,0.0,0.0,0.0,0.0,1,11,1.0,0.0
synthetic,0.4,900181,hollywood,0.0,0.8,0.0,0.0,0.0,0.0,1,11,1.0,0.0
synthetic,0.5,900181,hollywood,0.0,0.8,0.0,0.0,0.0,0.0,1,9,1.0,0.0
synthetic,0.0,900182,bollywood,0.1,0.3,0.3333,1.0,0.1,0.1357,3,15,0.9,0.1
synthetic,0.05,900182,bollywood,0.1,0.3,0.3333,1.0,0.1,0.1357,3,15,0.9,0.1
synthetic,0.1,900182,bollywood,0.1,0.3,0.3333,1.0,0.1,0.1357,3,15,0.9,0.1
synthetic,0.15,900182,bollywood,0.1,0.3,0.3333,1.0,0.1,0.1357,3,15,0.9,0.1
synthetic,0.2,900182,bollywood,0.1,0.3,0.3333,1.0,0.1,0.1357,3,15,0.9,0.1
synthetic,0.3,900182,bollywood,0.1,0.3,0.3333,1.0,0.1111,0.1413,2,11,1.0,0.0
synthetic,0.4,900182,bollywood,0.1,0.3,0.3333,1.0,0.1111,0.1413,2,11,1.0,0.0
synthetic,0.5,900182,bollywood,0.0,0.3,0.0,0.0,0.0,0.0,2,11,1.0,0.0
synthetic,0.0,900183,mixed,0.0,0.7,0.0,0.0,0.0,0.0,5,12,0.4,0.6
synthetic,0.05,900183,mixed,0.0,0.7,0.0,0.0,0.0,0.0,5,12,0.4,0.6
synthetic,0.1,900183,mixed,0.0,0.7,0.0,0.0,0.0,0.0,4,12,0.6,0.4
synthetic,0.15,900183,mixed,0.0,0.7,0.0,0.0,0.0,0.0,3,14,0.8,0.2
synthetic,0.2,900183,mixed,0.0,0.7,0.0,0.0,0.0,0.0,2,13,0.9,0.1
synthetic,0.3,900183,mixed,0.0,0.7,0.0,0.0,0.0,0.0,2,13,0.9,0.1
synthetic,0.4,900183,mixed,0.0,0.7,0.0,0.0,0.0,0.0,1,13,1.0,0.0
synthetic,0.5,900183,mixed,0.0,0.7,0.0,0.0,0.0,0.0,1,13,1.0,0.0
synthetic,0.0,900184,mixed,0.1,0.6,0.1667,1.0,0.125,0.0955,4,12,0.7,0.3
synthetic,0.05,900184,mixed,0.1,0.6,0.1667,1.0,0.1429,0.1009,3,10,0.8,0.2
synthetic,0.1,900184,mixed,0.1,0.6,0.1667,1.0,0.1667,0.1078,2,8,0.9,0.1
synthetic,0.15,900184,mixed,0.1,0.6,0.1667,1.0,0.1667,0.1078,1,8,1.0,0.0
synthetic,0.2,900184,mixed,0.1,0.6,0.1667,1.0,0.1667,0.1078,1,8,1.0,0.0
synthetic,0.3,900184,mixed,0.1,0.6,0.1667,1.0,0.1667,0.1078,1,8,1.0,0.0
synthetic,0.4,900184,mixed,0.1,0.6,0.1667,1.0,0.1667,0.1078,1,8,1.0,0.0
synthetic,0.5,900184,mixed,0.1,0.6,0.1667,1.0,0.1429,0.1009,1,10,1.0,0.0
synthetic,0.0,900185,bollywood,0.0,0.4,0.0,0.0,0.0,0.0,1,7,1.0,0.0
synthetic,0.05,900185,bollywood,0.0,0.4,0.0,0.0,0.0,0.0,1,7,1.0,0.0
synthetic,0.1,900185,bollywood,0.0,0.4,0.0,0.0,0.0,0.0,1,7,1.0,0.0
synthetic,0.15,900185,bollywood,0.0,0.4,0.0,0.0,0.0,0.0,1,7,1.0,0.0
synthetic,0.2,900185,bollywood,0.0,0.4,0.0,0.0,0.0,0.0,1,7,1.0,0.0
synthetic,0.3,900185,bollywood,0.0,0.4,0.0,0.0,0.0,0.0,1,7,1.0,0.0
synthetic,0.4,900185,bollywood,0.0,0.4,0.0,0.0,0.0,0.0,1,7,1.0,0.0
synthetic,0.5,900185,bollywood,0.0,0.4,0.0,0.0,0.0,0.0,2,10,1.0,0.0
synthetic,0.0,900186,bollywood,0.0,0.2,0.0,0.0,0.0,0.0,6,9,0.2,0.8
synthetic,0.05,900186,bollywood,0.0,0.2,0.0,0.0,0.0,0.0,5,10,0.3,0.7
synthetic,0.1,900186,bollywood,0.0,0.2,0.0,0.0,0.0,0.0,4,10,0.5,0.5
synthetic,0.15,900186,bollywood,0.0,0.2,0.0,0.0,0.0,0.0,4,11,0.6,0.4
synthetic,0.2,900186,bollywood,0.0,0.2,0.0,0.0,0.0,0.0,2,11,1.0,0.0
synthetic,0.3,900186,bollywood,0.0,0.2,0.0,0.0,0.0,0.0,2,11,1.0,0.0
synthetic,0.4,900186,bollywood,0.1,0.2,0.5,1.0,0.1667,0.2184,2,11,1.0,0.0
synthetic,0.5,900186,bollywood,0.1,0.2,0.5,1.0,0.2,0.2372,2,10,1.0,0.0
synthetic,0.0,900187,korean,0.0,0.4,0.0,0.0,0.0,0.0,4,9,0.8,0.2
synthetic,0.05,900187,korean,0.0,0.4,0.0,0.0,0.0,0.0,3,9,0.9,0.1
synthetic,0.1,900187,korean,0.0,0.4,0.0,0.0,0.0,0.0,3,9,0.9,0.1
synthetic,0.15,900187,korean,0.0,0.4,0.0,0.0,0.0,0.0,3,9,0.9,0.1
synthetic,0.2,900187,korean,0.1,0.4,0.25,1.0,0.125,0.1232,3,10,0.9,0.1
synthetic,0.3,900187,korean,0.1,0.4,0.25,1.0,0.3333,0.1952,2,11,1.0,0.0
synthetic,0.4,900187,korean,0.1,0.4,0.25,1.0,0.3333,0.1952,2,8,1.0,0.0
synthetic,0.5,900187,korean,0.1,0.4,0.25,1.0,0.3333,0.1952,1,8,1.0,0.0
synthetic,0.0,900188,anime,0.2,0.7,0.2857,1.0,0.5,0.2918,3,9,0.9,0.1
synthetic,0.05,900188,anime,0.2,0.7,0.2857,1.0,0.5,0.2918,3,9,0.9,0.1
synthetic,0.1,900188,anime,0.2,0.7,0.2857,1.0,0.5,0.2918,3,9,0.9,0.1
synthetic,0.15,900188,anime,0.2,0.7,0.2857,1.0,0.5,0.2918,2,9,1.0,0.0
synthetic,0.2,900188,anime,0.2,0.7,0.2857,1.0,0.5,0.2918,2,9,1.0,0.0
synthetic,0.3,900188,anime,0.3,0.7,0.4286,1.0,0.5,0.3785,2,9,1.0,0.0
synthetic,0.4,900188,anime,0.3,0.7,0.4286,1.0,0.5,0.3834,2,10,1.0,0.0
synthetic,0.5,900188,anime,0.3,0.7,0.4286,1.0,1.0,0.5039,2,11,1.0,0.0
synthetic,0.0,900189,hollywood,0.1,0.5,0.2,1.0,0.5,0.214,1,9,1.0,0.0
synthetic,0.05,900189,hollywood,0.1,0.5,0.2,1.0,0.5,0.214,1,9,1.0,0.0
synthetic,0.1,900189,hollywood,0.1,0.5,0.2,1.0,0.5,0.214,1,9,1.0,0.0
synthetic,0.15,900189,hollywood,0.1,0.5,0.2,1.0,0.5,0.214,1,9,1.0,0.0
synthetic,0.2,900189,hollywood,0.1,0.5,0.2,1.0,0.5,0.214,1,9,1.0,0.0
synthetic,0.3,900189,hollywood,0.1,0.5,0.2,1.0,1.0,0.3392,1,9,1.0,0.0
synthetic,0.4,900189,hollywood,0.1,0.5,0.2,1.0,1.0,0.3392,1,9,1.0,0.0
synthetic,0.5,900189,hollywood,0.1,0.5,0.2,1.0,1.0,0.3392,1,9,1.0,0.0
synthetic,0.0,900190,korean,0.0,0.3,0.0,0.0,0.0,0.0,5,8,0.6,0.4
synthetic,0.05,900190,korean,0.0,0.3,0.0,0.0,0.0,0.0,4,8,0.7,0.3
synthetic,0.1,900190,korean,0.0,0.3,0.0,0.0,0.0,0.0,4,9,0.8,0.2
synthetic,0.15,900190,korean,0.0,0.3,0.0,0.0,0.0,0.0,3,8,0.9,0.1
synthetic,0.2,900190,korean,0.0,0.3,0.0,0.0,0.0,0.0,3,8,0.9,0.1
synthetic,0.3,900190,korean,0.0,0.3,0.0,0.0,0.0,0.0,2,9,1.0,0.0
synthetic,0.4,900190,korean,0.0,0.3,0.0,0.0,0.0,0.0,2,12,1.0,0.0
synthetic,0.5,900190,korean,0.0,0.3,0.0,0.0,0.0,0.0,1,10,1.0,0.0
synthetic,0.0,900191,anime,0.4,0.6,0.6667,1.0,1.0,0.7526,3,8,0.8,0.2
synthetic,0.05,900191,anime,0.4,0.6,0.6667,1.0,1.0,0.7526,3,8,0.9,0.1
synthetic,0.1,900191,anime,0.4,0.6,0.6667,1.0,1.0,0.7619,3,8,0.9,0.1
synthetic,0.15,900191,anime,0.5,0.6,0.8333,1.0,1.0,0.8437,2,10,1.0,0.0
synthetic,0.2,900191,anime,0.5,0.6,0.8333,1.0,1.0,0.8271,2,10,1.0,0.0
synthetic,0.3,900191,anime,0.5,0.6,0.8333,1.0,1.0,0.8325,1,8,1.0,0.0
synthetic,0.4,900191,anime,0.4,0.6,0.6667,1.0,1.0,0.7409,1,8,1.0,0.0
synthetic,0.5,900191,anime,0.4,0.6,0.6667,1.0,0.5,0.5896,1,8,1.0,0.0
synthetic,0.0,900192,hollywood,0.1,0.7,0.1429,1.0,0.1667,0.0979,2,8,0.9,0.1
synthetic,0.05,900192,hollywood,0.1,0.7,0.1429,1.0,0.2,0.1063,1,8,1.0,0.0
synthetic,0.1,900192,hollywood,0.1,0.7,0.1429,1.0,0.25,0.1184,1,8,1.0,0.0
synthetic,0.15,900192,hollywood,0.1,0.7,0.1429,1.0,0.25,0.1184,1,8,1.0,0.0
synthetic,0.2,900192,hollywood,0.1,0.7,0.1429,1.0,0.3333,0.1374,1,8,1.0,0.0
synthetic,0.3,900192,hollywood,0.1,0.7,0.1429,1.0,0.3333,0.1374,1,8,1.0,0.0
synthetic,0.4,900192,hollywood,0.1,0.7,0.1429,1.0,0.3333,0.1374,1,9,1.0,0.0
synthetic,0.5,900192,hollywood,0.1,0.7,0.1429,1.0,0.3333,0.1374,1,9,1.0,0.0
synthetic,0.0,900193,anime,0.1,0.4,0.25,1.0,0.3333,0.1952,3,7,0.9,0.1
synthetic,0.05,900193,anime,0.1,0.4,0.25,1.0,0.3333,0.1952,3,9,0.9,0.1
synthetic,0.1,900193,anime,0.1,0.4,0.25,1.0,0.3333,0.1952,3,9,0.9,0.1
synthetic,0.15,900193,anime,0.1,0.4,0.25,1.0,0.3333,0.1952,3,10,0.9,0.1
synthetic,0.2,900193,anime,0.1,0.4,0.25,1.0,0.3333,0.1952,2,10,1.0,0.0
synthetic,0.3,900193,anime,0.1,0.4,0.25,1.0,0.5,0.2463,2,10,1.0,0.0
synthetic,0.4,900193,anime,0.1,0.4,0.25,1.0,1.0,0.3904,2,10,1.0,0.0
synthetic,0.5,900193,anime,0.1,0.4,0.25,1.0,1.0,0.3904,2,12,1.0,0.0
synthetic,0.0,900194,bollywood,0.0,0.7,0.0,0.0,0.0,0.0,4,10,0.7,0.3
synthetic,0.05,900194,bollywood,0.0,0.7,0.0,0.0,0.0,0.0,4,10,0.7,0.3
synthetic,0.1,900194,bollywood,0.0,0.7,0.0,0.0,0.0,0.0,4,10,0.7,0.3
synthetic,0.15,900194,bollywood,0.0,0.7,0.0,0.0,0.0,0.0,4,10,0.7,0.3
synthetic,0.2,900194,bollywood,0.0,0.7,0.0,0.0,0.0,0.0,4,10,0.7,0.3
synthetic,0.3,900194,bollywood,0.0,0.7,0.0,0.0,0.0,0.0,4,10,0.8,0.2
synthetic,0.4,900194,bollywood,0.0,0.7,0.0,0.0,0.0,0.0,2,11,1.0,0.0
synthetic,0.5,900194,bollywood,0.0,0.7,0.0,0.0,0.0,0.0,2,11,1.0,0.0
synthetic,0.0,900195,korean,0.0,0.3,0.0,0.0,0.0,0.0,3,10,0.9,0.1
synthetic,0.05,900195,korean,0.0,0.3,0.0,0.0,0.0,0.0,3,10,0.9,0.1
synthetic,0.1,900195,korean,0.0,0.3,0.0,0.0,0.0,0.0,3,13,0.9,0.1
synthetic,0.15,900195,korean,0.0,0.3,0.0,0.0,0.0,0.0,2,12,1.0,0.0
synthetic,0.2,900195,korean,0.0,0.3,0.0,0.0,0.0,0.0,2,11,1.0,0.0
synthetic,0.3,900195,korean,0.0,0.3,0.0,0.0,0.0,0.0,2,10,1.0,0.0
synthetic,0.4,900195,korean,0.0,0.3,0.0,0.0,0.0,0.0,2,8,1.0,0.0
synthetic,0.5,900195,korean,0.0,0.3,0.0,0.0,0.0,0.0,2,7,1.0,0.0
synthetic,0.0,900196,korean,0.0,0.3,0.0,0.0,0.0,0.0,3,5,0.6,0.4
synthetic,0.05,900196,korean,0.0,0.3,0.0,0.0,0.0,0.0,3,5,0.6,0.4
synthetic,0.1,900196,korean,0.0,0.3,0.0,0.0,0.0,0.0,3,7,0.7,0.3
synthetic,0.15,900196,korean,0.0,0.3,0.0,0.0,0.0,0.0,3,7,0.9,0.1
synthetic,0.2,900196,korean,0.0,0.3,0.0,0.0,0.0,0.0,2,7,1.0,0.0
synthetic,0.3,900196,korean,0.0,0.3,0.0,0.0,0.0,0.0,2,7,1.0,0.0
synthetic,0.4,900196,korean,0.0,0.3,0.0,0.0,0.0,0.0,2,7,1.0,0.0
synthetic,0.5,900196,korean,0.0,0.3,0.0,0.0,0.0,0.0,2,9,1.0,0.0
synthetic,0.0,900197,hollywood,0.0,0.4,0.0,0.0,0.0,0.0,1,11,0.7,0.3
synthetic,0.05,900197,hollywood,0.1,0.4,0.25,1.0,0.1111,0.1175,1,11,0.8,0.2
synthetic,0.1,900197,hollywood,0.1,0.4,0.25,1.0,0.125,0.1232,1,10,1.0,0.0
synthetic,0.15,900197,hollywood,0.1,0.4,0.25,1.0,0.125,0.1232,1,10,1.0,0.0
synthetic,0.2,900197,hollywood,0.1,0.4,0.25,1.0,0.125,0.1232,1,10,1.0,0.0
synthetic,0.3,900197,hollywood,0.2,0.4,0.5,1.0,0.125,0.2407,1,10,1.0,0.0
synthetic,0.4,900197,hollywood,0.1,0.4,0.25,1.0,0.1429,0.1301,1,10,1.0,0.0
synthetic,0.5,900197,hollywood,0.1,0.4,0.25,1.0,0.1429,0.1301,1,10,1.0,0.0
synthetic,0.0,900198,hollywood,0.0,0.4,0.0,0.0,0.0,0.0,2,11,0.7,0.3
synthetic,0.05,900198,hollywood,0.0,0.4,0.0,0.0,0.0,0.0,2,11,0.8,0.2
synthetic,0.1,900198,hollywood,0.0,0.4,0.0,0.0,0.0,0.0,2,11,0.8,0.2
synthetic,0.15,900198,hollywood,0.0,0.4,0.0,0.0,0.0,0.0,1,10,1.0,0.0
synthetic,0.2,900198,hollywood,0.0,0.4,0.0,0.0,0.0,0.0,1,10,1.0,0.0
synthetic,0.3,900198,hollywood,0.0,0.4,0.0,0.0,0.0,0.0,1,10,1.0,0.0
synthetic,0.4,900198,hollywood,0.0,0.4,0.0,0.0,0.0,0.0,1,10,1.0,0.0
synthetic,0.5,900198,hollywood,0.0,0.4,0.0,0.0,0.0,0.0,1,10,1.0,0.0
synthetic,0.0,900199,korean,0.0,0.2,0.0,0.0,0.0,0.0,6,11,0.5,0.5
synthetic,0.05,900199,korean,0.0,0.2,0.0,0.0,0.0,0.0,6,10,0.6,0.4
synthetic,0.1,900199,korean,0.0,0.2,0.0,0.0,0.0,0.0,4,10,0.8,0.2
synthetic,0.15,900199,korean,0.0,0.2,0.0,0.0,0.0,0.0,3,10,0.9,0.1
synthetic,0.2,900199,korean,0.0,0.2,0.0,0.0,0.0,0.0,2,9,1.0,0.0
synthetic,0.3,900199,korean,0.0,0.2,0.0,0.0,0.0,0.0,2,8,1.0,0.0
synthetic,0.4,900199,korean,0.0,0.2,0.0,0.0,0.0,0.0,2,8,1.0,0.0
synthetic,0.5,900199,korean,0.0,0.2,0.0,0.0,0.0,0.0,1,5,1.0,0.0
synthetic,0.0,900200,hollywood,0.1,0.4,0.25,1.0,1.0,0.3904,3,7,0.8,0.2
synthetic,0.05,900200,hollywood,0.1,0.4,0.25,1.0,1.0,0.3904,2,7,0.9,0.1
synthetic,0.1,900200,hollywood,0.1,0.4,0.25,1.0,1.0,0.3904,1,7,1.0,0.0
synthetic,0.15,900200,hollywood,0.1,0.4,0.25,1.0,1.0,0.3904,1,7,1.0,0.0
synthetic,0.2,900200,hollywood,0.1,0.4,0.25,1.0,1.0,0.3904,1,7,1.0,0.0
synthetic,0.3,900200,hollywood,0.1,0.4,0.25,1.0,1.0,0.3904,1,7,1.0,0.0
synthetic,0.4,900200,hollywood,0.1,0.4,0.25,1.0,1.0,0.3904,1,7,1.0,0.0
synthetic,0.5,900200,hollywood,0.1,0.4,0.25,1.0,1.0,0.3904,1,7,1.0,0.0
synthetic,0.0,900201,mixed,0.0,0.3,0.0,0.0,0.0,0.0,4,13,0.5,0.5
synthetic,0.05,900201,mixed,0.0,0.3,0.0,0.0,0.0,0.0,3,12,0.7,0.3
synthetic,0.1,900201,mixed,0.0,0.3,0.0,0.0,0.0,0.0,2,12,0.9,0.1
synthetic,0.15,900201,mixed,0.1,0.3,0.3333,1.0,0.1,0.1357,1,12,1.0,0.0
synthetic,0.2,900201,mixed,0.1,0.3,0.3333,1.0,0.1111,0.1413,1,12,1.0,0.0
synthetic,0.3,900201,mixed,0.1,0.3,0.3333,1.0,0.1111,0.1413,1,12,1.0,0.0
synthetic,0.4,900201,mixed,0.1,0.3,0.3333,1.0,0.1111,0.1413,1,12,1.0,0.0
synthetic,0.5,900201,mixed,0.1,0.3,0.3333,1.0,0.1111,0.1413,1,12,1.0,0.0
synthetic,0.0,900202,bollywood,0.1,0.4,0.25,1.0,0.1429,0.1301,3,8,0.8,0.2
synthetic,0.05,900202,bollywood,0.1,0.4,0.25,1.0,0.1667,0.1391,3,8,0.8,0.2
synthetic,0.1,900202,bollywood,0.1,0.4,0.25,1.0,0.2,0.151,3,8,0.8,0.2
synthetic,0.15,900202,bollywood,0.1,0.4,0.25,1.0,0.25,0.1681,2,7,0.9,0.1
synthetic,0.2,900202,bollywood,0.1,0.4,0.25,1.0,0.25,0.1681,1,7,1.0,0.0
synthetic,0.3,900202,bollywood,0.1,0.4,0.25,1.0,0.25,0.1681,1,8,1.0,0.0
synthetic,0.4,900202,bollywood,0.2,0.4,0.5,1.0,0.3333,0.3462,2,7,1.0,0.0
synthetic,0.5,900202,bollywood,0.3,0.4,0.75,1.0,0.5,0.5205,2,7,1.0,0.0
synthetic,0.0,900203,hollywood,0.0,0.5,0.0,0.0,0.0,0.0,2,8,0.9,0.1
synthetic,0.05,900203,hollywood,0.0,0.5,0.0,0.0,0.0,0.0,2,8,0.9,0.1
synthetic,0.1,900203,hollywood,0.0,0.5,0.0,0.0,0.0,0.0,2,8,0.9,0.1
synthetic,0.15,900203,hollywood,0.0,0.5,0.0,0.0,0.0,0.0,2,8,0.9,0.1
synthetic,0.2,900203,hollywood,0.0,0.5,0.0,0.0,0.0,0.0,1,8,1.0,0.0
synthetic,0.3,900203,hollywood,0.0,0.5,0.0,0.0,0.0,0.0,1,8,1.0,0.0
synthetic,0.4,900203,hollywood,0.0,0.5,0.0,0.0,0.0,0.0,1,8,1.0,0.0
synthetic,0.5,900203,hollywood,0.0,0.5,0.0,0.0,0.0,0.0,1,8,1.0,0.0
synthetic,0.0,900204,hollywood,0.0,0.3,0.0,0.0,0.0,0.0,1,8,1.0,0.0
synthetic,0.05,900204,hollywood,0.0,0.3,0.0,0.0,0.0,0.0,1,8,1.0,0.0
synthetic,0.1,900204,hollywood,0.0,0.3,0.0,0.0,0.0,0.0,1,8,1.0,0.0
synthetic,0.15,900204,hollywood,0.0,0.3,0.0,0.0,0.0,0.0,1,8,1.0,0.0
synthetic,0.2,900204,hollywood,0.0,0.3,0.0,0.0,0.0,0.0,1,8,1.0,0.0
synthetic,0.3,900204,hollywood,0.0,0.3,0.0,0.0,0.0,0.0,1,8,1.0,0.0
synthetic,0.4,900204,hollywood,0.0,0.3,0.0,0.0,0.0,0.0,1,8,1.0,0.0
synthetic,0.5,900204,hollywood,0.0,0.3,0.0,0.0,0.0,0.0,1,9,1.0,0.0
synthetic,0.0,900205,bollywood,0.0,0.5,0.0,0.0,0.0,0.0,3,9,0.8,0.2
synthetic,0.05,900205,bollywood,0.0,0.5,0.0,0.0,0.0,0.0,2,8,0.9,0.1
synthetic,0.1,900205,bollywood,0.0,0.5,0.0,0.0,0.0,0.0,1,8,1.0,0.0
synthetic,0.15,900205,bollywood,0.0,0.5,0.0,0.0,0.0,0.0,1,8,1.0,0.0
synthetic,0.2,900205,bollywood,0.0,0.5,0.0,0.0,0.0,0.0,1,8,1.0,0.0
synthetic,0.3,900205,bollywood,0.0,0.5,0.0,0.0,0.0,0.0,1,8,1.0,0.0
synthetic,0.4,900205,bollywood,0.0,0.5,0.0,0.0,0.0,0.0,2,10,1.0,0.0
synthetic,0.5,900205,bollywood,0.0,0.5,0.0,0.0,0.0,0.0,2,10,1.0,0.0
synthetic,0.0,900206,hollywood,0.0,0.1,0.0,0.0,0.0,0.0,2,6,0.9,0.1
synthetic,0.05,900206,hollywood,0.0,0.1,0.0,0.0,0.0,0.0,2,6,0.9,0.1
synthetic,0.1,900206,hollywood,0.0,0.1,0.0,0.0,0.0,0.0,2,6,0.9,0.1
synthetic,0.15,900206,hollywood,0.0,0.1,0.0,0.0,0.0,0.0,1,6,1.0,0.0
synthetic,0.2,900206,hollywood,0.0,0.1,0.0,0.0,0.0,0.0,1,6,1.0,0.0
synthetic,0.3,900206,hollywood,0.0,0.1,0.0,0.0,0.0,0.0,1,6,1.0,0.0
synthetic,0.4,900206,hollywood,0.0,0.1,0.0,0.0,0.0,0.0,1,6,1.0,0.0
synthetic,0.5,900206,hollywood,0.0,0.1,0.0,0.0,0.0,0.0,1,6,1.0,0.0
synthetic,0.0,900207,bollywood,0.0,0.4,0.0,0.0,0.0,0.0,4,10,0.6,0.4
synthetic,0.05,900207,bollywood,0.0,0.4,0.0,0.0,0.0,0.0,4,10,0.7,0.3
synthetic,0.1,900207,bollywood,0.0,0.4,0.0,0.0,0.0,0.0,3,8,0.8,0.2
synthetic,0.15,900207,bollywood,0.0,0.4,0.0,0.0,0.0,0.0,2,11,0.9,0.1
synthetic,0.2,900207,bollywood,0.0,0.4,0.0,0.0,0.0,0.0,2,11,1.0,0.0
synthetic,0.3,900207,bollywood,0.0,0.4,0.0,0.0,0.0,0.0,2,12,1.0,0.0
synthetic,0.4,900207,bollywood,0.0,0.4,0.0,0.0,0.0,0.0,2,10,1.0,0.0
synthetic,0.5,900207,bollywood,0.0,0.4,0.0,0.0,0.0,0.0,2,10,1.0,0.0
synthetic,0.0,900208,mixed,0.2,0.5,0.4,1.0,0.25,0.2482,3,11,0.8,0.2
synthetic,0.05,900208,mixed,0.2,0.5,0.4,1.0,0.3333,0.2717,2,10,0.9,0.1
synthetic,0.1,900208,mixed,0.2,0.5,0.4,1.0,0.3333,0.2766,2,10,0.9,0.1
synthetic,0.15,900208,mixed,0.2,0.5,0.4,1.0,0.3333,0.2766,1,10,1.0,0.0
synthetic,0.2,900208,mixed,0.2,0.5,0.4,1.0,0.3333,0.2766,1,10,1.0,0.0
synthetic,0.3,900208,mixed,0.2,0.5,0.4,1.0,0.3333,0.2766,1,10,1.0,0.0
synthetic,0.4,900208,mixed,0.2,0.5,0.4,1.0,0.3333,0.2766,1,10,1.0,0.0
synthetic,0.5,900208,mixed,0.2,0.5,0.4,1.0,0.3333,0.2766,1,10,1.0,0.0
synthetic,0.0,900209,hollywood,0.0,0.4,0.0,0.0,0.0,0.0,1,10,1.0,0.0
synthetic,0.05,900209,hollywood,0.0,0.4,0.0,0.0,0.0,0.0,1,10,1.0,0.0
synthetic,0.1,900209,hollywood,0.0,0.4,0.0,0.0,0.0,0.0,1,10,1.0,0.0
synthetic,0.15,900209,hollywood,0.0,0.4,0.0,0.0,0.0,0.0,1,10,1.0,0.0
synthetic,0.2,900209,hollywood,0.0,0.4,0.0,0.0,0.0,0.0,1,10,1.0,0.0
synthetic,0.3,900209,hollywood,0.0,0.4,0.0,0.0,0.0,0.0,1,10,1.0,0.0
synthetic,0.4,900209,hollywood,0.0,0.4,0.0,0.0,0.0,0.0,1,10,1.0,0.0
synthetic,0.5,900209,hollywood,0.0,0.4,0.0,0.0,0.0,0.0,1,10,1.0,0.0
synthetic,0.0,900210,hollywood,0.0,0.1,0.0,0.0,0.0,0.0,1,10,1.0,0.0
synthetic,0.05,900210,hollywood,0.0,0.1,0.0,0.0,0.0,0.0,1,10,1.0,0.0
synthetic,0.1,900210,hollywood,0.0,0.1,0.0,0.0,0.0,0.0,1,10,1.0,0.0
synthetic,0.15,900210,hollywood,0.0,0.1,0.0,0.0,0.0,0.0,1,10,1.0,0.0
synthetic,0.2,900210,hollywood,0.0,0.1,0.0,0.0,0.0,0.0,1,10,1.0,0.0
synthetic,0.3,900210,hollywood,0.0,0.1,0.0,0.0,0.0,0.0,1,10,1.0,0.0
synthetic,0.4,900210,hollywood,0.0,0.1,0.0,0.0,0.0,0.0,1,10,1.0,0.0
synthetic,0.5,900210,hollywood,0.0,0.1,0.0,0.0,0.0,0.0,1,10,1.0,0.0
synthetic,0.0,900211,korean,0.1,0.4,0.25,1.0,1.0,0.3904,3,9,0.9,0.1
synthetic,0.05,900211,korean,0.1,0.4,0.25,1.0,1.0,0.3904,3,9,0.9,0.1
synthetic,0.1,900211,korean,0.1,0.4,0.25,1.0,1.0,0.3904,2,8,1.0,0.0
synthetic,0.15,900211,korean,0.1,0.4,0.25,1.0,1.0,0.3904,2,8,1.0,0.0
synthetic,0.2,900211,korean,0.1,0.4,0.25,1.0,1.0,0.3904,2,8,1.0,0.0
synthetic,0.3,900211,korean,0.1,0.4,0.25,1.0,1.0,0.3904,2,8,1.0,0.0
synthetic,0.4,900211,korean,0.1,0.4,0.25,1.0,1.0,0.3904,2,9,1.0,0.0
synthetic,0.5,900211,korean,0.1,0.4,0.25,1.0,1.0,0.3904,1,6,1.0,0.0
synthetic,0.0,900212,anime,0.1,0.4,0.25,1.0,1.0,0.3904,4,12,0.8,0.2
synthetic,0.05,900212,anime,0.1,0.4,0.25,1.0,1.0,0.3904,4,11,0.8,0.2
synthetic,0.1,900212,anime,0.2,0.4,0.5,1.0,1.0,0.5032,3,11,0.9,0.1
synthetic,0.15,900212,anime,0.2,0.4,0.5,1.0,1.0,0.5032,3,11,0.9,0.1
synthetic,0.2,900212,anime,0.3,0.4,0.75,1.0,1.0,0.6207,2,11,1.0,0.0
synthetic,0.3,900212,anime,0.3,0.4,0.75,1.0,1.0,0.6207,2,11,1.0,0.0
synthetic,0.4,900212,anime,0.2,0.4,0.5,1.0,0.3333,0.3127,2,11,1.0,0.0
synthetic,0.5,900212,anime,0.2,0.4,0.5,1.0,0.2,0.2811,2,12,1.0,0.0
synthetic,0.0,900213,hollywood,0.2,0.4,0.5,1.0,0.3333,0.3183,2,10,0.9,0.1
synthetic,0.05,900213,hollywood,0.2,0.4,0.5,1.0,0.3333,0.3183,1,10,1.0,0.0
synthetic,0.1,900213,hollywood,0.2,0.4,0.5,1.0,0.3333,0.3127,1,10,1.0,0.0
synthetic,0.15,900213,hollywood,0.2,0.4,0.5,1.0,0.3333,0.3127,1,10,1.0,0.0
synthetic,0.2,900213,hollywood,0.2,0.4,0.5,1.0,0.3333,0.3127,1,10,1.0,0.0
synthetic,0.3,900213,hollywood,0.2,0.4,0.5,1.0,0.3333,0.3127,1,10,1.0,0.0
synthetic,0.4,900213,hollywood,0.2,0.4,0.5,1.0,0.3333,0.3127,1,10,1.0,0.0
synthetic,0.5,900213,hollywood,0.2,0.4,0.5,1.0,0.3333,0.3127,1,10,1.0,0.0
synthetic,0.0,900214,hollywood,0.0,0.8,0.0,0.0,0.0,0.0,1,10,0.9,0.1
synthetic,0.05,900214,hollywood,0.0,0.8,0.0,0.0,0.0,0.0,1,10,0.9,0.1
synthetic,0.1,900214,hollywood,0.0,0.8,0.0,0.0,0.0,0.0,1,8,1.0,0.0
synthetic,0.15,900214,hollywood,0.0,0.8,0.0,0.0,0.0,0.0,1,7,1.0,0.0
synthetic,0.2,900214,hollywood,0.0,0.8,0.0,0.0,0.0,0.0,1,7,1.0,0.0
synthetic,0.3,900214,hollywood,0.0,0.8,0.0,0.0,0.0,0.0,1,7,1.0,0.0
synthetic,0.4,900214,hollywood,0.0,0.8,0.0,0.0,0.0,0.0,1,7,1.0,0.0
synthetic,0.5,900214,hollywood,0.0,0.8,0.0,0.0,0.0,0.0,1,7,1.0,0.0
synthetic,0.0,900215,hollywood,0.1,0.6,0.1667,1.0,0.1111,0.0911,1,7,1.0,0.0
synthetic,0.05,900215,hollywood,0.1,0.6,0.1667,1.0,0.1111,0.0911,1,7,1.0,0.0
synthetic,0.1,900215,hollywood,0.1,0.6,0.1667,1.0,0.1111,0.0911,1,7,1.0,0.0
synthetic,0.15,900215,hollywood,0.1,0.6,0.1667,1.0,0.1111,0.0911,1,7,1.0,0.0
synthetic,0.2,900215,hollywood,0.1,0.6,0.1667,1.0,0.1111,0.0911,1,7,1.0,0.0
synthetic,0.3,900215,hollywood,0.1,0.6,0.1667,1.0,0.1111,0.0911,1,7,1.0,0.0
synthetic,0.4,900215,hollywood,0.1,0.6,0.1667,1.0,0.1111,0.0911,1,7,1.0,0.0
synthetic,0.5,900215,hollywood,0.1,0.6,0.1667,1.0,0.1111,0.0911,1,7,1.0,0.0
synthetic,0.0,900216,anime,0.2,0.3,0.6667,1.0,0.5,0.4317,2,10,1.0,0.0
synthetic,0.05,900216,anime,0.2,0.3,0.6667,1.0,0.5,0.4317,2,10,1.0,0.0
synthetic,0.1,900216,anime,0.2,0.3,0.6667,1.0,0.5,0.4317,2,10,1.0,0.0
synthetic,0.15,900216,anime,0.3,0.3,1.0,1.0,0.5,0.573,2,9,1.0,0.0
synthetic,0.2,900216,anime,0.3,0.3,1.0,1.0,0.5,0.573,2,9,1.0,0.0
synthetic,0.3,900216,anime,0.2,0.3,0.6667,1.0,0.5,0.4317,2,9,1.0,0.0
synthetic,0.4,900216,anime,0.2,0.3,0.6667,1.0,1.0,0.6049,2,9,1.0,0.0
synthetic,0.5,900216,anime,0.1,0.3,0.3333,1.0,1.0,0.4693,2,10,1.0,0.0
synthetic,0.0,900217,hollywood,0.1,0.5,0.2,1.0,0.5,0.214,5,6,0.6,0.4
synthetic,0.05,900217,hollywood,0.1,0.5,0.2,1.0,0.5,0.214,2,7,0.9,0.1
synthetic,0.1,900217,hollywood,0.1,0.5,0.2,1.0,0.5,0.214,2,7,0.9,0.1
synthetic,0.15,900217,hollywood,0.1,0.5,0.2,1.0,0.5,0.214,1,8,1.0,0.0
synthetic,0.2,900217,hollywood,0.1,0.5,0.2,1.0,0.5,0.214,1,8,1.0,0.0
synthetic,0.3,900217,hollywood,0.1,0.5,0.2,1.0,0.5,0.214,1,8,1.0,0.0
synthetic,0.4,900217,hollywood,0.1,0.5,0.2,1.0,0.5,0.214,1,8,1.0,0.0
synthetic,0.5,900217,hollywood,0.1,0.5,0.2,1.0,0.3333,0.1696,1,7,1.0,0.0
synthetic,0.0,900218,hollywood,0.0,0.3,0.0,0.0,0.0,0.0,1,8,1.0,0.0
synthetic,0.05,900218,hollywood,0.0,0.3,0.0,0.0,0.0,0.0,1,8,1.0,0.0
synthetic,0.1,900218,hollywood,0.0,0.3,0.0,0.0,0.0,0.0,1,8,1.0,0.0
synthetic,0.15,900218,hollywood,0.0,0.3,0.0,0.0,0.0,0.0,1,8,1.0,0.0
synthetic,0.2,900218,hollywood,0.0,0.3,0.0,0.0,0.0,0.0,1,8,1.0,0.0
synthetic,0.3,900218,hollywood,0.0,0.3,0.0,0.0,0.0,0.0,1,8,1.0,0.0
synthetic,0.4,900218,hollywood,0.0,0.3,0.0,0.0,0.0,0.0,1,8,1.0,0.0
synthetic,0.5,900218,hollywood,0.0,0.3,0.0,0.0,0.0,0.0,1,8,1.0,0.0
synthetic,0.0,900219,bollywood,0.0,0.9,0.0,0.0,0.0,0.0,4,13,0.5,0.5
synthetic,0.05,900219,bollywood,0.0,0.9,0.0,0.0,0.0,0.0,4,13,0.6,0.4
synthetic,0.1,900219,bollywood,0.0,0.9,0.0,0.0,0.0,0.0,3,13,0.8,0.2
synthetic,0.15,900219,bollywood,0.0,0.9,0.0,0.0,0.0,0.0,2,12,0.9,0.1
synthetic,0.2,900219,bollywood,0.0,0.9,0.0,0.0,0.0,0.0,2,12,0.9,0.1
synthetic,0.3,900219,bollywood,0.0,0.9,0.0,0.0,0.0,0.0,2,13,1.0,0.0
synthetic,0.4,900219,bollywood,0.1,0.9,0.1111,1.0,0.1667,0.0837,2,12,1.0,0.0
synthetic,0.5,900219,bollywood,0.1,0.9,0.1111,1.0,0.3333,0.1175,2,12,1.0,0.0
synthetic,0.0,900220,hollywood,0.0,0.5,0.0,0.0,0.0,0.0,5,10,0.5,0.5
synthetic,0.05,900220,hollywood,0.0,0.5,0.0,0.0,0.0,0.0,5,10,0.5,0.5
synthetic,0.1,900220,hollywood,0.0,0.5,0.0,0.0,0.0,0.0,3,10,0.7,0.3
synthetic,0.15,900220,hollywood,0.0,0.5,0.0,0.0,0.0,0.0,1,6,1.0,0.0
synthetic,0.2,900220,hollywood,0.0,0.5,0.0,0.0,0.0,0.0,1,6,1.0,0.0
synthetic,0.3,900220,hollywood,0.0,0.5,0.0,0.0,0.0,0.0,1,5,1.0,0.0
synthetic,0.4,900220,hollywood,0.0,0.5,0.0,0.0,0.0,0.0,1,5,1.0,0.0
synthetic,0.5,900220,hollywood,0.0,0.5,0.0,0.0,0.0,0.0,1,5,1.0,0.0
synthetic,0.0,900221,hollywood,0.0,0.7,0.0,0.0,0.0,0.0,1,10,1.0,0.0
synthetic,0.05,900221,hollywood,0.0,0.7,0.0,0.0,0.0,0.0,1,10,1.0,0.0
synthetic,0.1,900221,hollywood,0.0,0.7,0.0,0.0,0.0,0.0,1,10,1.0,0.0
synthetic,0.15,900221,hollywood,0.0,0.7,0.0,0.0,0.0,0.0,1,10,1.0,0.0
synthetic,0.2,900221,hollywood,0.0,0.7,0.0,0.0,0.0,0.0,1,10,1.0,0.0
synthetic,0.3,900221,hollywood,0.0,0.7,0.0,0.0,0.0,0.0,1,10,1.0,0.0
synthetic,0.4,900221,hollywood,0.0,0.7,0.0,0.0,0.0,0.0,1,10,1.0,0.0
synthetic,0.5,900221,hollywood,0.0,0.7,0.0,0.0,0.0,0.0,1,10,1.0,0.0
synthetic,0.0,900222,hollywood,0.0,0.3,0.0,0.0,0.0,0.0,2,10,0.9,0.1
synthetic,0.05,900222,hollywood,0.0,0.3,0.0,0.0,0.0,0.0,2,10,0.9,0.1
synthetic,0.1,900222,hollywood,0.0,0.3,0.0,0.0,0.0,0.0,2,10,0.9,0.1
synthetic,0.15,900222,hollywood,0.0,0.3,0.0,0.0,0.0,0.0,1,9,1.0,0.0
synthetic,0.2,900222,hollywood,0.0,0.3,0.0,0.0,0.0,0.0,1,9,1.0,0.0
synthetic,0.3,900222,hollywood,0.0,0.3,0.0,0.0,0.0,0.0,1,9,1.0,0.0
synthetic,0.4,900222,hollywood,0.0,0.3,0.0,0.0,0.0,0.0,1,9,1.0,0.0
synthetic,0.5,900222,hollywood,0.0,0.3,0.0,0.0,0.0,0.0,1,7,1.0,0.0
synthetic,0.0,900223,bollywood,0.1,0.4,0.25,1.0,0.5,0.2463,2,12,0.9,0.1
synthetic,0.05,900223,bollywood,0.1,0.4,0.25,1.0,0.5,0.2463,1,13,1.0,0.0
synthetic,0.1,900223,bollywood,0.1,0.4,0.25,1.0,0.5,0.2463,1,13,1.0,0.0
synthetic,0.15,900223,bollywood,0.1,0.4,0.25,1.0,0.5,0.2463,1,13,1.0,0.0
synthetic,0.2,900223,bollywood,0.1,0.4,0.25,1.0,0.5,0.2463,1,13,1.0,0.0
synthetic,0.3,900223,bollywood,0.1,0.4,0.25,1.0,0.5,0.2463,1,13,1.0,0.0
synthetic,0.4,900223,bollywood,0.2,0.4,0.5,1.0,0.5,0.3591,2,12,1.0,0.0
synthetic,0.5,900223,bollywood,0.2,0.4,0.5,1.0,0.5,0.4415,2,12,1.0,0.0
synthetic,0.0,900224,mixed,0.0,0.4,0.0,0.0,0.0,0.0,5,6,0.6,0.4
synthetic,0.05,900224,mixed,0.0,0.4,0.0,0.0,0.0,0.0,3,5,0.8,0.2
synthetic,0.1,900224,mixed,0.0,0.4,0.0,0.0,0.0,0.0,1,7,1.0,0.0
synthetic,0.15,900224,mixed,0.0,0.4,0.0,0.0,0.0,0.0,1,7,1.0,0.0
synthetic,0.2,900224,mixed,0.0,0.4,0.0,0.0,0.0,0.0,1,7,1.0,0.0
synthetic,0.3,900224,mixed,0.0,0.4,0.0,0.0,0.0,0.0,1,7,1.0,0.0
synthetic,0.4,900224,mixed,0.0,0.4,0.0,0.0,0.0,0.0,1,7,1.0,0.0
synthetic,0.5,900224,mixed,0.0,0.4,0.0,0.0,0.0,0.0,1,7,1.0,0.0
synthetic,0.0,900225,korean,0.0,0.6,0.0,0.0,0.0,0.0,4,11,0.7,0.3
synthetic,0.05,900225,korean,0.0,0.6,0.0,0.0,0.0,0.0,4,11,0.7,0.3
synthetic,0.1,900225,korean,0.0,0.6,0.0,0.0,0.0,0.0,3,11,0.9,0.1
synthetic,0.15,900225,korean,0.0,0.6,0.0,0.0,0.0,0.0,3,12,0.9,0.1
synthetic,0.2,900225,korean,0.0,0.6,0.0,0.0,0.0,0.0,3,12,0.9,0.1
synthetic,0.3,900225,korean,0.0,0.6,0.0,0.0,0.0,0.0,3,13,1.0,0.0
synthetic,0.4,900225,korean,0.0,0.6,0.0,0.0,0.0,0.0,2,14,1.0,0.0
synthetic,0.5,900225,korean,0.0,0.6,0.0,0.0,0.0,0.0,2,14,1.0,0.0
synthetic,0.0,900226,anime,0.0,0.5,0.0,0.0,0.0,0.0,3,8,0.8,0.2
synthetic,0.05,900226,anime,0.0,0.5,0.0,0.0,0.0,0.0,3,8,0.9,0.1
synthetic,0.1,900226,anime,0.0,0.5,0.0,0.0,0.0,0.0,3,9,0.9,0.1
synthetic,0.15,900226,anime,0.0,0.5,0.0,0.0,0.0,0.0,2,9,1.0,0.0
synthetic,0.2,900226,anime,0.0,0.5,0.0,0.0,0.0,0.0,2,9,1.0,0.0
synthetic,0.3,900226,anime,0.1,0.5,0.2,1.0,0.1111,0.1021,1,9,1.0,0.0
synthetic,0.4,900226,anime,0.1,0.5,0.2,1.0,0.2,0.1312,1,9,1.0,0.0
synthetic,0.5,900226,anime,0.1,0.5,0.2,1.0,0.25,0.1461,1,8,1.0,0.0
synthetic,0.0,900227,hollywood,0.1,0.4,0.25,1.0,0.5,0.2463,2,12,0.8,0.2
synthetic,0.05,900227,hollywood,0.1,0.4,0.25,1.0,0.5,0.2463,2,12,0.8,0.2
synthetic,0.1,900227,hollywood,0.1,0.4,0.25,1.0,0.5,0.2463,2,12,0.9,0.1
synthetic,0.15,900227,hollywood,0.1,0.4,0.25,1.0,0.5,0.2463,2,12,0.9,0.1
synthetic,0.2,900227,hollywood,0.1,0.4,0.25,1.0,0.5,0.2463,1,11,1.0,0.0
synthetic,0.3,900227,hollywood,0.1,0.4,0.25,1.0,0.5,0.2463,1,11,1.0,0.0
synthetic,0.4,900227,hollywood,0.1,0.4,0.25,1.0,0.3333,0.1952,1,11,1.0,0.0
synthetic,0.5,900227,hollywood,0.1,0.4,0.25,1.0,0.25,0.1681,1,11,1.0,0.0
synthetic,0.0,900228,korean,0.2,0.3,0.6667,1.0,0.2,0.3172,4,9,0.7,0.3
synthetic,0.05,900228,korean,0.2,0.3,0.6667,1.0,0.2,0.338,2,9,0.9,0.1
synthetic,0.1,900228,korean,0.2,0.3,0.6667,1.0,0.2,0.338,1,9,1.0,0.0
synthetic,0.15,900228,korean,0.2,0.3,0.6667,1.0,0.2,0.338,1,9,1.0,0.0
synthetic,0.2,900228,korean,0.2,0.3,0.6667,1.0,0.2,0.338,2,9,1.0,0.0
synthetic,0.3,900228,korean,0.1,0.3,0.3333,1.0,0.1,0.1357,2,10,1.0,0.0
synthetic,0.4,900228,korean,0.0,0.3,0.0,0.0,0.0,0.0,2,10,1.0,0.0
synthetic,0.5,900228,korean,0.0,0.3,0.0,0.0,0.0,0.0,1,9,1.0,0.0
synthetic,0.0,900229,hollywood,0.0,0.4,0.0,0.0,0.0,0.0,3,11,0.8,0.2
synthetic,0.05,900229,hollywood,0.0,0.4,0.0,0.0,0.0,0.0,1,7,1.0,0.0
synthetic,0.1,900229,hollywood,0.0,0.4,0.0,0.0,0.0,0.0,1,7,1.0,0.0
synthetic,0.15,900229,hollywood,0.0,0.4,0.0,0.0,0.0,0.0,1,7,1.0,0.0
synthetic,0.2,900229,hollywood,0.0,0.4,0.0,0.0,0.0,0.0,1,7,1.0,0.0
synthetic,0.3,900229,hollywood,0.0,0.4,0.0,0.0,0.0,0.0,1,7,1.0,0.0
synthetic,0.4,900229,hollywood,0.0,0.4,0.0,0.0,0.0,0.0,1,7,1.0,0.0
synthetic,0.5,900229,hollywood,0.0,0.4,0.0,0.0,0.0,0.0,1,7,1.0,0.0
synthetic,0.0,900230,hollywood,0.1,0.4,0.25,1.0,0.125,0.1232,1,10,0.9,0.1
synthetic,0.05,900230,hollywood,0.0,0.4,0.0,0.0,0.0,0.0,1,10,1.0,0.0
synthetic,0.1,900230,hollywood,0.0,0.4,0.0,0.0,0.0,0.0,1,10,1.0,0.0
synthetic,0.15,900230,hollywood,0.0,0.4,0.0,0.0,0.0,0.0,1,10,1.0,0.0
synthetic,0.2,900230,hollywood,0.0,0.4,0.0,0.0,0.0,0.0,1,10,1.0,0.0
synthetic,0.3,900230,hollywood,0.0,0.4,0.0,0.0,0.0,0.0,1,10,1.0,0.0
synthetic,0.4,900230,hollywood,0.0,0.4,0.0,0.0,0.0,0.0,1,10,1.0,0.0
synthetic,0.5,900230,hollywood,0.0,0.4,0.0,0.0,0.0,0.0,1,10,1.0,0.0
synthetic,0.0,900231,hollywood,0.0,0.7,0.0,0.0,0.0,0.0,2,10,0.9,0.1
synthetic,0.05,900231,hollywood,0.0,0.7,0.0,0.0,0.0,0.0,1,10,1.0,0.0
synthetic,0.1,900231,hollywood,0.0,0.7,0.0,0.0,0.0,0.0,1,10,1.0,0.0
synthetic,0.15,900231,hollywood,0.0,0.7,0.0,0.0,0.0,0.0,1,10,1.0,0.0
synthetic,0.2,900231,hollywood,0.0,0.7,0.0,0.0,0.0,0.0,1,10,1.0,0.0
synthetic,0.3,900231,hollywood,0.0,0.7,0.0,0.0,0.0,0.0,1,10,1.0,0.0
synthetic,0.4,900231,hollywood,0.0,0.7,0.0,0.0,0.0,0.0,1,10,1.0,0.0
synthetic,0.5,900231,hollywood,0.0,0.7,0.0,0.0,0.0,0.0,1,10,1.0,0.0
synthetic,0.0,900232,hollywood,0.0,0.6,0.0,0.0,0.0,0.0,3,11,0.8,0.2
synthetic,0.05,900232,hollywood,0.0,0.6,0.0,0.0,0.0,0.0,3,11,0.8,0.2
synthetic,0.1,900232,hollywood,0.0,0.6,0.0,0.0,0.0,0.0,2,10,0.9,0.1
synthetic,0.15,900232,hollywood,0.0,0.6,0.0,0.0,0.0,0.0,1,9,1.0,0.0
synthetic,0.2,900232,hollywood,0.0,0.6,0.0,0.0,0.0,0.0,1,9,1.0,0.0
synthetic,0.3,900232,hollywood,0.0,0.6,0.0,0.0,0.0,0.0,1,10,1.0,0.0
synthetic,0.4,900232,hollywood,0.0,0.6,0.0,0.0,0.0,0.0,1,10,1.0,0.0
synthetic,0.5,900232,hollywood,0.0,0.6,0.0,0.0,0.0,0.0,1,8,1.0,0.0
synthetic,0.0,900233,anime,0.2,0.7,0.2857,1.0,1.0,0.4123,2,9,1.0,0.0
synthetic,0.05,900233,anime,0.2,0.7,0.2857,1.0,1.0,0.4123,2,9,1.0,0.0
synthetic,0.1,900233,anime,0.2,0.7,0.2857,1.0,1.0,0.4123,1,10,1.0,0.0
synthetic,0.15,900233,anime,0.2,0.7,0.2857,1.0,1.0,0.4123,1,10,1.0,0.0
synthetic,0.2,900233,anime,0.2,0.7,0.2857,1.0,1.0,0.4123,1,10,1.0,0.0
synthetic,0.3,900233,anime,0.2,0.7,0.2857,1.0,1.0,0.4123,1,10,1.0,0.0
synthetic,0.4,900233,anime,0.3,0.7,0.4286,1.0,1.0,0.4727,1,10,1.0,0.0
synthetic,0.5,900233,anime,0.3,0.7,0.4286,1.0,1.0,0.4951,1,10,1.0,0.0
synthetic,0.0,900234,bollywood,0.0,0.4,0.0,0.0,0.0,0.0,1,10,1.0,0.0
synthetic,0.05,900234,bollywood,0.0,0.4,0.0,0.0,0.0,0.0,1,10,1.0,0.0
synthetic,0.1,900234,bollywood,0.0,0.4,0.0,0.0,0.0,0.0,1,10,1.0,0.0
synthetic,0.15,900234,bollywood,0.0,0.4,0.0,0.0,0.0,0.0,1,10,1.0,0.0
synthetic,0.2,900234,bollywood,0.0,0.4,0.0,0.0,0.0,0.0,1,10,1.0,0.0
synthetic,0.3,900234,bollywood,0.0,0.4,0.0,0.0,0.0,0.0,2,12,1.0,0.0
synthetic,0.4,900234,bollywood,0.0,0.4,0.0,0.0,0.0,0.0,2,12,1.0,0.0
synthetic,0.5,900234,bollywood,0.1,0.4,0.25,1.0,0.2,0.151,2,10,1.0,0.0
synthetic,0.0,900235,hollywood,0.1,0.3,0.3333,1.0,1.0,0.4693,2,8,0.8,0.2
synthetic,0.05,900235,hollywood,0.1,0.3,0.3333,1.0,1.0,0.4693,2,7,0.9,0.1
synthetic,0.1,900235,hollywood,0.1,0.3,0.3333,1.0,1.0,0.4693,2,7,0.9,0.1
synthetic,0.15,900235,hollywood,0.1,0.3,0.3333,1.0,1.0,0.4693,2,7,0.9,0.1
synthetic,0.2,900235,hollywood,0.1,0.3,0.3333,1.0,1.0,0.4693,2,7,0.9,0.1
synthetic,0.3,900235,hollywood,0.1,0.3,0.3333,1.0,1.0,0.4693,1,6,1.0,0.0
synthetic,0.4,900235,hollywood,0.1,0.3,0.3333,1.0,1.0,0.4693,1,6,1.0,0.0
synthetic,0.5,900235,hollywood,0.1,0.3,0.3333,1.0,1.0,0.4693,1,6,1.0,0.0
synthetic,0.0,900236,bollywood,0.0,0.5,0.0,0.0,0.0,0.0,6,13,0.5,0.5
synthetic,0.05,900236,bollywood,0.0,0.5,0.0,0.0,0.0,0.0,4,12,0.8,0.2
synthetic,0.1,900236,bollywood,0.0,0.5,0.0,0.0,0.0,0.0,3,12,0.9,0.1
synthetic,0.15,900236,bollywood,0.0,0.5,0.0,0.0,0.0,0.0,2,11,1.0,0.0
synthetic,0.2,900236,bollywood,0.0,0.5,0.0,0.0,0.0,0.0,2,11,1.0,0.0
synthetic,0.3,900236,bollywood,0.0,0.5,0.0,0.0,0.0,0.0,2,11,1.0,0.0
synthetic,0.4,900236,bollywood,0.0,0.5,0.0,0.0,0.0,0.0,2,11,1.0,0.0
synthetic,0.5,900236,bollywood,0.0,0.5,0.0,0.0,0.0,0.0,2,11,1.0,0.0
synthetic,0.0,900237,hollywood,0.0,0.4,0.0,0.0,0.0,0.0,1,6,1.0,0.0
synthetic,0.05,900237,hollywood,0.0,0.4,0.0,0.0,0.0,0.0,1,6,1.0,0.0
synthetic,0.1,900237,hollywood,0.0,0.4,0.0,0.0,0.0,0.0,1,6,1.0,0.0
synthetic,0.15,900237,hollywood,0.0,0.4,0.0,0.0,0.0,0.0,1,6,1.0,0.0
synthetic,0.2,900237,hollywood,0.0,0.4,0.0,0.0,0.0,0.0,1,6,1.0,0.0
synthetic,0.3,900237,hollywood,0.0,0.4,0.0,0.0,0.0,0.0,1,6,1.0,0.0
synthetic,0.4,900237,hollywood,0.0,0.4,0.0,0.0,0.0,0.0,1,6,1.0,0.0
synthetic,0.5,900237,hollywood,0.0,0.4,0.0,0.0,0.0,0.0,1,6,1.0,0.0
synthetic,0.0,900238,korean,0.0,0.2,0.0,0.0,0.0,0.0,4,5,0.8,0.2
synthetic,0.05,900238,korean,0.0,0.2,0.0,0.0,0.0,0.0,4,5,0.8,0.2
synthetic,0.1,900238,korean,0.0,0.2,0.0,0.0,0.0,0.0,4,5,0.8,0.2
synthetic,0.15,900238,korean,0.0,0.2,0.0,0.0,0.0,0.0,3,5,0.9,0.1
synthetic,0.2,900238,korean,0.0,0.2,0.0,0.0,0.0,0.0,2,6,1.0,0.0
synthetic,0.3,900238,korean,0.0,0.2,0.0,0.0,0.0,0.0,2,6,1.0,0.0
synthetic,0.4,900238,korean,0.0,0.2,0.0,0.0,0.0,0.0,2,6,1.0,0.0
synthetic,0.5,900238,korean,0.0,0.2,0.0,0.0,0.0,0.0,2,8,1.0,0.0
synthetic,0.0,900239,mixed,0.0,0.3,0.0,0.0,0.0,0.0,3,9,0.7,0.3
synthetic,0.05,900239,mixed,0.0,0.3,0.0,0.0,0.0,0.0,3,10,0.8,0.2
synthetic,0.1,900239,mixed,0.0,0.3,0.0,0.0,0.0,0.0,3,10,0.8,0.2
synthetic,0.15,900239,mixed,0.0,0.3,0.0,0.0,0.0,0.0,3,10,0.8,0.2
synthetic,0.2,900239,mixed,0.0,0.3,0.0,0.0,0.0,0.0,1,10,1.0,0.0
synthetic,0.3,900239,mixed,0.0,0.3,0.0,0.0,0.0,0.0,1,10,1.0,0.0
synthetic,0.4,900239,mixed,0.0,0.3,0.0,0.0,0.0,0.0,1,9,1.0,0.0
synthetic,0.5,900239,mixed,0.1,0.3,0.3333,1.0,0.1,0.1357,1,8,1.0,0.0
synthetic,0.0,900240,korean,0.0,0.2,0.0,0.0,0.0,0.0,2,11,0.7,0.3
synthetic,0.05,900240,korean,0.0,0.2,0.0,0.0,0.0,0.0,3,12,0.7,0.3
synthetic,0.1,900240,korean,0.0,0.2,0.0,0.0,0.0,0.0,3,12,0.8,0.2
synthetic,0.15,900240,korean,0.0,0.2,0.0,0.0,0.0,0.0,2,9,1.0,0.0
synthetic,0.2,900240,korean,0.0,0.2,0.0,0.0,0.0,0.0,2,9,1.0,0.0
synthetic,0.3,900240,korean,0.0,0.2,0.0,0.0,0.0,0.0,2,9,1.0,0.0
synthetic,0.4,900240,korean,0.0,0.2,0.0,0.0,0.0,0.0,2,9,1.0,0.0
synthetic,0.5,900240,korean,0.0,0.2,0.0,0.0,0.0,0.0,2,11,1.0,0.0
synthetic,0.0,900241,korean,0.1,0.8,0.125,1.0,0.5,0.1596,2,4,0.8,0.2
synthetic,0.05,900241,korean,0.1,0.8,0.125,1.0,0.5,0.1596,3,5,0.9,0.1
synthetic,0.1,900241,korean,0.1,0.8,0.125,1.0,0.5,0.1596,3,5,0.9,0.1
synthetic,0.15,900241,korean,0.1,0.8,0.125,1.0,1.0,0.2529,3,5,0.9,0.1
synthetic,0.2,900241,korean,0.1,0.8,0.125,1.0,0.5,0.1596,3,5,0.9,0.1
synthetic,0.3,900241,korean,0.1,0.8,0.125,1.0,0.5,0.1596,2,7,1.0,0.0
synthetic,0.4,900241,korean,0.1,0.8,0.125,1.0,0.1429,0.0843,2,7,1.0,0.0
synthetic,0.5,900241,korean,0.0,0.8,0.0,0.0,0.0,0.0,1,10,1.0,0.0
synthetic,0.0,900242,hollywood,0.0,0.1,0.0,0.0,0.0,0.0,3,9,0.8,0.2
synthetic,0.05,900242,hollywood,0.0,0.1,0.0,0.0,0.0,0.0,1,11,1.0,0.0
synthetic,0.1,900242,hollywood,0.0,0.1,0.0,0.0,0.0,0.0,1,11,1.0,0.0
synthetic,0.15,900242,hollywood,0.0,0.1,0.0,0.0,0.0,0.0,1,11,1.0,0.0
synthetic,0.2,900242,hollywood,0.0,0.1,0.0,0.0,0.0,0.0,1,10,1.0,0.0
synthetic,0.3,900242,hollywood,0.0,0.1,0.0,0.0,0.0,0.0,1,10,1.0,0.0
synthetic,0.4,900242,hollywood,0.0,0.1,0.0,0.0,0.0,0.0,1,10,1.0,0.0
synthetic,0.5,900242,hollywood,0.0,0.1,0.0,0.0,0.0,0.0,1,10,1.0,0.0
synthetic,0.0,900243,korean,0.0,0.2,0.0,0.0,0.0,0.0,4,11,0.7,0.3
synthetic,0.05,900243,korean,0.0,0.2,0.0,0.0,0.0,0.0,4,11,0.8,0.2
synthetic,0.1,900243,korean,0.0,0.2,0.0,0.0,0.0,0.0,3,11,0.9,0.1
synthetic,0.15,900243,korean,0.0,0.2,0.0,0.0,0.0,0.0,2,8,1.0,0.0
synthetic,0.2,900243,korean,0.0,0.2,0.0,0.0,0.0,0.0,2,8,1.0,0.0
synthetic,0.3,900243,korean,0.0,0.2,0.0,0.0,0.0,0.0,2,8,1.0,0.0
synthetic,0.4,900243,korean,0.0,0.2,0.0,0.0,0.0,0.0,2,8,1.0,0.0
synthetic,0.5,900243,korean,0.0,0.2,0.0,0.0,0.0,0.0,1,6,1.0,0.0
synthetic,0.0,900244,bollywood,0.0,0.6,0.0,0.0,0.0,0.0,4,6,0.7,0.3
synthetic,0.05,900244,bollywood,0.0,0.6,0.0,0.0,0.0,0.0,4,8,0.8,0.2
synthetic,0.1,900244,bollywood,0.0,0.6,0.0,0.0,0.0,0.0,3,7,0.9,0.1
synthetic,0.15,900244,bollywood,0.0,0.6,0.0,0.0,0.0,0.0,3,7,0.9,0.1
synthetic,0.2,900244,bollywood,0.0,0.6,0.0,0.0,0.0,0.0,2,8,1.0,0.0
synthetic,0.3,900244,bollywood,0.0,0.6,0.0,0.0,0.0,0.0,2,6,1.0,0.0
synthetic,0.4,900244,bollywood,0.0,0.6,0.0,0.0,0.0,0.0,2,7,1.0,0.0
synthetic,0.5,900244,bollywood,0.0,0.6,0.0,0.0,0.0,0.0,2,9,1.0,0.0
synthetic,0.0,900245,anime,0.0,0.4,0.0,0.0,0.0,0.0,2,9,1.0,0.0
synthetic,0.05,900245,anime,0.0,0.4,0.0,0.0,0.0,0.0,2,9,1.0,0.0
synthetic,0.1,900245,anime,0.0,0.4,0.0,0.0,0.0,0.0,2,9,1.0,0.0
synthetic,0.15,900245,anime,0.0,0.4,0.0,0.0,0.0,0.0,2,9,1.0,0.0
synthetic,0.2,900245,anime,0.0,0.4,0.0,0.0,0.0,0.0,2,9,1.0,0.0
synthetic,0.3,900245,anime,0.0,0.4,0.0,0.0,0.0,0.0,2,10,1.0,0.0
synthetic,0.4,900245,anime,0.0,0.4,0.0,0.0,0.0,0.0,2,10,1.0,0.0
synthetic,0.5,900245,anime,0.0,0.4,0.0,0.0,0.0,0.0,2,10,1.0,0.0
synthetic,0.0,900246,bollywood,0.1,0.4,0.25,1.0,0.5,0.2463,1,11,1.0,0.0
synthetic,0.05,900246,bollywood,0.1,0.4,0.25,1.0,0.5,0.2463,1,11,1.0,0.0
synthetic,0.1,900246,bollywood,0.1,0.4,0.25,1.0,0.5,0.2463,1,11,1.0,0.0
synthetic,0.15,900246,bollywood,0.1,0.4,0.25,1.0,0.5,0.2463,1,11,1.0,0.0
synthetic,0.2,900246,bollywood,0.1,0.4,0.25,1.0,0.5,0.2463,1,11,1.0,0.0
synthetic,0.3,900246,bollywood,0.1,0.4,0.25,1.0,0.5,0.2463,1,11,1.0,0.0
synthetic,0.4,900246,bollywood,0.1,0.4,0.25,1.0,0.5,0.2463,1,11,1.0,0.0
synthetic,0.5,900246,bollywood,0.1,0.4,0.25,1.0,0.5,0.2463,2,9,1.0,0.0
synthetic,0.0,900247,anime,0.1,0.3,0.3333,1.0,0.5,0.2961,2,11,1.0,0.0
synthetic,0.05,900247,anime,0.1,0.3,0.3333,1.0,0.5,0.2961,2,11,1.0,0.0
synthetic,0.1,900247,anime,0.1,0.3,0.3333,1.0,0.5,0.2961,2,11,1.0,0.0
synthetic,0.15,900247,anime,0.1,0.3,0.3333,1.0,0.5,0.2961,2,11,1.0,0.0
synthetic,0.2,900247,anime,0.1,0.3,0.3333,1.0,0.5,0.2961,2,11,1.0,0.0
synthetic,0.3,900247,anime,0.1,0.3,0.3333,1.0,0.5,0.2961,1,10,1.0,0.0
synthetic,0.4,900247,anime,0.2,0.3,0.6667,1.0,0.5,0.4317,1,9,1.0,0.0
synthetic,0.5,900247,anime,0.2,0.3,0.6667,1.0,0.5,0.4982,1,10,1.0,0.0
synthetic,0.0,900248,hollywood,0.0,0.3,0.0,0.0,0.0,0.0,1,5,1.0,0.0
synthetic,0.05,900248,hollywood,0.0,0.3,0.0,0.0,0.0,0.0,1,5,1.0,0.0
synthetic,0.1,900248,hollywood,0.0,0.3,0.0,0.0,0.0,0.0,1,5,1.0,0.0
synthetic,0.15,900248,hollywood,0.0,0.3,0.0,0.0,0.0,0.0,1,5,1.0,0.0
synthetic,0.2,900248,hollywood,0.0,0.3,0.0,0.0,0.0,0.0,1,5,1.0,0.0
synthetic,0.3,900248,hollywood,0.0,0.3,0.0,0.0,0.0,0.0,1,5,1.0,0.0
synthetic,0.4,900248,hollywood,0.0,0.3,0.0,0.0,0.0,0.0,1,5,1.0,0.0
synthetic,0.5,900248,hollywood,0.0,0.3,0.0,0.0,0.0,0.0,1,5,1.0,0.0
synthetic,0.0,900249,hollywood,0.0,0.6,0.0,0.0,0.0,0.0,2,13,0.9,0.1
synthetic,0.05,900249,hollywood,0.0,0.6,0.0,0.0,0.0,0.0,2,13,0.9,0.1
synthetic,0.1,900249,hollywood,0.0,0.6,0.0,0.0,0.0,0.0,2,13,0.9,0.1
synthetic,0.15,900249,hollywood,0.0,0.6,0.0,0.0,0.0,0.0,1,12,1.0,0.0
synthetic,0.2,900249,hollywood,0.0,0.6,0.0,0.0,0.0,0.0,1,12,1.0,0.0
synthetic,0.3,900249,hollywood,0.0,0.6,0.0,0.0,0.0,0.0,1,12,1.0,0.0
synthetic,0.4,900249,hollywood,0.0,0.6,0.0,0.0,0.0,0.0,1,12,1.0,0.0
synthetic,0.5,900249,hollywood,0.0,0.6,0.0,0.0,0.0,0.0,1,12,1.0,0.0
synthetic,0.0,900250,korean,0.0,0.8,0.0,0.0,0.0,0.0,4,10,0.6,0.4
synthetic,0.05,900250,korean,0.0,0.8,0.0,0.0,0.0,0.0,5,7,0.7,0.3
synthetic,0.1,900250,korean,0.0,0.8,0.0,0.0,0.0,0.0,5,7,0.7,0.3
synthetic,0.15,900250,korean,0.1,0.8,0.125,1.0,0.1111,0.0761,3,7,0.9,0.1
synthetic,0.2,900250,korean,0.1,0.8,0.125,1.0,0.1429,0.0843,3,7,0.9,0.1
synthetic,0.3,900250,korean,0.2,0.8,0.25,1.0,0.5,0.2327,2,7,1.0,0.0
synthetic,0.4,900250,korean,0.2,0.8,0.25,1.0,0.5,0.2685,2,6,1.0,0.0
synthetic,0.5,900250,korean,0.3,0.8,0.375,1.0,0.5,0.3447,1,8,1.0,0.0
synthetic,0.0,900251,anime,0.1,0.3,0.3333,1.0,0.5,0.2961,2,8,1.0,0.0
synthetic,0.05,900251,anime,0.1,0.3,0.3333,1.0,0.5,0.2961,2,8,1.0,0.0
synthetic,0.1,900251,anime,0.1,0.3,0.3333,1.0,0.5,0.2961,2,8,1.0,0.0
synthetic,0.15,900251,anime,0.1,0.3,0.3333,1.0,0.5,0.2961,2,8,1.0,0.0
synthetic,0.2,900251,anime,0.1,0.3,0.3333,1.0,0.5,0.2961,2,10,1.0,0.0
synthetic,0.3,900251,anime,0.1,0.3,0.3333,1.0,1.0,0.4693,2,10,1.0,0.0
synthetic,0.4,900251,anime,0.1,0.3,0.3333,1.0,1.0,0.4693,2,7,1.0,0.0
synthetic,0.5,900251,anime,0.1,0.3,0.3333,1.0,0.5,0.2961,2,7,1.0,0.0
synthetic,0.0,900252,korean,0.0,0.6,0.0,0.0,0.0,0.0,5,8,0.6,0.4
synthetic,0.05,900252,korean,0.0,0.6,0.0,0.0,0.0,0.0,5,8,0.6,0.4
synthetic,0.1,900252,korean,0.0,0.6,0.0,0.0,0.0,0.0,5,8,0.6,0.4
synthetic,0.15,900252,korean,0.0,0.6,0.0,0.0,0.0,0.0,5,8,0.7,0.3
synthetic,0.2,900252,korean,0.0,0.6,0.0,0.0,0.0,0.0,5,9,0.7,0.3
synthetic,0.3,900252,korean,0.0,0.6,0.0,0.0,0.0,0.0,3,8,0.9,0.1
synthetic,0.4,900252,korean,0.0,0.6,0.0,0.0,0.0,0.0,2,8,1.0,0.0
synthetic,0.5,900252,korean,0.1,0.6,0.1667,1.0,0.125,0.0955,1,8,1.0,0.0
synthetic,0.0,900253,hollywood,0.0,0.5,0.0,0.0,0.0,0.0,2,8,0.9,0.1
synthetic,0.05,900253,hollywood,0.0,0.5,0.0,0.0,0.0,0.0,2,8,0.9,0.1
synthetic,0.1,900253,hollywood,0.0,0.5,0.0,0.0,0.0,0.0,1,8,1.0,0.0
synthetic,0.15,900253,hollywood,0.0,0.5,0.0,0.0,0.0,0.0,1,8,1.0,0.0
synthetic,0.2,900253,hollywood,0.0,0.5,0.0,0.0,0.0,0.0,1,8,1.0,0.0
synthetic,0.3,900253,hollywood,0.0,0.5,0.0,0.0,0.0,0.0,1,8,1.0,0.0
synthetic,0.4,900253,hollywood,0.0,0.5,0.0,0.0,0.0,0.0,1,8,1.0,0.0
synthetic,0.5,900253,hollywood,0.0,0.5,0.0,0.0,0.0,0.0,1,8,1.0,0.0
synthetic,0.0,900254,hollywood,0.2,0.2,1.0,1.0,0.1429,0.389,2,7,0.8,0.2
synthetic,0.05,900254,hollywood,0.2,0.2,1.0,1.0,0.1429,0.389,2,7,0.8,0.2
synthetic,0.1,900254,hollywood,0.2,0.2,1.0,1.0,0.1429,0.389,2,6,0.9,0.1
synthetic,0.15,900254,hollywood,0.2,0.2,1.0,1.0,0.125,0.378,2,6,0.9,0.1
synthetic,0.2,900254,hollywood,0.1,0.2,0.5,1.0,0.125,0.1934,1,6,1.0,0.0
synthetic,0.3,900254,hollywood,0.1,0.2,0.5,1.0,0.125,0.1934,1,6,1.0,0.0
synthetic,0.4,900254,hollywood,0.1,0.2,0.5,1.0,0.125,0.1934,1,6,1.0,0.0
synthetic,0.5,900254,hollywood,0.0,0.2,0.0,0.0,0.0,0.0,1,7,1.0,0.0
synthetic,0.0,900255,hollywood,0.0,0.5,0.0,0.0,0.0,0.0,1,9,1.0,0.0
synthetic,0.05,900255,hollywood,0.0,0.5,0.0,0.0,0.0,0.0,1,9,1.0,0.0
synthetic,0.1,900255,hollywood,0.0,0.5,0.0,0.0,0.0,0.0,1,9,1.0,0.0
synthetic,0.15,900255,hollywood,0.0,0.5,0.0,0.0,0.0,0.0,1,9,1.0,0.0
synthetic,0.2,900255,hollywood,0.0,0.5,0.0,0.0,0.0,0.0,1,9,1.0,0.0
synthetic,0.3,900255,hollywood,0.0,0.5,0.0,0.0,0.0,0.0,1,9,1.0,0.0
synthetic,0.4,900255,hollywood,0.0,0.5,0.0,0.0,0.0,0.0,1,9,1.0,0.0
synthetic,0.5,900255,hollywood,0.0,0.5,0.0,0.0,0.0,0.0,1,9,1.0,0.0
synthetic,0.0,900256,anime,0.1,0.2,0.5,1.0,0.2,0.2372,3,11,0.9,0.1
synthetic,0.05,900256,anime,0.1,0.2,0.5,1.0,0.2,0.2372,2,11,1.0,0.0
synthetic,0.1,900256,anime,0.1,0.2,0.5,1.0,0.1667,0.2184,2,11,1.0,0.0
synthetic,0.15,900256,anime,0.1,0.2,0.5,1.0,0.1667,0.2184,2,11,1.0,0.0
synthetic,0.2,900256,anime,0.1,0.2,0.5,1.0,0.1429,0.2044,2,10,1.0,0.0
synthetic,0.3,900256,anime,0.1,0.2,0.5,1.0,0.1429,0.2044,2,10,1.0,0.0
synthetic,0.4,900256,anime,0.1,0.2,0.5,1.0,0.1429,0.2044,2,11,1.0,0.0
synthetic,0.5,900256,anime,0.1,0.2,0.5,1.0,0.1111,0.1846,1,11,1.0,0.0
synthetic,0.0,900257,anime,0.2,0.3,0.6667,1.0,0.25,0.3836,2,12,1.0,0.0
synthetic,0.05,900257,anime,0.2,0.3,0.6667,1.0,0.25,0.3836,2,12,1.0,0.0
synthetic,0.1,900257,anime,0.2,0.3,0.6667,1.0,0.25,0.3836,2,11,1.0,0.0
synthetic,0.15,900257,anime,0.2,0.3,0.6667,1.0,0.25,0.3836,2,11,1.0,0.0
synthetic,0.2,900257,anime,0.2,0.3,0.6667,1.0,0.25,0.3836,2,11,1.0,0.0
synthetic,0.3,900257,anime,0.2,0.3,0.6667,1.0,0.25,0.3693,2,11,1.0,0.0
synthetic,0.4,900257,anime,0.2,0.3,0.6667,1.0,0.3333,0.4018,2,11,1.0,0.0
synthetic,0.5,900257,anime,0.2,0.3,0.6667,1.0,0.3333,0.4018,2,12,1.0,0.0
synthetic,0.0,900258,anime,0.0,0.3,0.0,0.0,0.0,0.0,3,10,0.9,0.1
synthetic,0.05,900258,anime,0.0,0.3,0.0,0.0,0.0,0.0,3,11,0.9,0.1
synthetic,0.1,900258,anime,0.0,0.3,0.0,0.0,0.0,0.0,2,11,1.0,0.0
synthetic,0.15,900258,anime,0.0,0.3,0.0,0.0,0.0,0.0,2,11,1.0,0.0
synthetic,0.2,900258,anime,0.0,0.3,0.0,0.0,0.0,0.0,2,11,1.0,0.0
synthetic,0.3,900258,anime,0.0,0.3,0.0,0.0,0.0,0.0,2,11,1.0,0.0
synthetic,0.4,900258,anime,0.0,0.3,0.0,0.0,0.0,0.0,2,11,1.0,0.0
synthetic,0.5,900258,anime,0.0,0.3,0.0,0.0,0.0,0.0,1,11,1.0,0.0
synthetic,0.0,900259,hollywood,0.0,0.5,0.0,0.0,0.0,0.0,3,13,0.7,0.3
synthetic,0.05,900259,hollywood,0.0,0.5,0.0,0.0,0.0,0.0,3,13,0.8,0.2
synthetic,0.1,900259,hollywood,0.0,0.5,0.0,0.0,0.0,0.0,3,13,0.8,0.2
synthetic,0.15,900259,hollywood,0.0,0.5,0.0,0.0,0.0,0.0,2,13,0.9,0.1
synthetic,0.2,900259,hollywood,0.0,0.5,0.0,0.0,0.0,0.0,1,11,1.0,0.0
synthetic,0.3,900259,hollywood,0.0,0.5,0.0,0.0,0.0,0.0,1,11,1.0,0.0
synthetic,0.4,900259,hollywood,0.0,0.5,0.0,0.0,0.0,0.0,1,11,1.0,0.0
synthetic,0.5,900259,hollywood,0.0,0.5,0.0,0.0,0.0,0.0,1,10,1.0,0.0
synthetic,0.0,900260,anime,0.2,0.6,0.3333,1.0,0.5,0.3212,2,9,1.0,0.0
synthetic,0.05,900260,anime,0.2,0.6,0.3333,1.0,0.5,0.3212,2,9,1.0,0.0
synthetic,0.1,900260,anime,0.2,0.6,0.3333,1.0,0.5,0.3212,2,9,1.0,0.0
synthetic,0.15,900260,anime,0.3,0.6,0.5,1.0,0.5,0.4123,2,9,1.0,0.0
synthetic,0.2,900260,anime,0.3,0.6,0.5,1.0,0.3333,0.3771,1,9,1.0,0.0
synthetic,0.3,900260,anime,0.3,0.6,0.5,1.0,0.3333,0.3771,1,9,1.0,0.0
synthetic,0.4,900260,anime,0.3,0.6,0.5,1.0,0.3333,0.3727,1,9,1.0,0.0
synthetic,0.5,900260,anime,0.3,0.6,0.5,1.0,0.3333,0.3595,1,9,1.0,0.0
synthetic,0.0,900261,bollywood,0.1,0.4,0.25,1.0,0.1,0.1128,2,10,0.9,0.1
synthetic,0.05,900261,bollywood,0.1,0.4,0.25,1.0,0.1111,0.1175,1,8,1.0,0.0
synthetic,0.1,900261,bollywood,0.1,0.4,0.25,1.0,0.1111,0.1175,1,8,1.0,0.0
synthetic,0.15,900261,bollywood,0.1,0.4,0.25,1.0,0.1,0.1128,2,9,1.0,0.0
synthetic,0.2,900261,bollywood,0.1,0.4,0.25,1.0,0.1,0.1128,2,9,1.0,0.0
synthetic,0.3,900261,bollywood,0.1,0.4,0.25,1.0,0.1,0.1128,2,10,1.0,0.0
synthetic,0.4,900261,bollywood,0.1,0.4,0.25,1.0,0.25,0.1681,2,10,1.0,0.0
synthetic,0.5,900261,bollywood,0.1,0.4,0.25,1.0,0.3333,0.1952,2,12,1.0,0.0
synthetic,0.0,900262,anime,0.1,0.3,0.3333,1.0,0.3333,0.2346,2,10,1.0,0.0
synthetic,0.05,900262,anime,0.1,0.3,0.3333,1.0,0.3333,0.2346,2,10,1.0,0.0
synthetic,0.1,900262,anime,0.2,0.3,0.6667,1.0,0.3333,0.3703,2,10,1.0,0.0
synthetic,0.15,900262,anime,0.2,0.3,0.6667,1.0,0.3333,0.3759,2,10,1.0,0.0
synthetic,0.2,900262,anime,0.2,0.3,0.6667,1.0,0.3333,0.3827,2,10,1.0,0.0
synthetic,0.3,900262,anime,0.2,0.3,0.6667,1.0,0.3333,0.4162,2,10,1.0,0.0
synthetic,0.4,900262,anime,0.2,0.3,0.6667,1.0,0.3333,0.4367,2,10,1.0,0.0
synthetic,0.5,900262,anime,0.2,0.3,0.6667,1.0,0.5,0.5307,2,11,1.0,0.0
synthetic,0.0,900263,bollywood,0.1,0.8,0.125,1.0,0.5,0.1596,1,9,0.9,0.1
synthetic,0.05,900263,bollywood,0.1,0.8,0.125,1.0,0.5,0.1596,1,9,0.9,0.1
synthetic,0.1,900263,bollywood,0.1,0.8,0.125,1.0,0.5,0.1596,1,9,1.0,0.0
synthetic,0.15,900263,bollywood,0.1,0.8,0.125,1.0,0.5,0.1596,1,9,1.0,0.0
synthetic,0.2,900263,bollywood,0.1,0.8,0.125,1.0,0.5,0.1596,1,9,1.0,0.0
synthetic,0.3,900263,bollywood,0.1,0.8,0.125,1.0,0.5,0.1596,1,9,1.0,0.0
synthetic,0.4,900263,bollywood,0.2,0.8,0.25,1.0,0.5,0.2327,2,11,1.0,0.0
synthetic,0.5,900263,bollywood,0.2,0.8,0.25,1.0,0.5,0.2861,2,11,1.0,0.0
synthetic,0.0,900264,hollywood,0.0,0.2,0.0,0.0,0.0,0.0,1,6,1.0,0.0
synthetic,0.05,900264,hollywood,0.0,0.2,0.0,0.0,0.0,0.0,1,6,1.0,0.0
synthetic,0.1,900264,hollywood,0.0,0.2,0.0,0.0,0.0,0.0,1,6,1.0,0.0
synthetic,0.15,900264,hollywood,0.0,0.2,0.0,0.0,0.0,0.0,1,6,1.0,0.0
synthetic,0.2,900264,hollywood,0.0,0.2,0.0,0.0,0.0,0.0,1,6,1.0,0.0
synthetic,0.3,900264,hollywood,0.0,0.2,0.0,0.0,0.0,0.0,1,6,1.0,0.0
synthetic,0.4,900264,hollywood,0.0,0.2,0.0,0.0,0.0,0.0,1,6,1.0,0.0
synthetic,0.5,900264,hollywood,0.0,0.2,0.0,0.0,0.0,0.0,1,8,1.0,0.0
synthetic,0.0,900265,hollywood,0.0,0.3,0.0,0.0,0.0,0.0,4,6,0.7,0.3
synthetic,0.05,900265,hollywood,0.0,0.3,0.0,0.0,0.0,0.0,1,7,1.0,0.0
synthetic,0.1,900265,hollywood,0.0,0.3,0.0,0.0,0.0,0.0,1,7,1.0,0.0
synthetic,0.15,900265,hollywood,0.0,0.3,0.0,0.0,0.0,0.0,1,7,1.0,0.0
synthetic,0.2,900265,hollywood,0.0,0.3,0.0,0.0,0.0,0.0,1,7,1.0,0.0
synthetic,0.3,900265,hollywood,0.0,0.3,0.0,0.0,0.0,0.0,1,7,1.0,0.0
synthetic,0.4,900265,hollywood,0.0,0.3,0.0,0.0,0.0,0.0,1,7,1.0,0.0
synthetic,0.5,900265,hollywood,0.0,0.3,0.0,0.0,0.0,0.0,1,7,1.0,0.0
synthetic,0.0,900266,anime,0.2,0.5,0.4,1.0,1.0,0.5531,2,12,1.0,0.0
synthetic,0.05,900266,anime,0.2,0.5,0.4,1.0,1.0,0.4852,2,12,1.0,0.0
synthetic,0.1,900266,anime,0.3,0.5,0.6,1.0,1.0,0.5833,2,12,1.0,0.0
synthetic,0.15,900266,anime,0.3,0.5,0.6,1.0,1.0,0.5774,2,12,1.0,0.0
synthetic,0.2,900266,anime,0.3,0.5,0.6,1.0,1.0,0.573,2,12,1.0,0.0
synthetic,0.3,900266,anime,0.2,0.5,0.4,1.0,1.0,0.4704,2,13,1.0,0.0
synthetic,0.4,900266,anime,0.2,0.5,0.4,1.0,1.0,0.4852,1,12,1.0,0.0
synthetic,0.5,900266,anime,0.2,0.5,0.4,1.0,0.5,0.3836,1,11,1.0,0.0
synthetic,0.0,900267,bollywood,0.0,0.5,0.0,0.0,0.0,0.0,5,9,0.7,0.3
synthetic,0.05,900267,bollywood,0.0,0.5,0.0,0.0,0.0,0.0,4,9,0.8,0.2
synthetic,0.1,900267,bollywood,0.0,0.5,0.0,0.0,0.0,0.0,3,11,0.9,0.1
synthetic,0.15,900267,bollywood,0.0,0.5,0.0,0.0,0.0,0.0,3,14,0.9,0.1
synthetic,0.2,900267,bollywood,0.0,0.5,0.0,0.0,0.0,0.0,2,12,1.0,0.0
synthetic,0.3,900267,bollywood,0.0,0.5,0.0,0.0,0.0,0.0,2,12,1.0,0.0
synthetic,0.4,900267,bollywood,0.0,0.5,0.0,0.0,0.0,0.0,2,12,1.0,0.0
synthetic,0.5,900267,bollywood,0.1,0.5,0.2,1.0,0.1,0.098,2,12,1.0,0.0
synthetic,0.0,900268,bollywood,0.0,0.5,0.0,0.0,0.0,0.0,1,9,1.0,0.0
synthetic,0.05,900268,bollywood,0.0,0.5,0.0,0.0,0.0,0.0,1,9,1.0,0.0
synthetic,0.1,900268,bollywood,0.0,0.5,0.0,0.0,0.0,0.0,1,9,1.0,0.0
synthetic,0.15,900268,bollywood,0.0,0.5,0.0,0.0,0.0,0.0,1,9,1.0,0.0
synthetic,0.2,900268,bollywood,0.0,0.5,0.0,0.0,0.0,0.0,1,9,1.0,0.0
synthetic,0.3,900268,bollywood,0.0,0.5,0.0,0.0,0.0,0.0,1,9,1.0,0.0
synthetic,0.4,900268,bollywood,0.0,0.5,0.0,0.0,0.0,0.0,1,7,1.0,0.0
synthetic,0.5,900268,bollywood,0.0,0.5,0.0,0.0,0.0,0.0,2,9,1.0,0.0
synthetic,0.0,900269,bollywood,0.0,0.4,0.0,0.0,0.0,0.0,1,10,1.0,0.0
synthetic,0.05,900269,bollywood,0.0,0.4,0.0,0.0,0.0,0.0,1,10,1.0,0.0
synthetic,0.1,900269,bollywood,0.0,0.4,0.0,0.0,0.0,0.0,1,10,1.0,0.0
synthetic,0.15,900269,bollywood,0.0,0.4,0.0,0.0,0.0,0.0,1,10,1.0,0.0
synthetic,0.2,900269,bollywood,0.0,0.4,0.0,0.0,0.0,0.0,1,10,1.0,0.0
synthetic,0.3,900269,bollywood,0.0,0.4,0.0,0.0,0.0,0.0,1,10,1.0,0.0
synthetic,0.4,900269,bollywood,0.0,0.4,0.0,0.0,0.0,0.0,2,11,1.0,0.0
synthetic,0.5,900269,bollywood,0.0,0.4,0.0,0.0,0.0,0.0,2,10,1.0,0.0
synthetic,0.0,900270,hollywood,0.0,0.4,0.0,0.0,0.0,0.0,1,7,1.0,0.0
synthetic,0.05,900270,hollywood,0.0,0.4,0.0,0.0,0.0,0.0,1,7,1.0,0.0
synthetic,0.1,900270,hollywood,0.0,0.4,0.0,0.0,0.0,0.0,1,7,1.0,0.0
synthetic,0.15,900270,hollywood,0.0,0.4,0.0,0.0,0.0,0.0,1,7,1.0,0.0
synthetic,0.2,900270,hollywood,0.0,0.4,0.0,0.0,0.0,0.0,1,7,1.0,0.0
synthetic,0.3,900270,hollywood,0.0,0.4,0.0,0.0,0.0,0.0,1,8,1.0,0.0
synthetic,0.4,900270,hollywood,0.0,0.4,0.0,0.0,0.0,0.0,1,8,1.0,0.0
synthetic,0.5,900270,hollywood,0.0,0.4,0.0,0.0,0.0,0.0,1,8,1.0,0.0
synthetic,0.0,900271,bollywood,0.0,0.6,0.0,0.0,0.0,0.0,1,10,1.0,0.0
synthetic,0.05,900271,bollywood,0.0,0.6,0.0,0.0,0.0,0.0,1,10,1.0,0.0
synthetic,0.1,900271,bollywood,0.0,0.6,0.0,0.0,0.0,0.0,1,10,1.0,0.0
synthetic,0.15,900271,bollywood,0.0,0.6,0.0,0.0,0.0,0.0,1,10,1.0,0.0
synthetic,0.2,900271,bollywood,0.0,0.6,0.0,0.0,0.0,0.0,1,10,1.0,0.0
synthetic,0.3,900271,bollywood,0.0,0.6,0.0,0.0,0.0,0.0,1,10,1.0,0.0
synthetic,0.4,900271,bollywood,0.0,0.6,0.0,0.0,0.0,0.0,1,10,1.0,0.0
synthetic,0.5,900271,bollywood,0.0,0.6,0.0,0.0,0.0,0.0,1,10,1.0,0.0
synthetic,0.0,900272,bollywood,0.0,0.2,0.0,0.0,0.0,0.0,2,11,0.9,0.1
synthetic,0.05,900272,bollywood,0.0,0.2,0.0,0.0,0.0,0.0,2,11,1.0,0.0
synthetic,0.1,900272,bollywood,0.0,0.2,0.0,0.0,0.0,0.0,2,11,1.0,0.0
synthetic,0.15,900272,bollywood,0.0,0.2,0.0,0.0,0.0,0.0,2,11,1.0,0.0
synthetic,0.2,900272,bollywood,0.0,0.2,0.0,0.0,0.0,0.0,2,11,1.0,0.0
synthetic,0.3,900272,bollywood,0.0,0.2,0.0,0.0,0.0,0.0,2,9,1.0,0.0
synthetic,0.4,900272,bollywood,0.0,0.2,0.0,0.0,0.0,0.0,2,9,1.0,0.0
synthetic,0.5,900272,bollywood,0.0,0.2,0.0,0.0,0.0,0.0,2,10,1.0,0.0
synthetic,0.0,900273,anime,0.2,0.4,0.5,1.0,0.3333,0.3183,3,9,0.9,0.1
synthetic,0.05,900273,anime,0.2,0.4,0.5,1.0,0.3333,0.3253,3,9,0.9,0.1
synthetic,0.1,900273,anime,0.2,0.4,0.5,1.0,0.3333,0.3342,3,10,0.9,0.1
synthetic,0.15,900273,anime,0.2,0.4,0.5,1.0,0.3333,0.3462,2,9,1.0,0.0
synthetic,0.2,900273,anime,0.2,0.4,0.5,1.0,0.3333,0.3462,2,8,1.0,0.0
synthetic,0.3,900273,anime,0.2,0.4,0.5,1.0,0.3333,0.3462,1,9,1.0,0.0
synthetic,0.4,900273,anime,0.2,0.4,0.5,1.0,0.5,0.3764,1,10,1.0,0.0
synthetic,0.5,900273,anime,0.2,0.4,0.5,1.0,1.0,0.5032,1,10,1.0,0.0
synthetic,0.0,900274,hollywood,0.0,0.3,0.0,0.0,0.0,0.0,1,11,1.0,0.0
synthetic,0.05,900274,hollywood,0.0,0.3,0.0,0.0,0.0,0.0,1,11,1.0,0.0
synthetic,0.1,900274,hollywood,0.0,0.3,0.0,0.0,0.0,0.0,1,11,1.0,0.0
synthetic,0.15,900274,hollywood,0.0,0.3,0.0,0.0,0.0,0.0,1,11,1.0,0.0
synthetic,0.2,900274,hollywood,0.0,0.3,0.0,0.0,0.0,0.0,1,11,1.0,0.0
synthetic,0.3,900274,hollywood,0.0,0.3,0.0,0.0,0.0,0.0,1,11,1.0,0.0
synthetic,0.4,900274,hollywood,0.0,0.3,0.0,0.0,0.0,0.0,1,11,1.0,0.0
synthetic,0.5,900274,hollywood,0.0,0.3,0.0,0.0,0.0,0.0,1,11,1.0,0.0
synthetic,0.0,900275,anime,0.1,0.5,0.2,1.0,0.3333,0.1696,2,12,1.0,0.0
synthetic,0.05,900275,anime,0.1,0.5,0.2,1.0,0.3333,0.1696,2,12,1.0,0.0
synthetic,0.1,900275,anime,0.1,0.5,0.2,1.0,0.3333,0.1696,2,12,1.0,0.0
synthetic,0.15,900275,anime,0.1,0.5,0.2,1.0,0.3333,0.1696,2,12,1.0,0.0
synthetic,0.2,900275,anime,0.1,0.5,0.2,1.0,0.3333,0.1696,2,12,1.0,0.0
synthetic,0.3,900275,anime,0.1,0.5,0.2,1.0,0.3333,0.1696,1,12,1.0,0.0
synthetic,0.4,900275,anime,0.1,0.5,0.2,1.0,0.3333,0.1696,1,12,1.0,0.0
synthetic,0.5,900275,anime,0.1,0.5,0.2,1.0,0.3333,0.1696,1,12,1.0,0.0
synthetic,0.0,900276,hollywood,0.0,0.5,0.0,0.0,0.0,0.0,1,5,1.0,0.0
synthetic,0.05,900276,hollywood,0.0,0.5,0.0,0.0,0.0,0.0,1,5,1.0,0.0
synthetic,0.1,900276,hollywood,0.0,0.5,0.0,0.0,0.0,0.0,1,5,1.0,0.0
synthetic,0.15,900276,hollywood,0.0,0.5,0.0,0.0,0.0,0.0,1,5,1.0,0.0
synthetic,0.2,900276,hollywood,0.0,0.5,0.0,0.0,0.0,0.0,1,5,1.0,0.0
synthetic,0.3,900276,hollywood,0.0,0.5,0.0,0.0,0.0,0.0,1,5,1.0,0.0
synthetic,0.4,900276,hollywood,0.0,0.5,0.0,0.0,0.0,0.0,1,5,1.0,0.0
synthetic,0.5,900276,hollywood,0.0,0.5,0.0,0.0,0.0,0.0,1,5,1.0,0.0
synthetic,0.0,900277,korean,0.1,0.4,0.25,1.0,0.5,0.2463,6,6,0.6,0.4
synthetic,0.05,900277,korean,0.1,0.4,0.25,1.0,0.5,0.2463,5,5,0.7,0.3
synthetic,0.1,900277,korean,0.1,0.4,0.25,1.0,0.5,0.2463,4,5,0.8,0.2
synthetic,0.15,900277,korean,0.1,0.4,0.25,1.0,1.0,0.3904,4,6,0.8,0.2
synthetic,0.2,900277,korean,0.1,0.4,0.25,1.0,1.0,0.3904,3,6,0.9,0.1
synthetic,0.3,900277,korean,0.1,0.4,0.25,1.0,1.0,0.3904,3,6,0.9,0.1
synthetic,0.4,900277,korean,0.1,0.4,0.25,1.0,1.0,0.3904,2,7,1.0,0.0
synthetic,0.5,900277,korean,0.1,0.4,0.25,1.0,1.0,0.3904,1,8,1.0,0.0
synthetic,0.0,900278,bollywood,0.0,0.6,0.0,0.0,0.0,0.0,1,6,1.0,0.0
synthetic,0.05,900278,bollywood,0.0,0.6,0.0,0.0,0.0,0.0,1,6,1.0,0.0
synthetic,0.1,900278,bollywood,0.0,0.6,0.0,0.0,0.0,0.0,1,6,1.0,0.0
synthetic,0.15,900278,bollywood,0.0,0.6,0.0,0.0,0.0,0.0,1,6,1.0,0.0
synthetic,0.2,900278,bollywood,0.0,0.6,0.0,0.0,0.0,0.0,1,6,1.0,0.0
synthetic,0.3,900278,bollywood,0.0,0.6,0.0,0.0,0.0,0.0,1,6,1.0,0.0
synthetic,0.4,900278,bollywood,0.0,0.6,0.0,0.0,0.0,0.0,2,8,1.0,0.0
synthetic,0.5,900278,bollywood,0.0,0.6,0.0,0.0,0.0,0.0,2,8,1.0,0.0
synthetic,0.0,900279,hollywood,0.0,0.3,0.0,0.0,0.0,0.0,3,11,0.8,0.2
synthetic,0.05,900279,hollywood,0.0,0.3,0.0,0.0,0.0,0.0,2,12,0.9,0.1
synthetic,0.1,900279,hollywood,0.0,0.3,0.0,0.0,0.0,0.0,2,12,0.9,0.1
synthetic,0.15,900279,hollywood,0.0,0.3,0.0,0.0,0.0,0.0,2,12,0.9,0.1
synthetic,0.2,900279,hollywood,0.0,0.3,0.0,0.0,0.0,0.0,2,12,0.9,0.1
synthetic,0.3,900279,hollywood,0.0,0.3,0.0,0.0,0.0,0.0,1,11,1.0,0.0
synthetic,0.4,900279,hollywood,0.0,0.3,0.0,0.0,0.0,0.0,1,12,1.0,0.0
synthetic,0.5,900279,hollywood,0.0,0.3,0.0,0.0,0.0,0.0,1,12,1.0,0.0
synthetic,0.0,900280,mixed,0.0,0.4,0.0,0.0,0.0,0.0,3,10,0.7,0.3
synthetic,0.05,900280,mixed,0.0,0.4,0.0,0.0,0.0,0.0,3,9,0.8,0.2
synthetic,0.1,900280,mixed,0.0,0.4,0.0,0.0,0.0,0.0,3,9,0.8,0.2
synthetic,0.15,900280,mixed,0.0,0.4,0.0,0.0,0.0,0.0,2,10,0.9,0.1
synthetic,0.2,900280,mixed,0.0,0.4,0.0,0.0,0.0,0.0,2,10,0.9,0.1
synthetic,0.3,900280,mixed,0.0,0.4,0.0,0.0,0.0,0.0,1,10,1.0,0.0
synthetic,0.4,900280,mixed,0.0,0.4,0.0,0.0,0.0,0.0,1,10,1.0,0.0
synthetic,0.5,900280,mixed,0.0,0.4,0.0,0.0,0.0,0.0,1,10,1.0,0.0
synthetic,0.0,900281,anime,0.3,0.7,0.4286,1.0,0.2,0.2774,2,11,1.0,0.0
synthetic,0.05,900281,anime,0.3,0.7,0.4286,1.0,0.2,0.2807,2,11,1.0,0.0
synthetic,0.1,900281,anime,0.3,0.7,0.4286,1.0,0.25,0.2967,2,12,1.0,0.0
synthetic,0.15,900281,anime,0.3,0.7,0.4286,1.0,0.25,0.2967,2,12,1.0,0.0
synthetic,0.2,900281,anime,0.2,0.7,0.2857,1.0,0.25,0.21,2,12,1.0,0.0
synthetic,0.3,900281,anime,0.2,0.7,0.2857,1.0,0.25,0.21,2,12,1.0,0.0
synthetic,0.4,900281,anime,0.2,0.7,0.2857,1.0,0.3333,0.2354,2,11,1.0,0.0
synthetic,0.5,900281,anime,0.2,0.7,0.2857,1.0,0.3333,0.2242,2,10,1.0,0.0
synthetic,0.0,900282,korean,0.2,0.5,0.4,1.0,0.5,0.312,5,9,0.7,0.3
synthetic,0.05,900282,korean,0.1,0.5,0.2,1.0,1.0,0.3392,4,9,0.8,0.2
synthetic,0.1,900282,korean,0.1,0.5,0.2,1.0,1.0,0.3392,3,9,0.9,0.1
synthetic,0.15,900282,korean,0.1,0.5,0.2,1.0,1.0,0.3392,3,9,0.9,0.1
synthetic,0.2,900282,korean,0.1,0.5,0.2,1.0,1.0,0.3392,2,9,1.0,0.0
synthetic,0.3,900282,korean,0.1,0.5,0.2,1.0,1.0,0.3392,2,10,1.0,0.0
synthetic,0.4,900282,korean,0.1,0.5,0.2,1.0,1.0,0.3392,2,9,1.0,0.0
synthetic,0.5,900282,korean,0.2,0.5,0.4,1.0,1.0,0.4372,2,8,1.0,0.0
synthetic,0.0,900283,hollywood,0.0,0.3,0.0,0.0,0.0,0.0,1,10,1.0,0.0
synthetic,0.05,900283,hollywood,0.0,0.3,0.0,0.0,0.0,0.0,1,10,1.0,0.0
synthetic,0.1,900283,hollywood,0.0,0.3,0.0,0.0,0.0,0.0,1,10,1.0,0.0
synthetic,0.15,900283,hollywood,0.0,0.3,0.0,0.0,0.0,0.0,1,10,1.0,0.0
synthetic,0.2,900283,hollywood,0.0,0.3,0.0,0.0,0.0,0.0,1,10,1.0,0.0
synthetic,0.3,900283,hollywood,0.0,0.3,0.0,0.0,0.0,0.0,1,10,1.0,0.0
synthetic,0.4,900283,hollywood,0.0,0.3,0.0,0.0,0.0,0.0,1,10,1.0,0.0
synthetic,0.5,900283,hollywood,0.0,0.3,0.0,0.0,0.0,0.0,1,11,1.0,0.0
synthetic,0.0,900284,hollywood,0.0,0.6,0.0,0.0,0.0,0.0,1,7,1.0,0.0
synthetic,0.05,900284,hollywood,0.0,0.6,0.0,0.0,0.0,0.0,1,7,1.0,0.0
synthetic,0.1,900284,hollywood,0.0,0.6,0.0,0.0,0.0,0.0,1,7,1.0,0.0
synthetic,0.15,900284,hollywood,0.0,0.6,0.0,0.0,0.0,0.0,1,7,1.0,0.0
synthetic,0.2,900284,hollywood,0.0,0.6,0.0,0.0,0.0,0.0,1,7,1.0,0.0
synthetic,0.3,900284,hollywood,0.0,0.6,0.0,0.0,0.0,0.0,1,7,1.0,0.0
synthetic,0.4,900284,hollywood,0.1,0.6,0.1667,1.0,0.1,0.0875,1,7,1.0,0.0
synthetic,0.5,900284,hollywood,0.1,0.6,0.1667,1.0,0.1111,0.0911,1,7,1.0,0.0
synthetic,0.0,900285,mixed,0.1,0.5,0.2,1.0,0.1,0.098,2,11,0.9,0.1
synthetic,0.05,900285,mixed,0.1,0.5,0.2,1.0,0.1,0.098,2,11,0.9,0.1
synthetic,0.1,900285,mixed,0.1,0.5,0.2,1.0,0.1111,0.1021,1,9,1.0,0.0
synthetic,0.15,900285,mixed,0.1,0.5,0.2,1.0,0.125,0.107,1,9,1.0,0.0
synthetic,0.2,900285,mixed,0.1,0.5,0.2,1.0,0.125,0.107,1,9,1.0,0.0
synthetic,0.3,900285,mixed,0.1,0.5,0.2,1.0,0.125,0.107,1,9,1.0,0.0
synthetic,0.4,900285,mixed,0.1,0.5,0.2,1.0,0.125,0.107,1,9,1.0,0.0
synthetic,0.5,900285,mixed,0.1,0.5,0.2,1.0,0.1429,0.1131,1,9,1.0,0.0
synthetic,0.0,900286,mixed,0.1,0.7,0.1429,1.0,0.3333,0.1374,4,7,0.4,0.6
synthetic,0.05,900286,mixed,0.1,0.7,0.1429,1.0,1.0,0.2749,4,7,0.5,0.5
synthetic,0.1,900286,mixed,0.1,0.7,0.1429,1.0,1.0,0.2749,4,7,0.6,0.4
synthetic,0.15,900286,mixed,0.1,0.7,0.1429,1.0,1.0,0.2749,3,7,0.8,0.2
synthetic,0.2,900286,mixed,0.1,0.7,0.1429,1.0,1.0,0.2749,3,7,0.8,0.2
synthetic,0.3,900286,mixed,0.1,0.7,0.1429,1.0,1.0,0.2749,1,7,1.0,0.0
synthetic,0.4,900286,mixed,0.1,0.7,0.1429,1.0,1.0,0.2749,1,7,1.0,0.0
synthetic,0.5,900286,mixed,0.1,0.7,0.1429,1.0,1.0,0.2749,1,7,1.0,0.0
synthetic,0.0,900287,anime,0.0,0.5,0.0,0.0,0.0,0.0,3,9,0.9,0.1
synthetic,0.05,900287,anime,0.0,0.5,0.0,0.0,0.0,0.0,2,9,1.0,0.0
synthetic,0.1,900287,anime,0.0,0.5,0.0,0.0,0.0,0.0,2,9,1.0,0.0
synthetic,0.15,900287,anime,0.0,0.5,0.0,0.0,0.0,0.0,2,9,1.0,0.0
synthetic,0.2,900287,anime,0.0,0.5,0.0,0.0,0.0,0.0,2,9,1.0,0.0
synthetic,0.3,900287,anime,0.0,0.5,0.0,0.0,0.0,0.0,2,8,1.0,0.0
synthetic,0.4,900287,anime,0.0,0.5,0.0,0.0,0.0,0.0,1,11,1.0,0.0
synthetic,0.5,900287,anime,0.1,0.5,0.2,1.0,0.1,0.098,1,12,1.0,0.0
synthetic,0.0,900288,korean,0.2,0.5,0.4,1.0,0.5,0.3836,4,11,0.9,0.1
synthetic,0.05,900288,korean,0.2,0.5,0.4,1.0,0.5,0.3836,4,11,0.9,0.1
synthetic,0.1,900288,korean,0.2,0.5,0.4,1.0,0.5,0.3836,3,11,1.0,0.0
synthetic,0.15,900288,korean,0.2,0.5,0.4,1.0,1.0,0.4852,3,12,1.0,0.0
synthetic,0.2,900288,korean,0.2,0.5,0.4,1.0,1.0,0.4852,3,13,1.0,0.0
synthetic,0.3,900288,korean,0.2,0.5,0.4,1.0,1.0,0.46,3,13,1.0,0.0
synthetic,0.4,900288,korean,0.1,0.5,0.2,1.0,1.0,0.3392,3,13,1.0,0.0
synthetic,0.5,900288,korean,0.1,0.5,0.2,1.0,1.0,0.3392,2,13,1.0,0.0
synthetic,0.0,900289,anime,0.1,0.3,0.3333,1.0,0.2,0.1815,2,9,1.0,0.0
synthetic,0.05,900289,anime,0.1,0.3,0.3333,1.0,0.25,0.2021,2,10,1.0,0.0
synthetic,0.1,900289,anime,0.1,0.3,0.3333,1.0,0.25,0.2021,2,9,1.0,0.0
synthetic,0.15,900289,anime,0.1,0.3,0.3333,1.0,0.25,0.2021,2,9,1.0,0.0
synthetic,0.2,900289,anime,0.1,0.3,0.3333,1.0,0.25,0.2021,2,8,1.0,0.0
synthetic,0.3,900289,anime,0.1,0.3,0.3333,1.0,0.25,0.2021,2,9,1.0,0.0
synthetic,0.4,900289,anime,0.1,0.3,0.3333,1.0,0.3333,0.2346,2,10,1.0,0.0
synthetic,0.5,900289,anime,0.1,0.3,0.3333,1.0,1.0,0.4693,2,9,1.0,0.0
synthetic,0.0,900290,korean,0.1,0.7,0.1429,1.0,0.3333,0.1374,3,8,0.7,0.3
synthetic,0.05,900290,korean,0.1,0.7,0.1429,1.0,0.5,0.1734,4,7,0.8,0.2
synthetic,0.1,900290,korean,0.1,0.7,0.1429,1.0,0.5,0.1734,4,7,0.8,0.2
synthetic,0.15,900290,korean,0.1,0.7,0.1429,1.0,0.5,0.1734,3,7,0.9,0.1
synthetic,0.2,900290,korean,0.1,0.7,0.1429,1.0,0.5,0.1734,2,7,1.0,0.0
synthetic,0.3,900290,korean,0.1,0.7,0.1429,1.0,0.3333,0.1374,2,8,1.0,0.0
synthetic,0.4,900290,korean,0.1,0.7,0.1429,1.0,0.2,0.1063,2,10,1.0,0.0
synthetic,0.5,900290,korean,0.0,0.7,0.0,0.0,0.0,0.0,2,10,1.0,0.0
synthetic,0.0,900291,hollywood,0.1,0.7,0.1429,1.0,0.3333,0.1374,2,6,0.7,0.3
synthetic,0.05,900291,hollywood,0.1,0.7,0.1429,1.0,0.5,0.1734,2,7,0.8,0.2
synthetic,0.1,900291,hollywood,0.1,0.7,0.1429,1.0,0.5,0.1734,1,7,1.0,0.0
synthetic,0.15,900291,hollywood,0.1,0.7,0.1429,1.0,0.5,0.1734,1,7,1.0,0.0
synthetic,0.2,900291,hollywood,0.1,0.7,0.1429,1.0,0.5,0.1734,1,7,1.0,0.0
synthetic,0.3,900291,hollywood,0.1,0.7,0.1429,1.0,0.5,0.1734,1,7,1.0,0.0
synthetic,0.4,900291,hollywood,0.1,0.7,0.1429,1.0,0.5,0.1734,1,7,1.0,0.0
synthetic,0.5,900291,hollywood,0.1,0.7,0.1429,1.0,0.5,0.1734,1,7,1.0,0.0
synthetic,0.0,900292,hollywood,0.1,0.4,0.25,1.0,0.125,0.1232,1,11,1.0,0.0
synthetic,0.05,900292,hollywood,0.1,0.4,0.25,1.0,0.125,0.1232,1,11,1.0,0.0
synthetic,0.1,900292,hollywood,0.1,0.4,0.25,1.0,0.125,0.1232,1,11,1.0,0.0
synthetic,0.15,900292,hollywood,0.1,0.4,0.25,1.0,0.125,0.1232,1,11,1.0,0.0
synthetic,0.2,900292,hollywood,0.1,0.4,0.25,1.0,0.125,0.1232,1,11,1.0,0.0
synthetic,0.3,900292,hollywood,0.1,0.4,0.25,1.0,0.125,0.1232,1,11,1.0,0.0
synthetic,0.4,900292,hollywood,0.1,0.4,0.25,1.0,0.1111,0.1175,1,11,1.0,0.0
synthetic,0.5,900292,hollywood,0.1,0.4,0.25,1.0,0.1111,0.1175,1,11,1.0,0.0
synthetic,0.0,900293,anime,0.0,0.3,0.0,0.0,0.0,0.0,2,10,1.0,0.0
synthetic,0.05,900293,anime,0.0,0.3,0.0,0.0,0.0,0.0,2,11,1.0,0.0
synthetic,0.1,900293,anime,0.0,0.3,0.0,0.0,0.0,0.0,2,11,1.0,0.0
synthetic,0.15,900293,anime,0.0,0.3,0.0,0.0,0.0,0.0,2,11,1.0,0.0
synthetic,0.2,900293,anime,0.0,0.3,0.0,0.0,0.0,0.0,2,11,1.0,0.0
synthetic,0.3,900293,anime,0.0,0.3,0.0,0.0,0.0,0.0,2,11,1.0,0.0
synthetic,0.4,900293,anime,0.1,0.3,0.3333,1.0,0.1429,0.1564,2,11,1.0,0.0
synthetic,0.5,900293,anime,0.1,0.3,0.3333,1.0,0.2,0.1815,2,10,1.0,0.0
synthetic,0.0,900294,bollywood,0.1,0.3,0.3333,1.0,0.5,0.2961,1,8,1.0,0.0
synthetic,0.05,900294,bollywood,0.1,0.3,0.3333,1.0,0.5,0.2961,1,8,1.0,0.0
synthetic,0.1,900294,bollywood,0.1,0.3,0.3333,1.0,0.5,0.2961,1,8,1.0,0.0
synthetic,0.15,900294,bollywood,0.1,0.3,0.3333,1.0,0.5,0.2961,1,8,1.0,0.0
synthetic,0.2,900294,bollywood,0.1,0.3,0.3333,1.0,0.5,0.2961,1,7,1.0,0.0
synthetic,0.3,900294,bollywood,0.1,0.3,0.3333,1.0,0.5,0.2961,1,7,1.0,0.0
synthetic,0.4,900294,bollywood,0.1,0.3,0.3333,1.0,0.5,0.2961,1,7,1.0,0.0
synthetic,0.5,900294,bollywood,0.1,0.3,0.3333,1.0,0.5,0.2961,1,7,1.0,0.0
synthetic,0.0,900295,hollywood,0.1,0.6,0.1667,1.0,0.1,0.0875,2,13,0.8,0.2
synthetic,0.05,900295,hollywood,0.1,0.6,0.1667,1.0,0.1111,0.0911,2,13,0.8,0.2
synthetic,0.1,900295,hollywood,0.1,0.6,0.1667,1.0,0.125,0.0955,2,13,0.9,0.1
synthetic,0.15,900295,hollywood,0.1,0.6,0.1667,1.0,0.125,0.0955,1,7,1.0,0.0
synthetic,0.2,900295,hollywood,0.1,0.6,0.1667,1.0,0.125,0.0955,1,7,1.0,0.0
synthetic,0.3,900295,hollywood,0.1,0.6,0.1667,1.0,0.125,0.0955,1,7,1.0,0.0
synthetic,0.4,900295,hollywood,0.1,0.6,0.1667,1.0,0.125,0.0955,1,7,1.0,0.0
synthetic,0.5,900295,hollywood,0.1,0.6,0.1667,1.0,0.125,0.0955,1,7,1.0,0.0
synthetic,0.0,900296,hollywood,0.2,0.4,0.5,1.0,0.1667,0.2622,1,9,1.0,0.0
synthetic,0.05,900296,hollywood,0.2,0.4,0.5,1.0,0.1667,0.2622,1,9,1.0,0.0
synthetic,0.1,900296,hollywood,0.2,0.4,0.5,1.0,0.1667,0.2622,1,9,1.0,0.0
synthetic,0.15,900296,hollywood,0.2,0.4,0.5,1.0,0.1667,0.2622,1,9,1.0,0.0
synthetic,0.2,900296,hollywood,0.2,0.4,0.5,1.0,0.1667,0.2622,1,9,1.0,0.0
synthetic,0.3,900296,hollywood,0.2,0.4,0.5,1.0,0.2,0.2742,1,9,1.0,0.0
synthetic,0.4,900296,hollywood,0.2,0.4,0.5,1.0,0.25,0.2913,1,9,1.0,0.0
synthetic,0.5,900296,hollywood,0.2,0.4,0.5,1.0,0.25,0.2913,1,9,1.0,0.0
synthetic,0.0,900297,anime,0.1,0.8,0.125,1.0,0.3333,0.1265,3,12,0.9,0.1
synthetic,0.05,900297,anime,0.1,0.8,0.125,1.0,0.5,0.1596,2,11,0.9,0.1
synthetic,0.1,900297,anime,0.1,0.8,0.125,1.0,0.5,0.1596,2,12,0.9,0.1
synthetic,0.15,900297,anime,0.1,0.8,0.125,1.0,0.5,0.1596,1,12,1.0,0.0
synthetic,0.2,900297,anime,0.1,0.8,0.125,1.0,0.5,0.1596,1,12,1.0,0.0
synthetic,0.3,900297,anime,0.1,0.8,0.125,1.0,0.5,0.1596,1,11,1.0,0.0
synthetic,0.4,900297,anime,0.3,0.8,0.375,1.0,0.5,0.3088,1,11,1.0,0.0
synthetic,0.5,900297,anime,0.3,0.8,0.375,1.0,0.3333,0.2906,1,11,1.0,0.0
synthetic,0.0,900298,bollywood,0.0,0.5,0.0,0.0,0.0,0.0,1,8,1.0,0.0
synthetic,0.05,900298,bollywood,0.0,0.5,0.0,0.0,0.0,0.0,1,8,1.0,0.0
synthetic,0.1,900298,bollywood,0.0,0.5,0.0,0.0,0.0,0.0,1,8,1.0,0.0
synthetic,0.15,900298,bollywood,0.0,0.5,0.0,0.0,0.0,0.0,1,8,1.0,0.0
synthetic,0.2,900298,bollywood,0.0,0.5,0.0,0.0,0.0,0.0,1,8,1.0,0.0
synthetic,0.3,900298,bollywood,0.0,0.5,0.0,0.0,0.0,0.0,2,8,1.0,0.0
synthetic,0.4,900298,bollywood,0.0,0.5,0.0,0.0,0.0,0.0,2,8,1.0,0.0
synthetic,0.5,900298,bollywood,0.0,0.5,0.0,0.0,0.0,0.0,2,8,1.0,0.0
synthetic,0.0,900299,korean,0.1,0.5,0.2,1.0,0.125,0.107,6,5,0.6,0.4
synthetic,0.05,900299,korean,0.0,0.5,0.0,0.0,0.0,0.0,5,5,0.7,0.3
synthetic,0.1,900299,korean,0.0,0.5,0.0,0.0,0.0,0.0,3,4,0.9,0.1
synthetic,0.15,900299,korean,0.0,0.5,0.0,0.0,0.0,0.0,2,5,1.0,0.0
synthetic,0.2,900299,korean,0.0,0.5,0.0,0.0,0.0,0.0,2,4,1.0,0.0
synthetic,0.3,900299,korean,0.0,0.5,0.0,0.0,0.0,0.0,2,4,1.0,0.0
synthetic,0.4,900299,korean,0.0,0.5,0.0,0.0,0.0,0.0,2,6,1.0,0.0
synthetic,0.5,900299,korean,0.0,0.5,0.0,0.0,0.0,0.0,1,7,1.0,0.0
synthetic,0.0,900300,bollywood,0.0,0.3,0.0,0.0,0.0,0.0,1,9,1.0,0.0
synthetic,0.05,900300,bollywood,0.0,0.3,0.0,0.0,0.0,0.0,1,9,1.0,0.0
synthetic,0.1,900300,bollywood,0.0,0.3,0.0,0.0,0.0,0.0,1,9,1.0,0.0
synthetic,0.15,900300,bollywood,0.0,0.3,0.0,0.0,0.0,0.0,1,9,1.0,0.0
synthetic,0.2,900300,bollywood,0.0,0.3,0.0,0.0,0.0,0.0,1,9,1.0,0.0
synthetic,0.3,900300,bollywood,0.0,0.3,0.0,0.0,0.0,0.0,2,9,1.0,0.0
synthetic,0.4,900300,bollywood,0.0,0.3,0.0,0.0,0.0,0.0,2,11,1.0,0.0
synthetic,0.5,900300,bollywood,0.0,0.3,0.0,0.0,0.0,0.0,2,11,1.0,0.0
synthetic,0.0,900301,hollywood,0.0,0.3,0.0,0.0,0.0,0.0,1,11,1.0,0.0
synthetic,0.05,900301,hollywood,0.0,0.3,0.0,0.0,0.0,0.0,1,11,1.0,0.0
synthetic,0.1,900301,hollywood,0.0,0.3,0.0,0.0,0.0,0.0,1,11,1.0,0.0
synthetic,0.15,900301,hollywood,0.0,0.3,0.0,0.0,0.0,0.0,1,8,1.0,0.0
synthetic,0.2,900301,hollywood,0.0,0.3,0.0,0.0,0.0,0.0,1,8,1.0,0.0
synthetic,0.3,900301,hollywood,0.0,0.3,0.0,0.0,0.0,0.0,1,7,1.0,0.0
synthetic,0.4,900301,hollywood,0.0,0.3,0.0,0.0,0.0,0.0,1,6,1.0,0.0
synthetic,0.5,900301,hollywood,0.0,0.3,0.0,0.0,0.0,0.0,1,6,1.0,0.0
synthetic,0.0,900302,bollywood,0.0,0.5,0.0,0.0,0.0,0.0,1,10,0.9,0.1
synthetic,0.05,900302,bollywood,0.0,0.5,0.0,0.0,0.0,0.0,2,8,1.0,0.0
synthetic,0.1,900302,bollywood,0.0,0.5,0.0,0.0,0.0,0.0,2,8,1.0,0.0
synthetic,0.15,900302,bollywood,0.0,0.5,0.0,0.0,0.0,0.0,2,8,1.0,0.0
synthetic,0.2,900302,bollywood,0.0,0.5,0.0,0.0,0.0,0.0,2,8,1.0,0.0
synthetic,0.3,900302,bollywood,0.0,0.5,0.0,0.0,0.0,0.0,2,7,1.0,0.0
synthetic,0.4,900302,bollywood,0.0,0.5,0.0,0.0,0.0,0.0,2,7,1.0,0.0
synthetic,0.5,900302,bollywood,0.1,0.5,0.2,1.0,0.1429,0.1131,2,7,1.0,0.0
synthetic,0.0,900303,bollywood,0.0,0.6,0.0,0.0,0.0,0.0,1,10,1.0,0.0
synthetic,0.05,900303,bollywood,0.0,0.6,0.0,0.0,0.0,0.0,1,10,1.0,0.0
synthetic,0.1,900303,bollywood,0.0,0.6,0.0,0.0,0.0,0.0,1,10,1.0,0.0
synthetic,0.15,900303,bollywood,0.0,0.6,0.0,0.0,0.0,0.0,1,10,1.0,0.0
synthetic,0.2,900303,bollywood,0.0,0.6,0.0,0.0,0.0,0.0,1,10,1.0,0.0
synthetic,0.3,900303,bollywood,0.0,0.6,0.0,0.0,0.0,0.0,1,10,1.0,0.0
synthetic,0.4,900303,bollywood,0.0,0.6,0.0,0.0,0.0,0.0,2,11,1.0,0.0
synthetic,0.5,900303,bollywood,0.0,0.6,0.0,0.0,0.0,0.0,2,11,1.0,0.0
synthetic,0.0,900304,korean,0.0,0.6,0.0,0.0,0.0,0.0,3,5,0.8,0.2
synthetic,0.05,900304,korean,0.0,0.6,0.0,0.0,0.0,0.0,3,5,0.9,0.1
synthetic,0.1,900304,korean,0.0,0.6,0.0,0.0,0.0,0.0,2,5,1.0,0.0
synthetic,0.15,900304,korean,0.0,0.6,0.0,0.0,0.0,0.0,2,5,1.0,0.0
synthetic,0.2,900304,korean,0.0,0.6,0.0,0.0,0.0,0.0,2,5,1.0,0.0
synthetic,0.3,900304,korean,0.0,0.6,0.0,0.0,0.0,0.0,2,5,1.0,0.0
synthetic,0.4,900304,korean,0.0,0.6,0.0,0.0,0.0,0.0,2,5,1.0,0.0
synthetic,0.5,900304,korean,0.1,0.6,0.1667,1.0,0.1667,0.1078,2,7,1.0,0.0
synthetic,0.0,900305,hollywood,0.0,0.3,0.0,0.0,0.0,0.0,2,10,0.9,0.1
synthetic,0.05,900305,hollywood,0.0,0.3,0.0,0.0,0.0,0.0,1,10,1.0,0.0
synthetic,0.1,900305,hollywood,0.0,0.3,0.0,0.0,0.0,0.0,1,10,1.0,0.0
synthetic,0.15,900305,hollywood,0.0,0.3,0.0,0.0,0.0,0.0,1,10,1.0,0.0
synthetic,0.2,900305,hollywood,0.0,0.3,0.0,0.0,0.0,0.0,1,10,1.0,0.0
synthetic,0.3,900305,hollywood,0.0,0.3,0.0,0.0,0.0,0.0,1,10,1.0,0.0
synthetic,0.4,900305,hollywood,0.0,0.3,0.0,0.0,0.0,0.0,1,10,1.0,0.0
synthetic,0.5,900305,hollywood,0.0,0.3,0.0,0.0,0.0,0.0,1,10,1.0,0.0
synthetic,0.0,900306,mixed,0.1,0.2,0.5,1.0,0.5,0.3869,4,10,0.6,0.4
synthetic,0.05,900306,mixed,0.1,0.2,0.5,1.0,0.5,0.3869,3,9,0.8,0.2
synthetic,0.1,900306,mixed,0.1,0.2,0.5,1.0,0.5,0.3869,2,9,0.9,0.1
synthetic,0.15,900306,mixed,0.1,0.2,0.5,1.0,0.5,0.3869,1,9,1.0,0.0
synthetic,0.2,900306,mixed,0.1,0.2,0.5,1.0,0.5,0.3869,1,9,1.0,0.0
synthetic,0.3,900306,mixed,0.1,0.2,0.5,1.0,0.5,0.3869,1,9,1.0,0.0
synthetic,0.4,900306,mixed,0.1,0.2,0.5,1.0,0.5,0.3869,1,9,1.0,0.0
synthetic,0.5,900306,mixed,0.1,0.2,0.5,1.0,0.5,0.3869,1,9,1.0,0.0
synthetic,0.0,900307,korean,0.1,0.4,0.25,1.0,0.125,0.1232,3,7,0.8,0.2
synthetic,0.05,900307,korean,0.1,0.4,0.25,1.0,0.1429,0.1301,3,7,0.8,0.2
synthetic,0.1,900307,korean,0.1,0.4,0.25,1.0,0.1667,0.1391,2,7,0.9,0.1
synthetic,0.15,900307,korean,0.1,0.4,0.25,1.0,0.2,0.151,1,7,1.0,0.0
synthetic,0.2,900307,korean,0.1,0.4,0.25,1.0,0.2,0.151,1,7,1.0,0.0
synthetic,0.3,900307,korean,0.1,0.4,0.25,1.0,0.2,0.151,1,7,1.0,0.0
synthetic,0.4,900307,korean,0.1,0.4,0.25,1.0,0.25,0.1681,1,7,1.0,0.0
synthetic,0.5,900307,korean,0.1,0.4,0.25,1.0,0.25,0.1681,1,7,1.0,0.0
synthetic,0.0,900308,bollywood,0.0,0.3,0.0,0.0,0.0,0.0,1,8,1.0,0.0
synthetic,0.05,900308,bollywood,0.0,0.3,0.0,0.0,0.0,0.0,1,8,1.0,0.0
synthetic,0.1,900308,bollywood,0.0,0.3,0.0,0.0,0.0,0.0,1,8,1.0,0.0
synthetic,0.15,900308,bollywood,0.0,0.3,0.0,0.0,0.0,0.0,1,8,1.0,0.0
synthetic,0.2,900308,bollywood,0.0,0.3,0.0,0.0,0.0,0.0,1,8,1.0,0.0
synthetic,0.3,900308,bollywood,0.0,0.3,0.0,0.0,0.0,0.0,1,7,1.0,0.0
synthetic,0.4,900308,bollywood,0.0,0.3,0.0,0.0,0.0,0.0,2,9,1.0,0.0
synthetic,0.5,900308,bollywood,0.0,0.3,0.0,0.0,0.0,0.0,2,10,1.0,0.0
synthetic,0.0,900309,hollywood,0.1,0.3,0.3333,1.0,0.25,0.2021,1,9,1.0,0.0
synthetic,0.05,900309,hollywood,0.1,0.3,0.3333,1.0,0.25,0.2021,1,9,1.0,0.0
synthetic,0.1,900309,hollywood,0.1,0.3,0.3333,1.0,0.25,0.2021,1,9,1.0,0.0
synthetic,0.15,900309,hollywood,0.1,0.3,0.3333,1.0,0.25,0.2021,1,9,1.0,0.0
synthetic,0.2,900309,hollywood,0.1,0.3,0.3333,1.0,0.25,0.2021,1,9,1.0,0.0
synthetic,0.3,900309,hollywood,0.1,0.3,0.3333,1.0,0.25,0.2021,1,9,1.0,0.0
synthetic,0.4,900309,hollywood,0.1,0.3,0.3333,1.0,0.25,0.2021,1,9,1.0,0.0
synthetic,0.5,900309,hollywood,0.1,0.3,0.3333,1.0,0.3333,0.2346,1,9,1.0,0.0
synthetic,0.0,900310,bollywood,0.1,0.6,0.1667,1.0,0.25,0.1303,2,8,0.9,0.1
synthetic,0.05,900310,bollywood,0.1,0.6,0.1667,1.0,0.25,0.1303,2,8,0.9,0.1
synthetic,0.1,900310,bollywood,0.1,0.6,0.1667,1.0,0.25,0.1303,2,8,0.9,0.1
synthetic,0.15,900310,bollywood,0.1,0.6,0.1667,1.0,0.2,0.1171,2,8,0.9,0.1
synthetic,0.2,900310,bollywood,0.1,0.6,0.1667,1.0,0.2,0.1171,1,9,1.0,0.0
synthetic,0.3,900310,bollywood,0.1,0.6,0.1667,1.0,0.1667,0.1078,2,9,1.0,0.0
synthetic,0.4,900310,bollywood,0.1,0.6,0.1667,1.0,0.1111,0.0911,2,9,1.0,0.0
synthetic,0.5,900310,bollywood,0.1,0.6,0.1667,1.0,0.1667,0.1078,2,9,1.0,0.0
synthetic,0.0,900311,bollywood,0.0,0.5,0.0,0.0,0.0,0.0,2,10,0.9,0.1
synthetic,0.05,900311,bollywood,0.0,0.5,0.0,0.0,0.0,0.0,2,10,0.9,0.1
synthetic,0.1,900311,bollywood,0.0,0.5,0.0,0.0,0.0,0.0,2,10,0.9,0.1
synthetic,0.15,900311,bollywood,0.0,0.5,0.0,0.0,0.0,0.0,1,10,1.0,0.0
synthetic,0.2,900311,bollywood,0.0,0.5,0.0,0.0,0.0,0.0,1,10,1.0,0.0
synthetic,0.3,900311,bollywood,0.0,0.5,0.0,0.0,0.0,0.0,2,10,1.0,0.0
synthetic,0.4,900311,bollywood,0.0,0.5,0.0,0.0,0.0,0.0,2,10,1.0,0.0
synthetic,0.5,900311,bollywood,0.0,0.5,0.0,0.0,0.0,0.0,2,11,1.0,0.0
synthetic,0.0,900312,mixed,0.0,0.3,0.0,0.0,0.0,0.0,5,9,0.6,0.4
synthetic,0.05,900312,mixed,0.0,0.3,0.0,0.0,0.0,0.0,2,8,0.9,0.1
synthetic,0.1,900312,mixed,0.0,0.3,0.0,0.0,0.0,0.0,2,8,0.9,0.1
synthetic,0.15,900312,mixed,0.0,0.3,0.0,0.0,0.0,0.0,1,8,1.0,0.0
synthetic,0.2,900312,mixed,0.0,0.3,0.0,0.0,0.0,0.0,1,8,1.0,0.0
synthetic,0.3,900312,mixed,0.0,0.3,0.0,0.0,0.0,0.0,1,8,1.0,0.0
synthetic,0.4,900312,mixed,0.0,0.3,0.0,0.0,0.0,0.0,1,7,1.0,0.0
synthetic,0.5,900312,mixed,0.0,0.3,0.0,0.0,0.0,0.0,1,7,1.0,0.0
synthetic,0.0,900313,hollywood,0.0,0.5,0.0,0.0,0.0,0.0,2,6,0.7,0.3
synthetic,0.05,900313,hollywood,0.0,0.5,0.0,0.0,0.0,0.0,2,5,0.8,0.2
synthetic,0.1,900313,hollywood,0.0,0.5,0.0,0.0,0.0,0.0,2,5,0.8,0.2
synthetic,0.15,900313,hollywood,0.0,0.5,0.0,0.0,0.0,0.0,2,7,0.9,0.1
synthetic,0.2,900313,hollywood,0.0,0.5,0.0,0.0,0.0,0.0,2,6,0.9,0.1
synthetic,0.3,900313,hollywood,0.0,0.5,0.0,0.0,0.0,0.0,1,6,1.0,0.0
synthetic,0.4,900313,hollywood,0.0,0.5,0.0,0.0,0.0,0.0,1,6,1.0,0.0
synthetic,0.5,900313,hollywood,0.0,0.5,0.0,0.0,0.0,0.0,1,6,1.0,0.0
synthetic,0.0,900314,mixed,0.0,0.6,0.0,0.0,0.0,0.0,5,8,0.4,0.6
synthetic,0.05,900314,mixed,0.0,0.6,0.0,0.0,0.0,0.0,4,8,0.5,0.5
synthetic,0.1,900314,mixed,0.0,0.6,0.0,0.0,0.0,0.0,3,9,0.6,0.4
synthetic,0.15,900314,mixed,0.0,0.6,0.0,0.0,0.0,0.0,3,9,0.6,0.4
synthetic,0.2,900314,mixed,0.0,0.6,0.0,0.0,0.0,0.0,2,9,0.7,0.3
synthetic,0.3,900314,mixed,0.0,0.6,0.0,0.0,0.0,0.0,2,9,0.8,0.2
synthetic,0.4,900314,mixed,0.0,0.6,0.0,0.0,0.0,0.0,2,8,0.9,0.1
synthetic,0.5,900314,mixed,0.0,0.6,0.0,0.0,0.0,0.0,1,6,1.0,0.0
synthetic,0.0,900315,korean,0.0,0.8,0.0,0.0,0.0,0.0,5,6,0.6,0.4
synthetic,0.05,900315,korean,0.0,0.8,0.0,0.0,0.0,0.0,4,6,0.7,0.3
synthetic,0.1,900315,korean,0.0,0.8,0.0,0.0,0.0,0.0,4,6,0.7,0.3
synthetic,0.15,900315,korean,0.0,0.8,0.0,0.0,0.0,0.0,4,6,0.7,0.3
synthetic,0.2,900315,korean,0.0,0.8,0.0,0.0,0.0,0.0,3,5,0.9,0.1
synthetic,0.3,900315,korean,0.0,0.8,0.0,0.0,0.0,0.0,2,5,1.0,0.0
synthetic,0.4,900315,korean,0.0,0.8,0.0,0.0,0.0,0.0,2,6,1.0,0.0
synthetic,0.5,900315,korean,0.1,0.8,0.125,1.0,0.1111,0.0761,1,8,1.0,0.0
synthetic,0.0,900316,anime,0.2,0.4,0.5,1.0,0.5,0.4144,2,11,1.0,0.0
synthetic,0.05,900316,anime,0.2,0.4,0.5,1.0,0.5,0.4144,2,11,1.0,0.0
synthetic,0.1,900316,anime,0.2,0.4,0.5,1.0,0.5,0.4144,2,11,1.0,0.0
synthetic,0.15,900316,anime,0.2,0.4,0.5,1.0,0.5,0.4144,2,11,1.0,0.0
synthetic,0.2,900316,anime,0.2,0.4,0.5,1.0,0.5,0.4415,2,11,1.0,0.0
synthetic,0.3,900316,anime,0.2,0.4,0.5,1.0,0.5,0.4415,1,11,1.0,0.0
synthetic,0.4,900316,anime,0.2,0.4,0.5,1.0,0.5,0.4415,1,11,1.0,0.0
synthetic,0.5,900316,anime,0.2,0.4,0.5,1.0,0.5,0.4144,1,11,1.0,0.0
synthetic,0.0,900317,mixed,0.0,0.3,0.0,0.0,0.0,0.0,4,11,0.5,0.5
synthetic,0.05,900317,mixed,0.0,0.3,0.0,0.0,0.0,0.0,4,11,0.5,0.5
synthetic,0.1,900317,mixed,0.0,0.3,0.0,0.0,0.0,0.0,4,11,0.5,0.5
synthetic,0.15,900317,mixed,0.0,0.3,0.0,0.0,0.0,0.0,2,9,0.9,0.1
synthetic,0.2,900317,mixed,0.0,0.3,0.0,0.0,0.0,0.0,1,9,1.0,0.0
synthetic,0.3,900317,mixed,0.0,0.3,0.0,0.0,0.0,0.0,1,9,1.0,0.0
synthetic,0.4,900317,mixed,0.0,0.3,0.0,0.0,0.0,0.0,1,9,1.0,0.0
synthetic,0.5,900317,mixed,0.0,0.3,0.0,0.0,0.0,0.0,1,9,1.0,0.0
synthetic,0.0,900318,bollywood,0.0,0.5,0.0,0.0,0.0,0.0,2,11,0.9,0.1
synthetic,0.05,900318,bollywood,0.0,0.5,0.0,0.0,0.0,0.0,1,7,1.0,0.0
synthetic,0.1,900318,bollywood,0.0,0.5,0.0,0.0,0.0,0.0,1,7,1.0,0.0
synthetic,0.15,900318,bollywood,0.0,0.5,0.0,0.0,0.0,0.0,1,7,1.0,0.0
synthetic,0.2,900318,bollywood,0.0,0.5,0.0,0.0,0.0,0.0,1,7,1.0,0.0
synthetic,0.3,900318,bollywood,0.0,0.5,0.0,0.0,0.0,0.0,1,7,1.0,0.0
synthetic,0.4,900318,bollywood,0.0,0.5,0.0,0.0,0.0,0.0,1,7,1.0,0.0
synthetic,0.5,900318,bollywood,0.0,0.5,0.0,0.0,0.0,0.0,1,7,1.0,0.0
synthetic,0.0,900319,anime,0.2,0.4,0.5,1.0,0.25,0.2983,3,10,0.9,0.1
synthetic,0.05,900319,anime,0.2,0.4,0.5,1.0,0.25,0.3191,3,9,0.9,0.1
synthetic,0.1,900319,anime,0.2,0.4,0.5,1.0,0.25,0.3191,2,9,1.0,0.0
synthetic,0.15,900319,anime,0.2,0.4,0.5,1.0,0.25,0.3191,2,9,1.0,0.0
synthetic,0.2,900319,anime,0.2,0.4,0.5,1.0,0.25,0.3191,2,9,1.0,0.0
synthetic,0.3,900319,anime,0.2,0.4,0.5,1.0,0.3333,0.3462,2,9,1.0,0.0
synthetic,0.4,900319,anime,0.2,0.4,0.5,1.0,0.5,0.3973,2,11,1.0,0.0
synthetic,0.5,900319,anime,0.3,0.4,0.75,1.0,0.5,0.4939,2,12,1.0,0.0
synthetic,0.0,900320,hollywood,0.1,0.4,0.25,1.0,0.3333,0.1952,1,8,1.0,0.0
synthetic,0.05,900320,hollywood,0.1,0.4,0.25,1.0,0.3333,0.1952,1,8,1.0,0.0
synthetic,0.1,900320,hollywood,0.1,0.4,0.25,1.0,0.3333,0.1952,1,8,1.0,0.0
synthetic,0.15,900320,hollywood,0.1,0.4,0.25,1.0,0.3333,0.1952,1,8,1.0,0.0
synthetic,0.2,900320,hollywood,0.1,0.4,0.25,1.0,0.3333,0.1952,1,8,1.0,0.0
synthetic,0.3,900320,hollywood,0.1,0.4,0.25,1.0,0.3333,0.1952,1,8,1.0,0.0
synthetic,0.4,900320,hollywood,0.1,0.4,0.25,1.0,0.3333,0.1952,1,8,1.0,0.0
synthetic,0.5,900320,hollywood,0.1,0.4,0.25,1.0,0.25,0.1681,1,8,1.0,0.0
synthetic,0.0,900321,anime,0.0,0.5,0.0,0.0,0.0,0.0,2,12,1.0,0.0
synthetic,0.05,900321,anime,0.0,0.5,0.0,0.0,0.0,0.0,2,12,1.0,0.0
synthetic,0.1,900321,anime,0.0,0.5,0.0,0.0,0.0,0.0,2,12,1.0,0.0
synthetic,0.15,900321,anime,0.0,0.5,0.0,0.0,0.0,0.0,2,12,1.0,0.0
synthetic,0.2,900321,anime,0.0,0.5,0.0,0.0,0.0,0.0,2,12,1.0,0.0
synthetic,0.3,900321,anime,0.0,0.5,0.0,0.0,0.0,0.0,2,12,1.0,0.0
synthetic,0.4,900321,anime,0.0,0.5,0.0,0.0,0.0,0.0,2,10,1.0,0.0
synthetic,0.5,900321,anime,0.0,0.5,0.0,0.0,0.0,0.0,2,11,1.0,0.0
synthetic,0.0,900322,hollywood,0.0,0.4,0.0,0.0,0.0,0.0,1,9,1.0,0.0
synthetic,0.05,900322,hollywood,0.0,0.4,0.0,0.0,0.0,0.0,1,9,1.0,0.0
synthetic,0.1,900322,hollywood,0.0,0.4,0.0,0.0,0.0,0.0,1,9,1.0,0.0
synthetic,0.15,900322,hollywood,0.0,0.4,0.0,0.0,0.0,0.0,1,9,1.0,0.0
synthetic,0.2,900322,hollywood,0.0,0.4,0.0,0.0,0.0,0.0,1,9,1.0,0.0
synthetic,0.3,900322,hollywood,0.0,0.4,0.0,0.0,0.0,0.0,1,9,1.0,0.0
synthetic,0.4,900322,hollywood,0.0,0.4,0.0,0.0,0.0,0.0,1,9,1.0,0.0
synthetic,0.5,900322,hollywood,0.0,0.4,0.0,0.0,0.0,0.0,1,9,1.0,0.0
synthetic,0.0,900323,bollywood,0.0,0.3,0.0,0.0,0.0,0.0,1,7,1.0,0.0
synthetic,0.05,900323,bollywood,0.0,0.3,0.0,0.0,0.0,0.0,1,7,1.0,0.0
synthetic,0.1,900323,bollywood,0.0,0.3,0.0,0.0,0.0,0.0,1,7,1.0,0.0
synthetic,0.15,900323,bollywood,0.0,0.3,0.0,0.0,0.0,0.0,1,7,1.0,0.0
synthetic,0.2,900323,bollywood,0.0,0.3,0.0,0.0,0.0,0.0,1,7,1.0,0.0
synthetic,0.3,900323,bollywood,0.0,0.3,0.0,0.0,0.0,0.0,1,7,1.0,0.0
synthetic,0.4,900323,bollywood,0.0,0.3,0.0,0.0,0.0,0.0,2,7,1.0,0.0
synthetic,0.5,900323,bollywood,0.0,0.3,0.0,0.0,0.0,0.0,2,7,1.0,0.0
synthetic,0.0,900324,korean,0.0,0.3,0.0,0.0,0.0,0.0,3,14,0.8,0.2
synthetic,0.05,900324,korean,0.0,0.3,0.0,0.0,0.0,0.0,3,14,0.9,0.1
synthetic,0.1,900324,korean,0.0,0.3,0.0,0.0,0.0,0.0,3,14,0.9,0.1
synthetic,0.15,900324,korean,0.0,0.3,0.0,0.0,0.0,0.0,3,14,0.9,0.1
synthetic,0.2,900324,korean,0.0,0.3,0.0,0.0,0.0,0.0,2,14,1.0,0.0
synthetic,0.3,900324,korean,0.0,0.3,0.0,0.0,0.0,0.0,2,14,1.0,0.0
synthetic,0.4,900324,korean,0.0,0.3,0.0,0.0,0.0,0.0,2,12,1.0,0.0
synthetic,0.5,900324,korean,0.1,0.3,0.3333,1.0,0.1,0.1357,2,10,1.0,0.0
synthetic,0.0,900325,hollywood,0.0,0.1,0.0,0.0,0.0,0.0,1,8,1.0,0.0
synthetic,0.05,900325,hollywood,0.0,0.1,0.0,0.0,0.0,0.0,1,8,1.0,0.0
synthetic,0.1,900325,hollywood,0.0,0.1,0.0,0.0,0.0,0.0,1,8,1.0,0.0
synthetic,0.15,900325,hollywood,0.0,0.1,0.0,0.0,0.0,0.0,1,8,1.0,0.0
synthetic,0.2,900325,hollywood,0.0,0.1,0.0,0.0,0.0,0.0,1,8,1.0,0.0
synthetic,0.3,900325,hollywood,0.0,0.1,0.0,0.0,0.0,0.0,1,8,1.0,0.0
synthetic,0.4,900325,hollywood,0.0,0.1,0.0,0.0,0.0,0.0,1,8,1.0,0.0
synthetic,0.5,900325,hollywood,0.0,0.1,0.0,0.0,0.0,0.0,1,8,1.0,0.0
synthetic,0.0,900326,mixed,0.0,0.3,0.0,0.0,0.0,0.0,1,9,1.0,0.0
synthetic,0.05,900326,mixed,0.0,0.3,0.0,0.0,0.0,0.0,1,9,1.0,0.0
synthetic,0.1,900326,mixed,0.0,0.3,0.0,0.0,0.0,0.0,1,9,1.0,0.0
synthetic,0.15,900326,mixed,0.0,0.3,0.0,0.0,0.0,0.0,1,9,1.0,0.0
synthetic,0.2,900326,mixed,0.0,0.3,0.0,0.0,0.0,0.0,1,9,1.0,0.0
synthetic,0.3,900326,mixed,0.0,0.3,0.0,0.0,0.0,0.0,1,9,1.0,0.0
synthetic,0.4,900326,mixed,0.0,0.3,0.0,0.0,0.0,0.0,1,9,1.0,0.0
synthetic,0.5,900326,mixed,0.0,0.3,0.0,0.0,0.0,0.0,1,9,1.0,0.0
synthetic,0.0,900327,bollywood,0.0,0.3,0.0,0.0,0.0,0.0,1,9,1.0,0.0
synthetic,0.05,900327,bollywood,0.0,0.3,0.0,0.0,0.0,0.0,1,9,1.0,0.0
synthetic,0.1,900327,bollywood,0.0,0.3,0.0,0.0,0.0,0.0,1,9,1.0,0.0
synthetic,0.15,900327,bollywood,0.0,0.3,0.0,0.0,0.0,0.0,1,9,1.0,0.0
synthetic,0.2,900327,bollywood,0.0,0.3,0.0,0.0,0.0,0.0,1,9,1.0,0.0
synthetic,0.3,900327,bollywood,0.0,0.3,0.0,0.0,0.0,0.0,2,10,1.0,0.0
synthetic,0.4,900327,bollywood,0.0,0.3,0.0,0.0,0.0,0.0,2,10,1.0,0.0
synthetic,0.5,900327,bollywood,0.0,0.3,0.0,0.0,0.0,0.0,2,10,1.0,0.0
synthetic,0.0,900328,anime,0.1,0.3,0.3333,1.0,0.125,0.148,2,10,1.0,0.0
synthetic,0.05,900328,anime,0.1,0.3,0.3333,1.0,0.125,0.148,2,10,1.0,0.0
synthetic,0.1,900328,anime,0.1,0.3,0.3333,1.0,0.125,0.148,2,10,1.0,0.0
synthetic,0.15,900328,anime,0.1,0.3,0.3333,1.0,0.125,0.148,2,10,1.0,0.0
synthetic,0.2,900328,anime,0.1,0.3,0.3333,1.0,0.1111,0.1413,2,10,1.0,0.0
synthetic,0.3,900328,anime,0.1,0.3,0.3333,1.0,0.1,0.1357,2,10,1.0,0.0
synthetic,0.4,900328,anime,0.0,0.3,0.0,0.0,0.0,0.0,2,10,1.0,0.0
synthetic,0.5,900328,anime,0.0,0.3,0.0,0.0,0.0,0.0,1,10,1.0,0.0
synthetic,0.0,900329,anime,0.1,0.4,0.25,1.0,1.0,0.3904,2,9,1.0,0.0
synthetic,0.05,900329,anime,0.1,0.4,0.25,1.0,1.0,0.3904,2,9,1.0,0.0
synthetic,0.1,900329,anime,0.2,0.4,0.5,1.0,1.0,0.5032,2,9,1.0,0.0
synthetic,0.15,900329,anime,0.2,0.4,0.5,1.0,1.0,0.5079,2,9,1.0,0.0
synthetic,0.2,900329,anime,0.2,0.4,0.5,1.0,1.0,0.5079,2,8,1.0,0.0
synthetic,0.3,900329,anime,0.1,0.4,0.25,1.0,1.0,0.3904,2,9,1.0,0.0
synthetic,0.4,900329,anime,0.1,0.4,0.25,1.0,0.5,0.2463,2,8,1.0,0.0
synthetic,0.5,900329,anime,0.1,0.4,0.25,1.0,0.3333,0.1952,2,9,1.0,0.0
synthetic,0.0,900330,bollywood,0.1,0.3,0.3333,1.0,1.0,0.4693,1,9,1.0,0.0
synthetic,0.05,900330,bollywood,0.1,0.3,0.3333,1.0,1.0,0.4693,1,9,1.0,0.0
synthetic,0.1,900330,bollywood,0.1,0.3,0.3333,1.0,1.0,0.4693,1,9,1.0,0.0
synthetic,0.15,900330,bollywood,0.1,0.3,0.3333,1.0,1.0,0.4693,1,9,1.0,0.0
synthetic,0.2,900330,bollywood,0.1,0.3,0.3333,1.0,1.0,0.4693,1,7,1.0,0.0
synthetic,0.3,900330,bollywood,0.1,0.3,0.3333,1.0,1.0,0.4693,1,7,1.0,0.0
synthetic,0.4,900330,bollywood,0.1,0.3,0.3333,1.0,1.0,0.4693,2,9,1.0,0.0
synthetic,0.5,900330,bollywood,0.2,0.3,0.6667,1.0,1.0,0.6364,2,10,1.0,0.0
synthetic,0.0,900331,hollywood,0.0,0.5,0.0,0.0,0.0,0.0,1,9,1.0,0.0
synthetic,0.05,900331,hollywood,0.0,0.5,0.0,0.0,0.0,0.0,1,8,1.0,0.0
synthetic,0.1,900331,hollywood,0.0,0.5,0.0,0.0,0.0,0.0,1,8,1.0,0.0
synthetic,0.15,900331,hollywood,0.0,0.5,0.0,0.0,0.0,0.0,1,8,1.0,0.0
synthetic,0.2,900331,hollywood,0.0,0.5,0.0,0.0,0.0,0.0,1,8,1.0,0.0
synthetic,0.3,900331,hollywood,0.0,0.5,0.0,0.0,0.0,0.0,1,8,1.0,0.0
synthetic,0.4,900331,hollywood,0.0,0.5,0.0,0.0,0.0,0.0,1,8,1.0,0.0
synthetic,0.5,900331,hollywood,0.0,0.5,0.0,0.0,0.0,0.0,1,8,1.0,0.0
synthetic,0.0,900332,bollywood,0.0,0.4,0.0,0.0,0.0,0.0,2,10,0.9,0.1
synthetic,0.05,900332,bollywood,0.0,0.4,0.0,0.0,0.0,0.0,2,10,0.9,0.1
synthetic,0.1,900332,bollywood,0.0,0.4,0.0,0.0,0.0,0.0,1,10,1.0,0.0
synthetic,0.15,900332,bollywood,0.0,0.4,0.0,0.0,0.0,0.0,1,10,1.0,0.0
synthetic,0.2,900332,bollywood,0.0,0.4,0.0,0.0,0.0,0.0,1,10,1.0,0.0
synthetic,0.3,900332,bollywood,0.0,0.4,0.0,0.0,0.0,0.0,2,10,1.0,0.0
synthetic,0.4,900332,bollywood,0.0,0.4,0.0,0.0,0.0,0.0,2,11,1.0,0.0
synthetic,0.5,900332,bollywood,0.1,0.4,0.25,1.0,0.1111,0.1175,2,12,1.0,0.0
synthetic,0.0,900333,anime,0.0,0.2,0.0,0.0,0.0,0.0,3,11,0.9,0.1
synthetic,0.05,900333,anime,0.0,0.2,0.0,0.0,0.0,0.0,3,11,0.9,0.1
synthetic,0.1,900333,anime,0.0,0.2,0.0,0.0,0.0,0.0,3,11,0.9,0.1
synthetic,0.15,900333,anime,0.0,0.2,0.0,0.0,0.0,0.0,2,11,1.0,0.0
synthetic,0.2,900333,anime,0.0,0.2,0.0,0.0,0.0,0.0,2,11,1.0,0.0
synthetic,0.3,900333,anime,0.0,0.2,0.0,0.0,0.0,0.0,2,11,1.0,0.0
synthetic,0.4,900333,anime,0.0,0.2,0.0,0.0,0.0,0.0,1,12,1.0,0.0
synthetic,0.5,900333,anime,0.0,0.2,0.0,0.0,0.0,0.0,1,12,1.0,0.0
synthetic,0.0,900334,hollywood,0.0,0.3,0.0,0.0,0.0,0.0,1,9,1.0,0.0
synthetic,0.05,900334,hollywood,0.0,0.3,0.0,0.0,0.0,0.0,1,9,1.0,0.0
synthetic,0.1,900334,hollywood,0.0,0.3,0.0,0.0,0.0,0.0,1,9,1.0,0.0
synthetic,0.15,900334,hollywood,0.0,0.3,0.0,0.0,0.0,0.0,1,9,1.0,0.0
synthetic,0.2,900334,hollywood,0.0,0.3,0.0,0.0,0.0,0.0,1,9,1.0,0.0
synthetic,0.3,900334,hollywood,0.0,0.3,0.0,0.0,0.0,0.0,1,8,1.0,0.0
synthetic,0.4,900334,hollywood,0.0,0.3,0.0,0.0,0.0,0.0,1,8,1.0,0.0
synthetic,0.5,900334,hollywood,0.0,0.3,0.0,0.0,0.0,0.0,1,8,1.0,0.0
synthetic,0.0,900335,anime,0.1,0.3,0.3333,1.0,0.1,0.1357,2,10,1.0,0.0
synthetic,0.05,900335,anime,0.1,0.3,0.3333,1.0,0.1,0.1357,2,10,1.0,0.0
synthetic,0.1,900335,anime,0.1,0.3,0.3333,1.0,0.1,0.1357,2,10,1.0,0.0
synthetic,0.15,900335,anime,0.1,0.3,0.3333,1.0,0.1,0.1357,2,10,1.0,0.0
synthetic,0.2,900335,anime,0.1,0.3,0.3333,1.0,0.1,0.1357,2,10,1.0,0.0
synthetic,0.3,900335,anime,0.1,0.3,0.3333,1.0,0.1,0.1357,2,10,1.0,0.0
synthetic,0.4,900335,anime,0.1,0.3,0.3333,1.0,0.1,0.1357,2,10,1.0,0.0
synthetic,0.5,900335,anime,0.0,0.3,0.0,0.0,0.0,0.0,1,11,1.0,0.0
synthetic,0.0,900336,anime,0.1,0.7,0.1429,1.0,0.3333,0.1374,3,11,0.9,0.1
synthetic,0.05,900336,anime,0.1,0.7,0.1429,1.0,0.3333,0.1374,3,11,0.9,0.1
synthetic,0.1,900336,anime,0.1,0.7,0.1429,1.0,0.3333,0.1374,2,11,1.0,0.0
synthetic,0.15,900336,anime,0.1,0.7,0.1429,1.0,0.3333,0.1374,2,11,1.0,0.0
synthetic,0.2,900336,anime,0.1,0.7,0.1429,1.0,0.3333,0.1374,2,11,1.0,0.0
synthetic,0.3,900336,anime,0.1,0.7,0.1429,1.0,0.3333,0.1374,1,11,1.0,0.0
synthetic,0.4,900336,anime,0.1,0.7,0.1429,1.0,0.3333,0.1374,1,12,1.0,0.0
synthetic,0.5,900336,anime,0.2,0.7,0.2857,1.0,0.25,0.1978,1,12,1.0,0.0
synthetic,0.0,900337,bollywood,0.0,0.5,0.0,0.0,0.0,0.0,1,13,0.8,0.2
synthetic,0.05,900337,bollywood,0.0,0.5,0.0,0.0,0.0,0.0,1,12,1.0,0.0
synthetic,0.1,900337,bollywood,0.0,0.5,0.0,0.0,0.0,0.0,1,12,1.0,0.0
synthetic,0.15,900337,bollywood,0.0,0.5,0.0,0.0,0.0,0.0,2,14,1.0,0.0
synthetic,0.2,900337,bollywood,0.0,0.5,0.0,0.0,0.0,0.0,2,14,1.0,0.0
synthetic,0.3,900337,bollywood,0.0,0.5,0.0,0.0,0.0,0.0,2,14,1.0,0.0
synthetic,0.4,900337,bollywood,0.0,0.5,0.0,0.0,0.0,0.0,2,13,1.0,0.0
synthetic,0.5,900337,bollywood,0.1,0.5,0.2,1.0,0.2,0.1312,2,11,1.0,0.0
synthetic,0.0,900338,anime,0.0,0.3,0.0,0.0,0.0,0.0,3,12,0.9,0.1
synthetic,0.05,900338,anime,0.0,0.3,0.0,0.0,0.0,0.0,2,12,1.0,0.0
synthetic,0.1,900338,anime,0.0,0.3,0.0,0.0,0.0,0.0,2,12,1.0,0.0
synthetic,0.15,900338,anime,0.0,0.3,0.0,0.0,0.0,0.0,2,11,1.0,0.0
synthetic,0.2,900338,anime,0.0,0.3,0.0,0.0,0.0,0.0,2,11,1.0,0.0
synthetic,0.3,900338,anime,0.0,0.3,0.0,0.0,0.0,0.0,2,12,1.0,0.0
synthetic,0.4,900338,anime,0.0,0.3,0.0,0.0,0.0,0.0,2,12,1.0,0.0
synthetic,0.5,900338,anime,0.0,0.3,0.0,0.0,0.0,0.0,2,12,1.0,0.0
synthetic,0.0,900339,korean,0.1,0.5,0.2,1.0,0.5,0.214,3,7,0.8,0.2
synthetic,0.05,900339,korean,0.1,0.5,0.2,1.0,0.5,0.214,3,7,0.8,0.2
synthetic,0.1,900339,korean,0.1,0.5,0.2,1.0,1.0,0.3392,2,7,0.9,0.1
synthetic,0.15,900339,korean,0.1,0.5,0.2,1.0,1.0,0.3392,2,7,0.9,0.1
synthetic,0.2,900339,korean,0.1,0.5,0.2,1.0,1.0,0.3392,2,8,1.0,0.0
synthetic,0.3,900339,korean,0.1,0.5,0.2,1.0,0.5,0.214,2,8,1.0,0.0
synthetic,0.4,900339,korean,0.2,0.5,0.4,1.0,0.2,0.2333,2,11,1.0,0.0
synthetic,0.5,900339,korean,0.2,0.5,0.4,1.0,0.1667,0.2189,2,10,1.0,0.0
synthetic,0.0,900340,hollywood,0.0,0.4,0.0,0.0,0.0,0.0,2,6,0.9,0.1
synthetic,0.05,900340,hollywood,0.0,0.4,0.0,0.0,0.0,0.0,2,6,0.9,0.1
synthetic,0.1,900340,hollywood,0.0,0.4,0.0,0.0,0.0,0.0,2,6,0.9,0.1
synthetic,0.15,900340,hollywood,0.0,0.4,0.0,0.0,0.0,0.0,1,6,1.0,0.0
synthetic,0.2,900340,hollywood,0.0,0.4,0.0,0.0,0.0,0.0,1,6,1.0,0.0
synthetic,0.3,900340,hollywood,0.0,0.4,0.0,0.0,0.0,0.0,1,6,1.0,0.0
synthetic,0.4,900340,hollywood,0.0,0.4,0.0,0.0,0.0,0.0,1,6,1.0,0.0
synthetic,0.5,900340,hollywood,0.0,0.4,0.0,0.0,0.0,0.0,1,6,1.0,0.0
synthetic,0.0,900341,hollywood,0.0,0.6,0.0,0.0,0.0,0.0,2,9,0.8,0.2
synthetic,0.05,900341,hollywood,0.0,0.6,0.0,0.0,0.0,0.0,2,9,0.8,0.2
synthetic,0.1,900341,hollywood,0.0,0.6,0.0,0.0,0.0,0.0,1,11,1.0,0.0
synthetic,0.15,900341,hollywood,0.0,0.6,0.0,0.0,0.0,0.0,1,9,1.0,0.0
synthetic,0.2,900341,hollywood,0.0,0.6,0.0,0.0,0.0,0.0,1,9,1.0,0.0
synthetic,0.3,900341,hollywood,0.0,0.6,0.0,0.0,0.0,0.0,1,9,1.0,0.0
synthetic,0.4,900341,hollywood,0.0,0.6,0.0,0.0,0.0,0.0,1,9,1.0,0.0
synthetic,0.5,900341,hollywood,0.0,0.6,0.0,0.0,0.0,0.0,1,9,1.0,0.0
synthetic,0.0,900342,anime,0.2,0.5,0.4,1.0,1.0,0.4413,3,8,0.9,0.1
synthetic,0.05,900342,anime,0.2,0.5,0.4,1.0,1.0,0.4413,3,8,0.9,0.1
synthetic,0.1,900342,anime,0.2,0.5,0.4,1.0,1.0,0.4522,2,8,1.0,0.0
synthetic,0.15,900342,anime,0.2,0.5,0.4,1.0,1.0,0.4522,2,9,1.0,0.0
synthetic,0.2,900342,anime,0.2,0.5,0.4,1.0,1.0,0.46,2,9,1.0,0.0
synthetic,0.3,900342,anime,0.3,0.5,0.6,1.0,1.0,0.5684,2,9,1.0,0.0
synthetic,0.4,900342,anime,0.3,0.5,0.6,1.0,1.0,0.5543,1,10,1.0,0.0
synthetic,0.5,900342,anime,0.2,0.5,0.4,1.0,1.0,0.4462,1,9,1.0,0.0
synthetic,0.0,900343,hollywood,0.0,0.6,0.0,0.0,0.0,0.0,2,11,0.7,0.3
synthetic,0.05,900343,hollywood,0.0,0.6,0.0,0.0,0.0,0.0,2,8,0.9,0.1
synthetic,0.1,900343,hollywood,0.0,0.6,0.0,0.0,0.0,0.0,1,10,1.0,0.0
synthetic,0.15,900343,hollywood,0.0,0.6,0.0,0.0,0.0,0.0,1,10,1.0,0.0
synthetic,0.2,900343,hollywood,0.0,0.6,0.0,0.0,0.0,0.0,1,10,1.0,0.0
synthetic,0.3,900343,hollywood,0.0,0.6,0.0,0.0,0.0,0.0,1,8,1.0,0.0
synthetic,0.4,900343,hollywood,0.0,0.6,0.0,0.0,0.0,0.0,1,8,1.0,0.0
synthetic,0.5,900343,hollywood,0.0,0.6,0.0,0.0,0.0,0.0,1,8,1.0,0.0
synthetic,0.0,900344,hollywood,0.2,0.4,0.5,1.0,0.25,0.2913,1,8,1.0,0.0
synthetic,0.05,900344,hollywood,0.2,0.4,0.5,1.0,0.25,0.2913,1,8,1.0,0.0
synthetic,0.1,900344,hollywood,0.2,0.4,0.5,1.0,0.25,0.2913,1,8,1.0,0.0
synthetic,0.15,900344,hollywood,0.2,0.4,0.5,1.0,0.25,0.2913,1,8,1.0,0.0
synthetic,0.2,900344,hollywood,0.2,0.4,0.5,1.0,0.25,0.2913,1,8,1.0,0.0
synthetic,0.3,900344,hollywood,0.2,0.4,0.5,1.0,0.25,0.2913,1,8,1.0,0.0
synthetic,0.4,900344,hollywood,0.2,0.4,0.5,1.0,0.25,0.2913,1,8,1.0,0.0
synthetic,0.5,900344,hollywood,0.2,0.4,0.5,1.0,0.2,0.2742,1,8,1.0,0.0
synthetic,0.0,900345,korean,0.0,0.4,0.0,0.0,0.0,0.0,4,8,0.8,0.2
synthetic,0.05,900345,korean,0.0,0.4,0.0,0.0,0.0,0.0,3,8,0.9,0.1
synthetic,0.1,900345,korean,0.0,0.4,0.0,0.0,0.0,0.0,3,8,0.9,0.1
synthetic,0.15,900345,korean,0.0,0.4,0.0,0.0,0.0,0.0,3,8,0.9,0.1
synthetic,0.2,900345,korean,0.0,0.4,0.0,0.0,0.0,0.0,3,8,0.9,0.1
synthetic,0.3,900345,korean,0.0,0.4,0.0,0.0,0.0,0.0,2,8,1.0,0.0
synthetic,0.4,900345,korean,0.0,0.4,0.0,0.0,0.0,0.0,2,9,1.0,0.0
synthetic,0.5,900345,korean,0.0,0.4,0.0,0.0,0.0,0.0,2,7,1.0,0.0
synthetic,0.0,900346,hollywood,0.1,0.5,0.2,1.0,0.1429,0.1131,1,8,1.0,0.0
synthetic,0.05,900346,hollywood,0.1,0.5,0.2,1.0,0.125,0.107,1,8,1.0,0.0
synthetic,0.1,900346,hollywood,0.1,0.5,0.2,1.0,0.125,0.107,1,8,1.0,0.0
synthetic,0.15,900346,hollywood,0.1,0.5,0.2,1.0,0.1429,0.1131,1,8,1.0,0.0
synthetic,0.2,900346,hollywood,0.1,0.5,0.2,1.0,0.1429,0.1131,1,8,1.0,0.0
synthetic,0.3,900346,hollywood,0.1,0.5,0.2,1.0,0.125,0.107,1,8,1.0,0.0
synthetic,0.4,900346,hollywood,0.1,0.5,0.2,1.0,0.125,0.107,1,8,1.0,0.0
synthetic,0.5,900346,hollywood,0.1,0.5,0.2,1.0,0.1111,0.1021,1,8,1.0,0.0
synthetic,0.0,900347,anime,0.0,0.3,0.0,0.0,0.0,0.0,3,10,0.9,0.1
synthetic,0.05,900347,anime,0.0,0.3,0.0,0.0,0.0,0.0,3,10,0.9,0.1
synthetic,0.1,900347,anime,0.0,0.3,0.0,0.0,0.0,0.0,3,10,0.9,0.1
synthetic,0.15,900347,anime,0.0,0.3,0.0,0.0,0.0,0.0,2,10,0.9,0.1
synthetic,0.2,900347,anime,0.0,0.3,0.0,0.0,0.0,0.0,2,10,0.9,0.1
synthetic,0.3,900347,anime,0.0,0.3,0.0,0.0,0.0,0.0,1,10,1.0,0.0
synthetic,0.4,900347,anime,0.0,0.3,0.0,0.0,0.0,0.0,1,10,1.0,0.0
synthetic,0.5,900347,anime,0.0,0.3,0.0,0.0,0.0,0.0,1,10,1.0,0.0
synthetic,0.0,900348,bollywood,0.0,0.6,0.0,0.0,0.0,0.0,1,10,1.0,0.0
synthetic,0.05,900348,bollywood,0.0,0.6,0.0,0.0,0.0,0.0,1,10,1.0,0.0
synthetic,0.1,900348,bollywood,0.0,0.6,0.0,0.0,0.0,0.0,1,10,1.0,0.0
synthetic,0.15,900348,bollywood,0.0,0.6,0.0,0.0,0.0,0.0,1,10,1.0,0.0
synthetic,0.2,900348,bollywood,0.0,0.6,0.0,0.0,0.0,0.0,1,10,1.0,0.0
synthetic,0.3,900348,bollywood,0.0,0.6,0.0,0.0,0.0,0.0,2,9,1.0,0.0
synthetic,0.4,900348,bollywood,0.0,0.6,0.0,0.0,0.0,0.0,2,9,1.0,0.0
synthetic,0.5,900348,bollywood,0.0,0.6,0.0,0.0,0.0,0.0,2,9,1.0,0.0
synthetic,0.0,900349,hollywood,0.0,0.8,0.0,0.0,0.0,0.0,3,14,0.7,0.3
synthetic,0.05,900349,hollywood,0.0,0.8,0.0,0.0,0.0,0.0,2,13,0.8,0.2
synthetic,0.1,900349,hollywood,0.0,0.8,0.0,0.0,0.0,0.0,1,11,0.9,0.1
synthetic,0.15,900349,hollywood,0.0,0.8,0.0,0.0,0.0,0.0,1,11,1.0,0.0
synthetic,0.2,900349,hollywood,0.0,0.8,0.0,0.0,0.0,0.0,1,11,1.0,0.0
synthetic,0.3,900349,hollywood,0.0,0.8,0.0,0.0,0.0,0.0,1,11,1.0,0.0
synthetic,0.4,900349,hollywood,0.0,0.8,0.0,0.0,0.0,0.0,1,11,1.0,0.0
synthetic,0.5,900349,hollywood,0.0,0.8,0.0,0.0,0.0,0.0,1,11,1.0,0.0
synthetic,0.0,900350,bollywood,0.1,0.8,0.125,1.0,0.3333,0.1265,1,10,1.0,0.0
synthetic,0.05,900350,bollywood,0.1,0.8,0.125,1.0,0.3333,0.1265,1,10,1.0,0.0
synthetic,0.1,900350,bollywood,0.1,0.8,0.125,1.0,0.3333,0.1265,1,10,1.0,0.0
synthetic,0.15,900350,bollywood,0.1,0.8,0.125,1.0,0.3333,0.1265,1,10,1.0,0.0
synthetic,0.2,900350,bollywood,0.1,0.8,0.125,1.0,0.3333,0.1265,1,10,1.0,0.0
synthetic,0.3,900350,bollywood,0.1,0.8,0.125,1.0,0.3333,0.1265,1,10,1.0,0.0
synthetic,0.4,900350,bollywood,0.1,0.8,0.125,1.0,0.3333,0.1265,1,10,1.0,0.0
synthetic,0.5,900350,bollywood,0.1,0.8,0.125,1.0,0.3333,0.1265,1,10,1.0,0.0
synthetic,0.0,900351,hollywood,0.0,0.5,0.0,0.0,0.0,0.0,1,9,1.0,0.0
synthetic,0.05,900351,hollywood,0.0,0.5,0.0,0.0,0.0,0.0,1,10,1.0,0.0
synthetic,0.1,900351,hollywood,0.0,0.5,0.0,0.0,0.0,0.0,1,10,1.0,0.0
synthetic,0.15,900351,hollywood,0.0,0.5,0.0,0.0,0.0,0.0,1,10,1.0,0.0
synthetic,0.2,900351,hollywood,0.0,0.5,0.0,0.0,0.0,0.0,1,10,1.0,0.0
synthetic,0.3,900351,hollywood,0.0,0.5,0.0,0.0,0.0,0.0,1,10,1.0,0.0
synthetic,0.4,900351,hollywood,0.0,0.5,0.0,0.0,0.0,0.0,1,10,1.0,0.0
synthetic,0.5,900351,hollywood,0.0,0.5,0.0,0.0,0.0,0.0,1,10,1.0,0.0
synthetic,0.0,900352,hollywood,0.0,0.5,0.0,0.0,0.0,0.0,2,8,0.9,0.1
synthetic,0.05,900352,hollywood,0.0,0.5,0.0,0.0,0.0,0.0,1,9,1.0,0.0
synthetic,0.1,900352,hollywood,0.0,0.5,0.0,0.0,0.0,0.0,1,9,1.0,0.0
synthetic,0.15,900352,hollywood,0.0,0.5,0.0,0.0,0.0,0.0,1,9,1.0,0.0
synthetic,0.2,900352,hollywood,0.0,0.5,0.0,0.0,0.0,0.0,1,9,1.0,0.0
synthetic,0.3,900352,hollywood,0.0,0.5,0.0,0.0,0.0,0.0,1,9,1.0,0.0
synthetic,0.4,900352,hollywood,0.0,0.5,0.0,0.0,0.0,0.0,1,9,1.0,0.0
synthetic,0.5,900352,hollywood,0.0,0.5,0.0,0.0,0.0,0.0,1,9,1.0,0.0
synthetic,0.0,900353,korean,0.0,0.4,0.0,0.0,0.0,0.0,4,7,0.8,0.2
synthetic,0.05,900353,korean,0.0,0.4,0.0,0.0,0.0,0.0,3,7,0.9,0.1
synthetic,0.1,900353,korean,0.0,0.4,0.0,0.0,0.0,0.0,2,6,1.0,0.0
synthetic,0.15,900353,korean,0.0,0.4,0.0,0.0,0.0,0.0,2,6,1.0,0.0
synthetic,0.2,900353,korean,0.0,0.4,0.0,0.0,0.0,0.0,2,6,1.0,0.0
synthetic,0.3,900353,korean,0.0,0.4,0.0,0.0,0.0,0.0,2,6,1.0,0.0
synthetic,0.4,900353,korean,0.0,0.4,0.0,0.0,0.0,0.0,2,6,1.0,0.0
synthetic,0.5,900353,korean,0.0,0.4,0.0,0.0,0.0,0.0,2,7,1.0,0.0
synthetic,0.0,900354,anime,0.0,0.2,0.0,0.0,0.0,0.0,2,8,1.0,0.0
synthetic,0.05,900354,anime,0.0,0.2,0.0,0.0,0.0,0.0,2,8,1.0,0.0
synthetic,0.1,900354,anime,0.0,0.2,0.0,0.0,0.0,0.0,2,8,1.0,0.0
synthetic,0.15,900354,anime,0.0,0.2,0.0,0.0,0.0,0.0,2,8,1.0,0.0
synthetic,0.2,900354,anime,0.0,0.2,0.0,0.0,0.0,0.0,2,8,1.0,0.0
synthetic,0.3,900354,anime,0.0,0.2,0.0,0.0,0.0,0.0,2,8,1.0,0.0
synthetic,0.4,900354,anime,0.0,0.2,0.0,0.0,0.0,0.0,2,8,1.0,0.0
synthetic,0.5,900354,anime,0.0,0.2,0.0,0.0,0.0,0.0,2,9,1.0,0.0
synthetic,0.0,900355,mixed,0.0,0.4,0.0,0.0,0.0,0.0,4,10,0.6,0.4
synthetic,0.05,900355,mixed,0.0,0.4,0.0,0.0,0.0,0.0,3,10,0.8,0.2
synthetic,0.1,900355,mixed,0.0,0.4,0.0,0.0,0.0,0.0,3,10,0.8,0.2
synthetic,0.15,900355,mixed,0.0,0.4,0.0,0.0,0.0,0.0,2,10,0.9,0.1
synthetic,0.2,900355,mixed,0.0,0.4,0.0,0.0,0.0,0.0,1,12,1.0,0.0
synthetic,0.3,900355,mixed,0.0,0.4,0.0,0.0,0.0,0.0,1,12,1.0,0.0
synthetic,0.4,900355,mixed,0.0,0.4,0.0,0.0,0.0,0.0,1,12,1.0,0.0
synthetic,0.5,900355,mixed,0.0,0.4,0.0,0.0,0.0,0.0,1,12,1.0,0.0
synthetic,0.0,900356,korean,0.0,0.8,0.0,0.0,0.0,0.0,3,7,0.8,0.2
synthetic,0.05,900356,korean,0.0,0.8,0.0,0.0,0.0,0.0,3,11,0.9,0.1
synthetic,0.1,900356,korean,0.0,0.8,0.0,0.0,0.0,0.0,3,11,0.9,0.1
synthetic,0.15,900356,korean,0.0,0.8,0.0,0.0,0.0,0.0,2,11,1.0,0.0
synthetic,0.2,900356,korean,0.0,0.8,0.0,0.0,0.0,0.0,2,12,1.0,0.0
synthetic,0.3,900356,korean,0.0,0.8,0.0,0.0,0.0,0.0,2,12,1.0,0.0
synthetic,0.4,900356,korean,0.0,0.8,0.0,0.0,0.0,0.0,1,12,1.0,0.0
synthetic,0.5,900356,korean,0.0,0.8,0.0,0.0,0.0,0.0,1,12,1.0,0.0
synthetic,0.0,900357,hollywood,0.0,0.3,0.0,0.0,0.0,0.0,3,12,0.8,0.2
synthetic,0.05,900357,hollywood,0.0,0.3,0.0,0.0,0.0,0.0,2,12,0.9,0.1
synthetic,0.1,900357,hollywood,0.0,0.3,0.0,0.0,0.0,0.0,2,12,0.9,0.1
synthetic,0.15,900357,hollywood,0.0,0.3,0.0,0.0,0.0,0.0,2,12,0.9,0.1
synthetic,0.2,900357,hollywood,0.0,0.3,0.0,0.0,0.0,0.0,2,12,0.9,0.1
synthetic,0.3,900357,hollywood,0.0,0.3,0.0,0.0,0.0,0.0,2,12,0.9,0.1
synthetic,0.4,900357,hollywood,0.0,0.3,0.0,0.0,0.0,0.0,1,10,1.0,0.0
synthetic,0.5,900357,hollywood,0.0,0.3,0.0,0.0,0.0,0.0,1,12,1.0,0.0
synthetic,0.0,900358,anime,0.0,0.2,0.0,0.0,0.0,0.0,2,8,1.0,0.0
synthetic,0.05,900358,anime,0.0,0.2,0.0,0.0,0.0,0.0,2,8,1.0,0.0
synthetic,0.1,900358,anime,0.0,0.2,0.0,0.0,0.0,0.0,2,8,1.0,0.0
synthetic,0.15,900358,anime,0.0,0.2,0.0,0.0,0.0,0.0,2,8,1.0,0.0
synthetic,0.2,900358,anime,0.0,0.2,0.0,0.0,0.0,0.0,2,8,1.0,0.0
synthetic,0.3,900358,anime,0.0,0.2,0.0,0.0,0.0,0.0,1,8,1.0,0.0
synthetic,0.4,900358,anime,0.0,0.2,0.0,0.0,0.0,0.0,1,8,1.0,0.0
synthetic,0.5,900358,anime,0.0,0.2,0.0,0.0,0.0,0.0,1,8,1.0,0.0
synthetic,0.0,900359,hollywood,0.0,0.4,0.0,0.0,0.0,0.0,1,7,1.0,0.0
synthetic,0.05,900359,hollywood,0.0,0.4,0.0,0.0,0.0,0.0,1,7,1.0,0.0
synthetic,0.1,900359,hollywood,0.0,0.4,0.0,0.0,0.0,0.0,1,7,1.0,0.0
synthetic,0.15,900359,hollywood,0.0,0.4,0.0,0.0,0.0,0.0,1,7,1.0,0.0
synthetic,0.2,900359,hollywood,0.0,0.4,0.0,0.0,0.0,0.0,1,7,1.0,0.0
synthetic,0.3,900359,hollywood,0.0,0.4,0.0,0.0,0.0,0.0,1,7,1.0,0.0
synthetic,0.4,900359,hollywood,0.0,0.4,0.0,0.0,0.0,0.0,1,7,1.0,0.0
synthetic,0.5,900359,hollywood,0.0,0.4,0.0,0.0,0.0,0.0,1,7,1.0,0.0
synthetic,0.0,900360,anime,0.1,0.4,0.25,1.0,0.5,0.2463,2,11,1.0,0.0
synthetic,0.05,900360,anime,0.1,0.4,0.25,1.0,0.5,0.2463,2,11,1.0,0.0
synthetic,0.1,900360,anime,0.1,0.4,0.25,1.0,0.5,0.2463,2,11,1.0,0.0
synthetic,0.15,900360,anime,0.1,0.4,0.25,1.0,0.5,0.2463,2,10,1.0,0.0
synthetic,0.2,900360,anime,0.1,0.4,0.25,1.0,0.5,0.2463,2,11,1.0,0.0
synthetic,0.3,900360,anime,0.1,0.4,0.25,1.0,1.0,0.3904,2,12,1.0,0.0
synthetic,0.4,900360,anime,0.1,0.4,0.25,1.0,1.0,0.3904,2,10,1.0,0.0
synthetic,0.5,900360,anime,0.1,0.4,0.25,1.0,1.0,0.3904,2,11,1.0,0.0
synthetic,0.0,900361,hollywood,0.0,0.2,0.0,0.0,0.0,0.0,1,9,1.0,0.0
synthetic,0.05,900361,hollywood,0.0,0.2,0.0,0.0,0.0,0.0,1,9,1.0,0.0
synthetic,0.1,900361,hollywood,0.0,0.2,0.0,0.0,0.0,0.0,1,9,1.0,0.0
synthetic,0.15,900361,hollywood,0.0,0.2,0.0,0.0,0.0,0.0,1,9,1.0,0.0
synthetic,0.2,900361,hollywood,0.0,0.2,0.0,0.0,0.0,0.0,1,9,1.0,0.0
synthetic,0.3,900361,hollywood,0.0,0.2,0.0,0.0,0.0,0.0,1,9,1.0,0.0
synthetic,0.4,900361,hollywood,0.0,0.2,0.0,0.0,0.0,0.0,1,9,1.0,0.0
synthetic,0.5,900361,hollywood,0.0,0.2,0.0,0.0,0.0,0.0,1,9,1.0,0.0
synthetic,0.0,900362,anime,0.3,0.6,0.5,1.0,1.0,0.581,3,9,0.8,0.2
synthetic,0.05,900362,anime,0.3,0.6,0.5,1.0,1.0,0.589,2,9,1.0,0.0
synthetic,0.1,900362,anime,0.3,0.6,0.5,1.0,1.0,0.589,2,9,1.0,0.0
synthetic,0.15,900362,anime,0.3,0.6,0.5,1.0,1.0,0.589,2,9,1.0,0.0
synthetic,0.2,900362,anime,0.3,0.6,0.5,1.0,1.0,0.5846,2,9,1.0,0.0
synthetic,0.3,900362,anime,0.3,0.6,0.5,1.0,1.0,0.581,2,10,1.0,0.0
synthetic,0.4,900362,anime,0.2,0.6,0.3333,1.0,1.0,0.4935,1,10,1.0,0.0
synthetic,0.5,900362,anime,0.2,0.6,0.3333,1.0,1.0,0.4935,1,11,1.0,0.0
synthetic,0.0,900363,hollywood,0.1,0.5,0.2,1.0,0.1429,0.1131,4,10,0.6,0.4
synthetic,0.05,900363,hollywood,0.0,0.5,0.0,0.0,0.0,0.0,4,10,0.7,0.3
synthetic,0.1,900363,hollywood,0.0,0.5,0.0,0.0,0.0,0.0,3,10,0.8,0.2
synthetic,0.15,900363,hollywood,0.0,0.5,0.0,0.0,0.0,0.0,2,9,0.9,0.1
synthetic,0.2,900363,hollywood,0.0,0.5,0.0,0.0,0.0,0.0,2,9,0.9,0.1
synthetic,0.3,900363,hollywood,0.0,0.5,0.0,0.0,0.0,0.0,1,9,1.0,0.0
synthetic,0.4,900363,hollywood,0.0,0.5,0.0,0.0,0.0,0.0,1,9,1.0,0.0
synthetic,0.5,900363,hollywood,0.0,0.5,0.0,0.0,0.0,0.0,1,9,1.0,0.0
synthetic,0.0,900364,bollywood,0.0,0.7,0.0,0.0,0.0,0.0,2,10,0.9,0.1
synthetic,0.05,900364,bollywood,0.0,0.7,0.0,0.0,0.0,0.0,1,9,1.0,0.0
synthetic,0.1,900364,bollywood,0.0,0.7,0.0,0.0,0.0,0.0,1,9,1.0,0.0
synthetic,0.15,900364,bollywood,0.0,0.7,0.0,0.0,0.0,0.0,1,9,1.0,0.0
synthetic,0.2,900364,bollywood,0.0,0.7,0.0,0.0,0.0,0.0,1,9,1.0,0.0
synthetic,0.3,900364,bollywood,0.0,0.7,0.0,0.0,0.0,0.0,2,9,1.0,0.0
synthetic,0.4,900364,bollywood,0.0,0.7,0.0,0.0,0.0,0.0,2,9,1.0,0.0
synthetic,0.5,900364,bollywood,0.2,0.7,0.2857,1.0,0.125,0.1695,2,9,1.0,0.0
synthetic,0.0,900365,bollywood,0.2,0.6,0.3333,1.0,0.2,0.2082,1,7,1.0,0.0
synthetic,0.05,900365,bollywood,0.2,0.6,0.3333,1.0,0.2,0.2082,1,7,1.0,0.0
synthetic,0.1,900365,bollywood,0.2,0.6,0.3333,1.0,0.2,0.2082,1,7,1.0,0.0
synthetic,0.15,900365,bollywood,0.2,0.6,0.3333,1.0,0.2,0.2082,1,7,1.0,0.0
synthetic,0.2,900365,bollywood,0.2,0.6,0.3333,1.0,0.2,0.2045,2,7,1.0,0.0
synthetic,0.3,900365,bollywood,0.2,0.6,0.3333,1.0,0.2,0.2045,2,7,1.0,0.0
synthetic,0.4,900365,bollywood,0.2,0.6,0.3333,1.0,0.1667,0.1953,2,7,1.0,0.0
synthetic,0.5,900365,bollywood,0.1,0.6,0.1667,1.0,0.1667,0.1078,2,8,1.0,0.0
synthetic,0.0,900366,korean,0.0,0.4,0.0,0.0,0.0,0.0,5,7,0.7,0.3
synthetic,0.05,900366,korean,0.0,0.4,0.0,0.0,0.0,0.0,5,7,0.7,0.3
synthetic,0.1,900366,korean,0.0,0.4,0.0,0.0,0.0,0.0,4,6,0.8,0.2
synthetic,0.15,900366,korean,0.0,0.4,0.0,0.0,0.0,0.0,3,5,0.9,0.1
synthetic,0.2,900366,korean,0.0,0.4,0.0,0.0,0.0,0.0,3,5,0.9,0.1
synthetic,0.3,900366,korean,0.0,0.4,0.0,0.0,0.0,0.0,2,6,1.0,0.0
synthetic,0.4,900366,korean,0.0,0.4,0.0,0.0,0.0,0.0,2,6,1.0,0.0
synthetic,0.5,900366,korean,0.1,0.4,0.25,1.0,0.1,0.1128,2,6,1.0,0.0
synthetic,0.0,900367,hollywood,0.0,0.7,0.0,0.0,0.0,0.0,3,7,0.8,0.2
synthetic,0.05,900367,hollywood,0.0,0.7,0.0,0.0,0.0,0.0,3,7,0.8,0.2
synthetic,0.1,900367,hollywood,0.0,0.7,0.0,0.0,0.0,0.0,2,10,0.9,0.1
synthetic,0.15,900367,hollywood,0.0,0.7,0.0,0.0,0.0,0.0,1,10,1.0,0.0
synthetic,0.2,900367,hollywood,0.0,0.7,0.0,0.0,0.0,0.0,1,10,1.0,0.0
synthetic,0.3,900367,hollywood,0.0,0.7,0.0,0.0,0.0,0.0,1,10,1.0,0.0
synthetic,0.4,900367,hollywood,0.0,0.7,0.0,0.0,0.0,0.0,1,10,1.0,0.0
synthetic,0.5,900367,hollywood,0.0,0.7,0.0,0.0,0.0,0.0,1,10,1.0,0.0
synthetic,0.0,900368,anime,0.3,0.4,0.75,1.0,0.5,0.5205,3,10,0.9,0.1
synthetic,0.05,900368,anime,0.3,0.4,0.75,1.0,0.5,0.5274,2,11,1.0,0.0
synthetic,0.1,900368,anime,0.3,0.4,0.75,1.0,0.5,0.5274,2,11,1.0,0.0
synthetic,0.15,900368,anime,0.3,0.4,0.75,1.0,0.5,0.5274,2,11,1.0,0.0
synthetic,0.2,900368,anime,0.3,0.4,0.75,1.0,1.0,0.6646,2,11,1.0,0.0
synthetic,0.3,900368,anime,0.3,0.4,0.75,1.0,1.0,0.676,2,10,1.0,0.0
synthetic,0.4,900368,anime,0.3,0.4,0.75,1.0,1.0,0.6542,2,10,1.0,0.0
synthetic,0.5,900368,anime,0.2,0.4,0.5,1.0,1.0,0.5414,2,10,1.0,0.0
synthetic,0.0,900369,hollywood,0.0,0.7,0.0,0.0,0.0,0.0,1,10,1.0,0.0
synthetic,0.05,900369,hollywood,0.0,0.7,0.0,0.0,0.0,0.0,1,10,1.0,0.0
synthetic,0.1,900369,hollywood,0.0,0.7,0.0,0.0,0.0,0.0,1,10,1.0,0.0
synthetic,0.15,900369,hollywood,0.0,0.7,0.0,0.0,0.0,0.0,1,10,1.0,0.0
synthetic,0.2,900369,hollywood,0.0,0.7,0.0,0.0,0.0,0.0,1,10,1.0,0.0
synthetic,0.3,900369,hollywood,0.0,0.7,0.0,0.0,0.0,0.0,1,10,1.0,0.0
synthetic,0.4,900369,hollywood,0.0,0.7,0.0,0.0,0.0,0.0,1,10,1.0,0.0
synthetic,0.5,900369,hollywood,0.0,0.7,0.0,0.0,0.0,0.0,1,10,1.0,0.0
synthetic,0.0,900370,hollywood,0.0,0.4,0.0,0.0,0.0,0.0,3,9,0.8,0.2
synthetic,0.05,900370,hollywood,0.0,0.4,0.0,0.0,0.0,0.0,1,8,1.0,0.0
synthetic,0.1,900370,hollywood,0.0,0.4,0.0,0.0,0.0,0.0,1,8,1.0,0.0
synthetic,0.15,900370,hollywood,0.0,0.4,0.0,0.0,0.0,0.0,1,8,1.0,0.0
synthetic,0.2,900370,hollywood,0.0,0.4,0.0,0.0,0.0,0.0,1,8,1.0,0.0
synthetic,0.3,900370,hollywood,0.0,0.4,0.0,0.0,0.0,0.0,1,8,1.0,0.0
synthetic,0.4,900370,hollywood,0.0,0.4,0.0,0.0,0.0,0.0,1,8,1.0,0.0
synthetic,0.5,900370,hollywood,0.0,0.4,0.0,0.0,0.0,0.0,1,8,1.0,0.0
synthetic,0.0,900371,bollywood,0.1,0.4,0.25,1.0,0.2,0.151,1,9,1.0,0.0
synthetic,0.05,900371,bollywood,0.1,0.4,0.25,1.0,0.2,0.151,1,9,1.0,0.0
synthetic,0.1,900371,bollywood,0.1,0.4,0.25,1.0,0.2,0.151,1,9,1.0,0.0
synthetic,0.15,900371,bollywood,0.1,0.4,0.25,1.0,0.2,0.151,1,9,1.0,0.0
synthetic,0.2,900371,bollywood,0.1,0.4,0.25,1.0,0.2,0.151,1,9,1.0,0.0
synthetic,0.3,900371,bollywood,0.1,0.4,0.25,1.0,0.25,0.1681,1,9,1.0,0.0
synthetic,0.4,900371,bollywood,0.1,0.4,0.25,1.0,0.25,0.1681,1,8,1.0,0.0
synthetic,0.5,900371,bollywood,0.1,0.4,0.25,1.0,0.25,0.1681,1,8,1.0,0.0
synthetic,0.0,900372,korean,0.2,0.3,0.6667,1.0,0.3333,0.3759,3,7,0.9,0.1
synthetic,0.05,900372,korean,0.2,0.3,0.6667,1.0,0.3333,0.3911,3,7,0.9,0.1
synthetic,0.1,900372,korean,0.2,0.3,0.6667,1.0,0.5,0.4776,3,7,0.9,0.1
synthetic,0.15,900372,korean,0.2,0.3,0.6667,1.0,1.0,0.7039,3,7,0.9,0.1
synthetic,0.2,900372,korean,0.2,0.3,0.6667,1.0,1.0,0.6714,2,7,1.0,0.0
synthetic,0.3,900372,korean,0.2,0.3,0.6667,1.0,1.0,0.6714,2,8,1.0,0.0
synthetic,0.4,900372,korean,0.2,0.3,0.6667,1.0,1.0,0.6049,2,7,1.0,0.0
synthetic,0.5,900372,korean,0.2,0.3,0.6667,1.0,1.0,0.6049,1,6,1.0,0.0
synthetic,0.0,900373,anime,0.2,0.6,0.3333,1.0,1.0,0.4935,3,10,0.9,0.1
synthetic,0.05,900373,anime,0.2,0.6,0.3333,1.0,1.0,0.4935,2,10,1.0,0.0
synthetic,0.1,900373,anime,0.2,0.6,0.3333,1.0,1.0,0.4935,2,10,1.0,0.0
synthetic,0.15,900373,anime,0.2,0.6,0.3333,1.0,1.0,0.4935,2,10,1.0,0.0
synthetic,0.2,900373,anime,0.2,0.6,0.3333,1.0,1.0,0.4935,2,10,1.0,0.0
synthetic,0.3,900373,anime,0.2,0.6,0.3333,1.0,1.0,0.4935,1,11,1.0,0.0
synthetic,0.4,900373,anime,0.2,0.6,0.3333,1.0,1.0,0.4935,1,11,1.0,0.0
synthetic,0.5,900373,anime,0.2,0.6,0.3333,1.0,1.0,0.4935,1,12,1.0,0.0
synthetic,0.0,900374,hollywood,0.0,0.4,0.0,0.0,0.0,0.0,1,9,1.0,0.0
synthetic,0.05,900374,hollywood,0.0,0.4,0.0,0.0,0.0,0.0,1,9,1.0,0.0
synthetic,0.1,900374,hollywood,0.0,0.4,0.0,0.0,0.0,0.0,1,9,1.0,0.0
synthetic,0.15,900374,hollywood,0.0,0.4,0.0,0.0,0.0,0.0,1,9,1.0,0.0
synthetic,0.2,900374,hollywood,0.0,0.4,0.0,0.0,0.0,0.0,1,9,1.0,0.0
synthetic,0.3,900374,hollywood,0.0,0.4,0.0,0.0,0.0,0.0,1,8,1.0,0.0
synthetic,0.4,900374,hollywood,0.0,0.4,0.0,0.0,0.0,0.0,1,9,1.0,0.0
synthetic,0.5,900374,hollywood,0.0,0.4,0.0,0.0,0.0,0.0,1,9,1.0,0.0
synthetic,0.0,900375,hollywood,0.0,0.6,0.0,0.0,0.0,0.0,2,9,0.9,0.1
synthetic,0.05,900375,hollywood,0.0,0.6,0.0,0.0,0.0,0.0,1,9,1.0,0.0
synthetic,0.1,900375,hollywood,0.0,0.6,0.0,0.0,0.0,0.0,1,9,1.0,0.0
synthetic,0.15,900375,hollywood,0.0,0.6,0.0,0.0,0.0,0.0,1,9,1.0,0.0
synthetic,0.2,900375,hollywood,0.0,0.6,0.0,0.0,0.0,0.0,1,9,1.0,0.0
synthetic,0.3,900375,hollywood,0.0,0.6,0.0,0.0,0.0,0.0,1,9,1.0,0.0
synthetic,0.4,900375,hollywood,0.0,0.6,0.0,0.0,0.0,0.0,1,9,1.0,0.0
synthetic,0.5,900375,hollywood,0.0,0.6,0.0,0.0,0.0,0.0,1,10,1.0,0.0
synthetic,0.0,900376,anime,0.0,0.4,0.0,0.0,0.0,0.0,2,10,1.0,0.0
synthetic,0.05,900376,anime,0.0,0.4,0.0,0.0,0.0,0.0,2,10,1.0,0.0
synthetic,0.1,900376,anime,0.0,0.4,0.0,0.0,0.0,0.0,2,10,1.0,0.0
synthetic,0.15,900376,anime,0.0,0.4,0.0,0.0,0.0,0.0,2,10,1.0,0.0
synthetic,0.2,900376,anime,0.0,0.4,0.0,0.0,0.0,0.0,2,10,1.0,0.0
synthetic,0.3,900376,anime,0.0,0.4,0.0,0.0,0.0,0.0,2,10,1.0,0.0
synthetic,0.4,900376,anime,0.0,0.4,0.0,0.0,0.0,0.0,2,11,1.0,0.0
synthetic,0.5,900376,anime,0.0,0.4,0.0,0.0,0.0,0.0,2,11,1.0,0.0
synthetic,0.0,900377,hollywood,0.0,0.8,0.0,0.0,0.0,0.0,1,9,0.9,0.1
synthetic,0.05,900377,hollywood,0.1,0.8,0.125,1.0,0.1,0.0731,1,7,1.0,0.0
synthetic,0.1,900377,hollywood,0.0,0.8,0.0,0.0,0.0,0.0,1,7,1.0,0.0
synthetic,0.15,900377,hollywood,0.0,0.8,0.0,0.0,0.0,0.0,1,7,1.0,0.0
synthetic,0.2,900377,hollywood,0.0,0.8,0.0,0.0,0.0,0.0,1,7,1.0,0.0
synthetic,0.3,900377,hollywood,0.0,0.8,0.0,0.0,0.0,0.0,1,7,1.0,0.0
synthetic,0.4,900377,hollywood,0.0,0.8,0.0,0.0,0.0,0.0,1,7,1.0,0.0
synthetic,0.5,900377,hollywood,0.0,0.8,0.0,0.0,0.0,0.0,1,7,1.0,0.0
synthetic,0.0,900378,korean,0.0,0.5,0.0,0.0,0.0,0.0,3,4,0.8,0.2
synthetic,0.05,900378,korean,0.0,0.5,0.0,0.0,0.0,0.0,3,4,0.8,0.2
synthetic,0.1,900378,korean,0.0,0.5,0.0,0.0,0.0,0.0,3,4,0.8,0.2
synthetic,0.15,900378,korean,0.0,0.5,0.0,0.0,0.0,0.0,3,4,0.9,0.1
synthetic,0.2,900378,korean,0.0,0.5,0.0,0.0,0.0,0.0,2,4,1.0,0.0
synthetic,0.3,900378,korean,0.0,0.5,0.0,0.0,0.0,0.0,2,5,1.0,0.0
synthetic,0.4,900378,korean,0.1,0.5,0.2,1.0,0.1429,0.1131,2,7,1.0,0.0
synthetic,0.5,900378,korean,0.2,0.5,0.4,1.0,0.1667,0.2339,2,8,1.0,0.0
synthetic,0.0,900379,anime,0.2,0.5,0.4,1.0,0.25,0.2482,2,9,1.0,0.0
synthetic,0.05,900379,anime,0.1,0.5,0.2,1.0,0.25,0.1461,2,9,1.0,0.0
synthetic,0.1,900379,anime,0.1,0.5,0.2,1.0,0.25,0.1461,2,9,1.0,0.0
synthetic,0.15,900379,anime,0.1,0.5,0.2,1.0,0.25,0.1461,2,11,1.0,0.0
synthetic,0.2,900379,anime,0.1,0.5,0.2,1.0,0.25,0.1461,2,11,1.0,0.0
synthetic,0.3,900379,anime,0.1,0.5,0.2,1.0,0.25,0.1461,2,11,1.0,0.0
synthetic,0.4,900379,anime,0.1,0.5,0.2,1.0,0.25,0.1461,2,11,1.0,0.0
synthetic,0.5,900379,anime,0.1,0.5,0.2,1.0,0.25,0.1461,2,11,1.0,0.0
synthetic,0.0,900380,anime,0.1,0.2,0.5,1.0,0.3333,0.3066,3,7,0.9,0.1
synthetic,0.05,900380,anime,0.1,0.2,0.5,1.0,0.3333,0.3066,3,7,0.9,0.1
synthetic,0.1,900380,anime,0.1,0.2,0.5,1.0,0.3333,0.3066,2,10,1.0,0.0
synthetic,0.15,900380,anime,0.1,0.2,0.5,1.0,0.3333,0.3066,2,11,1.0,0.0
synthetic,0.2,900380,anime,0.1,0.2,0.5,1.0,0.5,0.3869,2,11,1.0,0.0
synthetic,0.3,900380,anime,0.1,0.2,0.5,1.0,0.3333,0.3066,2,11,1.0,0.0
synthetic,0.4,900380,anime,0.1,0.2,0.5,1.0,0.5,0.3869,2,11,1.0,0.0
synthetic,0.5,900380,anime,0.2,0.2,1.0,1.0,0.5,0.5714,2,10,1.0,0.0
synthetic,0.0,900381,bollywood,0.1,0.3,0.3333,1.0,0.3333,0.2346,1,7,1.0,0.0
synthetic,0.05,900381,bollywood,0.1,0.3,0.3333,1.0,0.3333,0.2346,1,7,1.0,0.0
synthetic,0.1,900381,bollywood,0.1,0.3,0.3333,1.0,0.3333,0.2346,1,7,1.0,0.0
synthetic,0.15,900381,bollywood,0.1,0.3,0.3333,1.0,0.3333,0.2346,1,7,1.0,0.0
synthetic,0.2,900381,bollywood,0.1,0.3,0.3333,1.0,0.3333,0.2346,1,7,1.0,0.0
synthetic,0.3,900381,bollywood,0.1,0.3,0.3333,1.0,0.3333,0.2346,1,7,1.0,0.0
synthetic,0.4,900381,bollywood,0.1,0.3,0.3333,1.0,0.3333,0.2346,2,9,1.0,0.0
synthetic,0.5,900381,bollywood,0.1,0.3,0.3333,1.0,0.3333,0.2346,2,10,1.0,0.0
synthetic,0.0,900382,korean,0.0,0.4,0.0,0.0,0.0,0.0,4,10,0.6,0.4
synthetic,0.05,900382,korean,0.0,0.4,0.0,0.0,0.0,0.0,3,9,0.9,0.1
synthetic,0.1,900382,korean,0.0,0.4,0.0,0.0,0.0,0.0,2,8,1.0,0.0
synthetic,0.15,900382,korean,0.0,0.4,0.0,0.0,0.0,0.0,2,8,1.0,0.0
synthetic,0.2,900382,korean,0.0,0.4,0.0,0.0,0.0,0.0,2,8,1.0,0.0
synthetic,0.3,900382,korean,0.1,0.4,0.25,1.0,0.1667,0.1391,2,8,1.0,0.0
synthetic,0.4,900382,korean,0.1,0.4,0.25,1.0,0.2,0.151,2,6,1.0,0.0
synthetic,0.5,900382,korean,0.1,0.4,0.25,1.0,0.2,0.151,1,6,1.0,0.0
synthetic,0.0,900383,bollywood,0.1,0.5,0.2,1.0,0.5,0.214,1,11,0.8,0.2
synthetic,0.05,900383,bollywood,0.1,0.5,0.2,1.0,0.5,0.214,1,10,1.0,0.0
synthetic,0.1,900383,bollywood,0.1,0.5,0.2,1.0,0.5,0.214,1,10,1.0,0.0
synthetic,0.15,900383,bollywood,0.1,0.5,0.2,1.0,0.5,0.214,1,10,1.0,0.0
synthetic,0.2,900383,bollywood,0.1,0.5,0.2,1.0,0.5,0.214,1,10,1.0,0.0
synthetic,0.3,900383,bollywood,0.1,0.5,0.2,1.0,0.5,0.214,1,11,1.0,0.0
synthetic,0.4,900383,bollywood,0.1,0.5,0.2,1.0,0.5,0.214,2,11,1.0,0.0
synthetic,0.5,900383,bollywood,0.2,0.5,0.4,1.0,0.5,0.327,2,11,1.0,0.0
synthetic,0.0,900384,mixed,0.0,0.6,0.0,0.0,0.0,0.0,5,10,0.5,0.5
synthetic,0.05,900384,mixed,0.0,0.6,0.0,0.0,0.0,0.0,5,10,0.6,0.4
synthetic,0.1,900384,mixed,0.0,0.6,0.0,0.0,0.0,0.0,3,12,0.8,0.2
synthetic,0.15,900384,mixed,0.0,0.6,0.0,0.0,0.0,0.0,1,13,1.0,0.0
synthetic,0.2,900384,mixed,0.0,0.6,0.0,0.0,0.0,0.0,1,13,1.0,0.0
synthetic,0.3,900384,mixed,0.0,0.6,0.0,0.0,0.0,0.0,1,13,1.0,0.0
synthetic,0.4,900384,mixed,0.0,0.6,0.0,0.0,0.0,0.0,1,13,1.0,0.0
synthetic,0.5,900384,mixed,0.0,0.6,0.0,0.0,0.0,0.0,1,13,1.0,0.0
synthetic,0.0,900385,anime,0.1,0.3,0.3333,1.0,1.0,0.4693,2,11,0.9,0.1
synthetic,0.05,900385,anime,0.1,0.3,0.3333,1.0,1.0,0.4693,2,11,0.9,0.1
synthetic,0.1,900385,anime,0.1,0.3,0.3333,1.0,1.0,0.4693,2,11,0.9,0.1
synthetic,0.15,900385,anime,0.2,0.3,0.6667,1.0,1.0,0.6049,2,11,1.0,0.0
synthetic,0.2,900385,anime,0.2,0.3,0.6667,1.0,1.0,0.6105,2,11,1.0,0.0
synthetic,0.3,900385,anime,0.2,0.3,0.6667,1.0,1.0,0.6105,1,10,1.0,0.0
synthetic,0.4,900385,anime,0.1,0.3,0.3333,1.0,1.0,0.4693,1,10,1.0,0.0
synthetic,0.5,900385,anime,0.1,0.3,0.3333,1.0,1.0,0.4693,1,10,1.0,0.0
synthetic,0.0,900386,mixed,0.1,0.4,0.25,1.0,0.5,0.2463,5,10,0.5,0.5
synthetic,0.05,900386,mixed,0.1,0.4,0.25,1.0,0.5,0.2463,4,12,0.6,0.4
synthetic,0.1,900386,mixed,0.1,0.4,0.25,1.0,0.5,0.2463,2,12,0.9,0.1
synthetic,0.15,900386,mixed,0.1,0.4,0.25,1.0,0.5,0.2463,1,12,1.0,0.0
synthetic,0.2,900386,mixed,0.1,0.4,0.25,1.0,0.5,0.2463,1,12,1.0,0.0
synthetic,0.3,900386,mixed,0.1,0.4,0.25,1.0,0.5,0.2463,1,12,1.0,0.0
synthetic,0.4,900386,mixed,0.1,0.4,0.25,1.0,0.5,0.2463,1,12,1.0,0.0
synthetic,0.5,900386,mixed,0.1,0.4,0.25,1.0,0.5,0.2463,1,9,1.0,0.0
synthetic,0.0,900387,anime,0.0,0.3,0.0,0.0,0.0,0.0,2,12,1.0,0.0
synthetic,0.05,900387,anime,0.0,0.3,0.0,0.0,0.0,0.0,2,12,1.0,0.0
synthetic,0.1,900387,anime,0.0,0.3,0.0,0.0,0.0,0.0,2,12,1.0,0.0
synthetic,0.15,900387,anime,0.0,0.3,0.0,0.0,0.0,0.0,2,12,1.0,0.0
synthetic,0.2,900387,anime,0.0,0.3,0.0,0.0,0.0,0.0,2,12,1.0,0.0
synthetic,0.3,900387,anime,0.0,0.3,0.0,0.0,0.0,0.0,2,12,1.0,0.0
synthetic,0.4,900387,anime,0.0,0.3,0.0,0.0,0.0,0.0,2,13,1.0,0.0
synthetic,0.5,900387,anime,0.0,0.3,0.0,0.0,0.0,0.0,2,13,1.0,0.0
synthetic,0.0,900388,hollywood,0.2,0.7,0.2857,1.0,0.5,0.2798,2,7,0.8,0.2
synthetic,0.05,900388,hollywood,0.2,0.7,0.2857,1.0,1.0,0.3812,2,6,0.9,0.1
synthetic,0.1,900388,hollywood,0.2,0.7,0.2857,1.0,1.0,0.3933,2,6,0.9,0.1
synthetic,0.15,900388,hollywood,0.2,0.7,0.2857,1.0,1.0,0.3933,2,6,0.9,0.1
synthetic,0.2,900388,hollywood,0.2,0.7,0.2857,1.0,1.0,0.3933,1,6,1.0,0.0
synthetic,0.3,900388,hollywood,0.2,0.7,0.2857,1.0,1.0,0.3933,1,6,1.0,0.0
synthetic,0.4,900388,hollywood,0.2,0.7,0.2857,1.0,1.0,0.3933,1,6,1.0,0.0
synthetic,0.5,900388,hollywood,0.2,0.7,0.2857,1.0,1.0,0.3933,1,6,1.0,0.0
synthetic,0.0,900389,korean,0.1,0.4,0.25,1.0,0.2,0.151,3,8,0.9,0.1
synthetic,0.05,900389,korean,0.1,0.4,0.25,1.0,0.2,0.151,2,8,1.0,0.0
synthetic,0.1,900389,korean,0.1,0.4,0.25,1.0,0.2,0.151,2,8,1.0,0.0
synthetic,0.15,900389,korean,0.1,0.4,0.25,1.0,0.2,0.151,2,8,1.0,0.0
synthetic,0.2,900389,korean,0.1,0.4,0.25,1.0,0.2,0.151,2,8,1.0,0.0
synthetic,0.3,900389,korean,0.1,0.4,0.25,1.0,0.2,0.151,2,9,1.0,0.0
synthetic,0.4,900389,korean,0.1,0.4,0.25,1.0,0.1667,0.1391,2,11,1.0,0.0
synthetic,0.5,900389,korean,0.0,0.4,0.0,0.0,0.0,0.0,2,9,1.0,0.0
synthetic,0.0,900390,hollywood,0.0,0.7,0.0,0.0,0.0,0.0,1,8,1.0,0.0
synthetic,0.05,900390,hollywood,0.0,0.7,0.0,0.0,0.0,0.0,1,8,1.0,0.0
synthetic,0.1,900390,hollywood,0.0,0.7,0.0,0.0,0.0,0.0,1,8,1.0,0.0
synthetic,0.15,900390,hollywood,0.0,0.7,0.0,0.0,0.0,0.0,1,8,1.0,0.0
synthetic,0.2,900390,hollywood,0.0,0.7,0.0,0.0,0.0,0.0,1,8,1.0,0.0
synthetic,0.3,900390,hollywood,0.0,0.7,0.0,0.0,0.0,0.0,1,8,1.0,0.0
synthetic,0.4,900390,hollywood,0.0,0.7,0.0,0.0,0.0,0.0,1,8,1.0,0.0
synthetic,0.5,900390,hollywood,0.0,0.7,0.0,0.0,0.0,0.0,1,9,1.0,0.0
synthetic,0.0,900391,hollywood,0.2,0.4,0.5,1.0,0.2,0.2685,1,7,1.0,0.0
synthetic,0.05,900391,hollywood,0.2,0.4,0.5,1.0,0.25,0.2856,1,8,1.0,0.0
synthetic,0.1,900391,hollywood,0.2,0.4,0.5,1.0,0.25,0.281,1,8,1.0,0.0
synthetic,0.15,900391,hollywood,0.2,0.4,0.5,1.0,0.25,0.281,1,8,1.0,0.0
synthetic,0.2,900391,hollywood,0.2,0.4,0.5,1.0,0.25,0.281,1,8,1.0,0.0
synthetic,0.3,900391,hollywood,0.1,0.4,0.25,1.0,0.25,0.1681,1,7,1.0,0.0
synthetic,0.4,900391,hollywood,0.1,0.4,0.25,1.0,0.25,0.1681,1,7,1.0,0.0
synthetic,0.5,900391,hollywood,0.1,0.4,0.25,1.0,0.3333,0.1952,1,7,1.0,0.0
synthetic,0.0,900392,bollywood,0.0,0.3,0.0,0.0,0.0,0.0,1,8,1.0,0.0
synthetic,0.05,900392,bollywood,0.0,0.3,0.0,0.0,0.0,0.0,1,8,1.0,0.0
synthetic,0.1,900392,bollywood,0.0,0.3,0.0,0.0,0.0,0.0,1,8,1.0,0.0
synthetic,0.15,900392,bollywood,0.0,0.3,0.0,0.0,0.0,0.0,1,8,1.0,0.0
synthetic,0.2,900392,bollywood,0.0,0.3,0.0,0.0,0.0,0.0,1,8,1.0,0.0
synthetic,0.3,900392,bollywood,0.0,0.3,0.0,0.0,0.0,0.0,1,8,1.0,0.0
synthetic,0.4,900392,bollywood,0.0,0.3,0.0,0.0,0.0,0.0,2,9,1.0,0.0
synthetic,0.5,900392,bollywood,0.0,0.3,0.0,0.0,0.0,0.0,2,10,1.0,0.0
synthetic,0.0,900393,hollywood,0.0,0.7,0.0,0.0,0.0,0.0,1,8,1.0,0.0
synthetic,0.05,900393,hollywood,0.0,0.7,0.0,0.0,0.0,0.0,1,8,1.0,0.0
synthetic,0.1,900393,hollywood,0.0,0.7,0.0,0.0,0.0,0.0,1,8,1.0,0.0
synthetic,0.15,900393,hollywood,0.0,0.7,0.0,0.0,0.0,0.0,1,8,1.0,0.0
synthetic,0.2,900393,hollywood,0.0,0.7,0.0,0.0,0.0,0.0,1,8,1.0,0.0
synthetic,0.3,900393,hollywood,0.0,0.7,0.0,0.0,0.0,0.0,1,8,1.0,0.0
synthetic,0.4,900393,hollywood,0.0,0.7,0.0,0.0,0.0,0.0,1,8,1.0,0.0
synthetic,0.5,900393,hollywood,0.0,0.7,0.0,0.0,0.0,0.0,1,8,1.0,0.0
synthetic,0.0,900394,anime,0.0,0.3,0.0,0.0,0.0,0.0,2,11,1.0,0.0
synthetic,0.05,900394,anime,0.0,0.3,0.0,0.0,0.0,0.0,2,11,1.0,0.0
synthetic,0.1,900394,anime,0.0,0.3,0.0,0.0,0.0,0.0,2,11,1.0,0.0
synthetic,0.15,900394,anime,0.0,0.3,0.0,0.0,0.0,0.0,2,11,1.0,0.0
synthetic,0.2,900394,anime,0.0,0.3,0.0,0.0,0.0,0.0,2,10,1.0,0.0
synthetic,0.3,900394,anime,0.0,0.3,0.0,0.0,0.0,0.0,2,10,1.0,0.0
synthetic,0.4,900394,anime,0.0,0.3,0.0,0.0,0.0,0.0,2,11,1.0,0.0
synthetic,0.5,900394,anime,0.0,0.3,0.0,0.0,0.0,0.0,2,11,1.0,0.0
synthetic,0.0,900395,bollywood,0.1,0.9,0.1111,1.0,0.1,0.0679,1,8,1.0,0.0
synthetic,0.05,900395,bollywood,0.1,0.9,0.1111,1.0,0.1,0.0679,1,8,1.0,0.0
synthetic,0.1,900395,bollywood,0.1,0.9,0.1111,1.0,0.1,0.0679,1,8,1.0,0.0
synthetic,0.15,900395,bollywood,0.1,0.9,0.1111,1.0,0.1,0.0679,1,8,1.0,0.0
synthetic,0.2,900395,bollywood,0.1,0.9,0.1111,1.0,0.1,0.0679,1,8,1.0,0.0
synthetic,0.3,900395,bollywood,0.1,0.9,0.1111,1.0,0.1,0.0679,1,8,1.0,0.0
synthetic,0.4,900395,bollywood,0.1,0.9,0.1111,1.0,0.1,0.0679,1,8,1.0,0.0
synthetic,0.5,900395,bollywood,0.0,0.9,0.0,0.0,0.0,0.0,2,10,1.0,0.0
synthetic,0.0,900396,korean,0.0,0.2,0.0,0.0,0.0,0.0,8,9,0.4,0.6
synthetic,0.05,900396,korean,0.0,0.2,0.0,0.0,0.0,0.0,6,5,0.6,0.4
synthetic,0.1,900396,korean,0.0,0.2,0.0,0.0,0.0,0.0,5,5,0.7,0.3
synthetic,0.15,900396,korean,0.0,0.2,0.0,0.0,0.0,0.0,4,5,0.8,0.2
synthetic,0.2,900396,korean,0.0,0.2,0.0,0.0,0.0,0.0,3,5,0.9,0.1
synthetic,0.3,900396,korean,0.0,0.2,0.0,0.0,0.0,0.0,2,6,1.0,0.0
synthetic,0.4,900396,korean,0.0,0.2,0.0,0.0,0.0,0.0,2,8,1.0,0.0
synthetic,0.5,900396,korean,0.0,0.2,0.0,0.0,0.0,0.0,1,7,1.0,0.0
synthetic,0.0,900397,anime,0.4,0.8,0.5,1.0,0.3333,0.3555,2,10,1.0,0.0
synthetic,0.05,900397,anime,0.4,0.8,0.5,1.0,0.5,0.3932,2,10,1.0,0.0
synthetic,0.1,900397,anime,0.4,0.8,0.5,1.0,0.5,0.4134,2,10,1.0,0.0
synthetic,0.15,900397,anime,0.4,0.8,0.5,1.0,1.0,0.5178,2,10,1.0,0.0
synthetic,0.2,900397,anime,0.4,0.8,0.5,1.0,1.0,0.5193,2,10,1.0,0.0
synthetic,0.3,900397,anime,0.4,0.8,0.5,1.0,1.0,0.5615,2,10,1.0,0.0
synthetic,0.4,900397,anime,0.4,0.8,0.5,1.0,1.0,0.6151,2,10,1.0,0.0
synthetic,0.5,900397,anime,0.5,0.8,0.625,1.0,1.0,0.6949,1,10,1.0,0.0
synthetic,0.0,900398,bollywood,0.0,0.2,0.0,0.0,0.0,0.0,2,7,0.9,0.1
synthetic,0.05,900398,bollywood,0.0,0.2,0.0,0.0,0.0,0.0,2,7,0.9,0.1
synthetic,0.1,900398,bollywood,0.0,0.2,0.0,0.0,0.0,0.0,2,7,0.9,0.1
synthetic,0.15,900398,bollywood,0.0,0.2,0.0,0.0,0.0,0.0,1,7,1.0,0.0
synthetic,0.2,900398,bollywood,0.0,0.2,0.0,0.0,0.0,0.0,1,7,1.0,0.0
synthetic,0.3,900398,bollywood,0.0,0.2,0.0,0.0,0.0,0.0,1,7,1.0,0.0
synthetic,0.4,900398,bollywood,0.0,0.2,0.0,0.0,0.0,0.0,2,8,1.0,0.0
synthetic,0.5,900398,bollywood,0.0,0.2,0.0,0.0,0.0,0.0,2,9,1.0,0.0
synthetic,0.0,900399,bollywood,0.1,0.5,0.2,1.0,0.2,0.1312,1,9,1.0,0.0
synthetic,0.05,900399,bollywood,0.1,0.5,0.2,1.0,0.2,0.1312,1,9,1.0,0.0
synthetic,0.1,900399,bollywood,0.1,0.5,0.2,1.0,0.2,0.1312,1,9,1.0,0.0
synthetic,0.15,900399,bollywood,0.1,0.5,0.2,1.0,0.2,0.1312,1,10,1.0,0.0
synthetic,0.2,900399,bollywood,0.1,0.5,0.2,1.0,0.2,0.1312,1,10,1.0,0.0
synthetic,0.3,900399,bollywood,0.1,0.5,0.2,1.0,0.2,0.1312,1,10,1.0,0.0
synthetic,0.4,900399,bollywood,0.1,0.5,0.2,1.0,0.2,0.1312,1,10,1.0,0.0
synthetic,0.5,900399,bollywood,0.1,0.5,0.2,1.0,0.2,0.1312,2,10,1.0,0.0
